Bandpower + PCA + KNN,54.97838625869924%, 12/19,L,[0],"freq bands 4-8,8-13,13-30, k=19, n_components=3"
Bandpower + PCA + KNN,54.503074072602985%, 11/19,L,[1],"freq bands 4-8,8-13,13-30, k=19, n_components=3"
Bandpower + PCA + KNN,49.05425660612018%, 8/19,L,[2],"freq bands 4-8,8-13,13-30, k=19, n_components=3"
Bandpower + PCA + KNN,48.150836505135445%, 9/19,L,[3],"freq bands 4-8,8-13,13-30, k=19, n_components=3"
Bandpower + PCA + KNN,47.04379110448992%, 9/19,L,[4],"freq bands 4-8,8-13,13-30, k=19, n_components=3"
Bandpower + PCA + KNN,46.12758199448043%, 10/19,L,[5],"freq bands 4-8,8-13,13-30, k=19, n_components=3"
Bandpower + PCA + KNN,46.85773558649346%, 10/19,L,[6],"freq bands 4-8,8-13,13-30, k=19, n_components=3"
Bandpower + PCA + KNN,44.202672689600796%, 8/19,L,[7],"freq bands 4-8,8-13,13-30, k=19, n_components=3"
Bandpower + PCA + KNN,46.826685391950015%, 9/19,L,[8],"freq bands 4-8,8-13,13-30, k=19, n_components=3"
Bandpower + PCA + KNN,47.59447352593272%, 9/19,L,[9],"freq bands 4-8,8-13,13-30, k=19, n_components=3"
Bandpower + PCA + KNN,45.55072192253668%, 10/19,L,[10],"freq bands 4-8,8-13,13-30, k=19, n_components=3"
Bandpower + PCA + KNN,46.7226745979388%, 7/19,L,[11],"freq bands 4-8,8-13,13-30, k=19, n_components=3"
Bandpower + PCA + KNN,47.330832209823086%, 10/19,L,[12],"freq bands 4-8,8-13,13-30, k=19, n_components=3"
Bandpower + PCA + KNN,43.8861117993782%, 9/19,L,[13],"freq bands 4-8,8-13,13-30, k=19, n_components=3"
Bandpower + PCA + KNN,45.85025598211214%, 10/19,L,[14],"freq bands 4-8,8-13,13-30, k=19, n_components=3"
Bandpower + PCA + KNN,47.84433514145018%, 10/19,L,[15],"freq bands 4-8,8-13,13-30, k=19, n_components=3"
Bandpower + PCA + KNN,47.26765794403384%, 9/19,L,[16],"freq bands 4-8,8-13,13-30, k=19, n_components=3"
Bandpower + PCA + KNN,44.018187736620604%, 9/19,L,[17],"freq bands 4-8,8-13,13-30, k=19, n_components=3"
Bandpower + PCA + KNN,45.69948754789233%, 10/19,L,[18],"freq bands 4-8,8-13,13-30, k=19, n_components=3"
Bandpower + PCA + KNN,43.537108445060085%, 10/19,L,[19],"freq bands 4-8,8-13,13-30, k=19, n_components=3"
Bandpower + PCA + KNN,47.37768599499943%, 10/19,L,[20],"freq bands 4-8,8-13,13-30, k=19, n_components=3"
Bandpower + PCA + KNN,47.66973075142178%, 9/19,L,[21],"freq bands 4-8,8-13,13-30, k=19, n_components=3"
Bandpower + PCA + KNN,46.60346042579926%, 10/19,L,[22],"freq bands 4-8,8-13,13-30, k=19, n_components=3"
Bandpower + PCA + KNN,38.39515892450217%, 5/19,L,[23],"freq bands 4-8,8-13,13-30, k=19, n_components=3"
Bandpower + PCA + KNN,46.94878002791027%, 9/19,L,[24],"freq bands 4-8,8-13,13-30, k=19, n_components=3"
Bandpower + PCA + KNN,40.41346020781505%, 6/19,L,[25],"freq bands 4-8,8-13,13-30, k=19, n_components=3"
Bandpower + PCA + KNN,48.17290480760866%, 10/19,L,[26],"freq bands 4-8,8-13,13-30, k=19, n_components=3"
Bandpower + PCA + KNN,39.13987152657234%, 7/19,L,[27],"freq bands 4-8,8-13,13-30, k=19, n_components=3"
Bandpower + PCA + KNN,42.10528012508403%, 10/19,L,[28],"freq bands 4-8,8-13,13-30, k=19, n_components=3"
Bandpower + PCA + KNN,38.602548505782686%, 8/19,L,[29],"freq bands 4-8,8-13,13-30, k=19, n_components=3"
Bandpower + PCA + KNN,45.244867025378205%, 10/19,L,[30],"freq bands 4-8,8-13,13-30, k=19, n_components=3"
Bandpower + PCA + KNN,43.065207150398315%, 8/19,L,[31],"freq bands 4-8,8-13,13-30, k=19, n_components=3"
Bandpower + PCA + KNN,45.51057141562861%, 10/19,L,[32],"freq bands 4-8,8-13,13-30, k=19, n_components=3"
Bandpower + PCA + KNN,47.220390459009685%, 9/19,L,[33],"freq bands 4-8,8-13,13-30, k=19, n_components=3"
Bandpower + PCA + KNN,44.77321163271945%, 10/19,L,[34],"freq bands 4-8,8-13,13-30, k=19, n_components=3"
Bandpower + PCA + KNN,45.06407230813863%, 10/19,L,[35],"freq bands 4-8,8-13,13-30, k=19, n_components=3"
Bandpower + PCA + KNN,48.07382510312501%, 10/19,L,[36],"freq bands 4-8,8-13,13-30, k=19, n_components=3"
Bandpower + PCA + KNN,47.60999652115778%, 10/19,L,[37],"freq bands 4-8,8-13,13-30, k=19, n_components=3"
Bandpower + PCA + KNN,47.32148230670621%, 10/19,L,[38],"freq bands 4-8,8-13,13-30, k=19, n_components=3"
Bandpower + PCA + KNN,45.43811145644055%, 10/19,L,[39],"freq bands 4-8,8-13,13-30, k=19, n_components=3"
Bandpower + PCA + KNN,45.56468912811281%, 10/19,L,[40],"freq bands 4-8,8-13,13-30, k=19, n_components=3"
Bandpower + PCA + KNN,40.267619853303145%, 9/19,L,[41],"freq bands 4-8,8-13,13-30, k=19, n_components=3"
Bandpower + PCA + KNN,43.866709554353754%, 10/19,L,[42],"freq bands 4-8,8-13,13-30, k=19, n_components=3"
Bandpower + PCA + KNN,42.69752315532176%, 8/19,L,[43],"freq bands 4-8,8-13,13-30, k=19, n_components=3"
Bandpower + PCA + KNN,41.085404167750255%, 10/19,L,[44],"freq bands 4-8,8-13,13-30, k=19, n_components=3"
Bandpower + PCA + KNN,40.370226181487205%, 9/19,L,[45],"freq bands 4-8,8-13,13-30, k=19, n_components=3"
Bandpower + PCA + KNN,45.0851170632022%, 10/19,L,[46],"freq bands 4-8,8-13,13-30, k=19, n_components=3"
Bandpower + PCA + KNN,43.16098048200994%, 9/19,L,[47],"freq bands 4-8,8-13,13-30, k=19, n_components=3"
Bandpower + PCA + KNN,46.489935083898345%, 10/19,L,[48],"freq bands 4-8,8-13,13-30, k=19, n_components=3"
Bandpower + PCA + KNN,44.43727027438449%, 10/19,L,[49],"freq bands 4-8,8-13,13-30, k=19, n_components=3"
Bandpower + PCA + KNN,46.07839454857956%, 10/19,L,[50],"freq bands 4-8,8-13,13-30, k=19, n_components=3"
Bandpower + PCA + KNN,44.505694733233256%, 10/19,L,[51],"freq bands 4-8,8-13,13-30, k=19, n_components=3"
Bandpower + PCA + KNN,47.27018288522142%, 10/19,L,[52],"freq bands 4-8,8-13,13-30, k=19, n_components=3"
Bandpower + PCA + KNN,44.87127551870662%, 10/19,L,[53],"freq bands 4-8,8-13,13-30, k=19, n_components=3"
Bandpower + PCA + KNN,40.26262411617445%, 9/19,L,[54],"freq bands 4-8,8-13,13-30, k=19, n_components=3"
Bandpower + PCA + KNN,47.977609715506595%, 10/19,L,[55],"freq bands 4-8,8-13,13-30, k=19, n_components=3"
Bandpower + PCA + KNN,44.28371446795871%, 7/19,L,[56],"freq bands 4-8,8-13,13-30, k=19, n_components=3"
Bandpower + PCA + KNN,45.353409501432886%, 10/19,L,[57],"freq bands 4-8,8-13,13-30, k=19, n_components=3"
Bandpower + PCA + KNN,43.27068481909613%, 8/19,L,[58],"freq bands 4-8,8-13,13-30, k=19, n_components=3"
Bandpower + PCA + KNN,38.71294272454307%, 4/19,L,[59],"freq bands 4-8,8-13,13-30, k=19, n_components=3"
Bandpower + PCA + KNN,46.17220396661243%, 9/19,L,[60],"freq bands 4-8,8-13,13-30, k=19, n_components=3"
Bandpower + PCA + KNN,54.97838625869924%, 12/19,L,"[0, 0]","freq bands 4-8,8-13,13-30, k=19, n_components=3"
Bandpower + PCA + KNN,56.18491313210604%, 12/19,L,"[0, 1]","freq bands 4-8,8-13,13-30, k=19, n_components=3"
Bandpower + PCA + KNN,50.3802226206365%, 10/19,L,"[0, 2]","freq bands 4-8,8-13,13-30, k=19, n_components=3"
Bandpower + PCA + KNN,53.594814240755554%, 10/19,L,"[0, 3]","freq bands 4-8,8-13,13-30, k=19, n_components=3"
Bandpower + PCA + KNN,52.068669175204526%, 8/19,L,"[0, 4]","freq bands 4-8,8-13,13-30, k=19, n_components=3"
Bandpower + PCA + KNN,54.78855848129248%, 10/19,L,"[0, 5]","freq bands 4-8,8-13,13-30, k=19, n_components=3"
Bandpower + PCA + KNN,53.47581814594172%, 8/19,L,"[0, 6]","freq bands 4-8,8-13,13-30, k=19, n_components=3"
Bandpower + PCA + KNN,49.89819008227845%, 9/19,L,"[0, 7]","freq bands 4-8,8-13,13-30, k=19, n_components=3"
Bandpower + PCA + KNN,49.49214705536451%, 9/19,L,"[0, 8]","freq bands 4-8,8-13,13-30, k=19, n_components=3"
Bandpower + PCA + KNN,49.19907258496083%, 11/19,L,"[0, 9]","freq bands 4-8,8-13,13-30, k=19, n_components=3"
Bandpower + PCA + KNN,48.39340417139777%, 10/19,L,"[0, 10]","freq bands 4-8,8-13,13-30, k=19, n_components=3"
Bandpower + PCA + KNN,54.12949945114246%, 10/19,L,"[0, 11]","freq bands 4-8,8-13,13-30, k=19, n_components=3"
Bandpower + PCA + KNN,55.95524483797827%, 10/19,L,"[0, 12]","freq bands 4-8,8-13,13-30, k=19, n_components=3"
Bandpower + PCA + KNN,50.24963086273546%, 9/19,L,"[0, 13]","freq bands 4-8,8-13,13-30, k=19, n_components=3"
Bandpower + PCA + KNN,53.033596262549295%, 10/19,L,"[0, 14]","freq bands 4-8,8-13,13-30, k=19, n_components=3"
Bandpower + PCA + KNN,49.22399135961907%, 8/19,L,"[0, 15]","freq bands 4-8,8-13,13-30, k=19, n_components=3"
Bandpower + PCA + KNN,41.616169881470526%, 3/19,L,"[0, 16]","freq bands 4-8,8-13,13-30, k=19, n_components=3"
Bandpower + PCA + KNN,47.315814158822654%, 11/19,L,"[0, 17]","freq bands 4-8,8-13,13-30, k=19, n_components=3"
Bandpower + PCA + KNN,42.77283000666009%, 10/19,L,"[0, 18]","freq bands 4-8,8-13,13-30, k=19, n_components=3"
Bandpower + PCA + KNN,49.34178865062736%, 9/19,L,"[0, 19]","freq bands 4-8,8-13,13-30, k=19, n_components=3"
Bandpower + PCA + KNN,43.36792566958745%, 7/19,L,"[0, 20]","freq bands 4-8,8-13,13-30, k=19, n_components=3"
Bandpower + PCA + KNN,42.76590900299486%, 9/19,L,"[0, 21]","freq bands 4-8,8-13,13-30, k=19, n_components=3"
Bandpower + PCA + KNN,45.20746023750692%, 8/19,L,"[0, 22]","freq bands 4-8,8-13,13-30, k=19, n_components=3"
Bandpower + PCA + KNN,46.072575436947425%, 8/19,L,"[0, 23]","freq bands 4-8,8-13,13-30, k=19, n_components=3"
Bandpower + PCA + KNN,46.72754770094034%, 9/19,L,"[0, 24]","freq bands 4-8,8-13,13-30, k=19, n_components=3"
Bandpower + PCA + KNN,46.959381877381276%, 8/19,L,"[0, 25]","freq bands 4-8,8-13,13-30, k=19, n_components=3"
Bandpower + PCA + KNN,45.42209926320506%, 9/19,L,"[0, 26]","freq bands 4-8,8-13,13-30, k=19, n_components=3"
Bandpower + PCA + KNN,40.38749842076391%, 5/19,L,"[0, 27]","freq bands 4-8,8-13,13-30, k=19, n_components=3"
Bandpower + PCA + KNN,41.71478431189692%, 9/19,L,"[0, 28]","freq bands 4-8,8-13,13-30, k=19, n_components=3"
Bandpower + PCA + KNN,47.691815697891386%, 8/19,L,"[0, 29]","freq bands 4-8,8-13,13-30, k=19, n_components=3"
Bandpower + PCA + KNN,43.773801110964136%, 10/19,L,"[0, 30]","freq bands 4-8,8-13,13-30, k=19, n_components=3"
Bandpower + PCA + KNN,41.15290085567905%, 6/19,L,"[0, 31]","freq bands 4-8,8-13,13-30, k=19, n_components=3"
Bandpower + PCA + KNN,42.306670665838745%, 8/19,L,"[0, 32]","freq bands 4-8,8-13,13-30, k=19, n_components=3"
Bandpower + PCA + KNN,47.02789698373049%, 10/19,L,"[0, 33]","freq bands 4-8,8-13,13-30, k=19, n_components=3"
Bandpower + PCA + KNN,44.555756345418075%, 9/19,L,"[0, 34]","freq bands 4-8,8-13,13-30, k=19, n_components=3"
Bandpower + PCA + KNN,43.74642785897564%, 10/19,L,"[0, 35]","freq bands 4-8,8-13,13-30, k=19, n_components=3"
Bandpower + PCA + KNN,46.463132136127%, 10/19,L,"[0, 36]","freq bands 4-8,8-13,13-30, k=19, n_components=3"
Bandpower + PCA + KNN,44.62616105229625%, 10/19,L,"[0, 37]","freq bands 4-8,8-13,13-30, k=19, n_components=3"
Bandpower + PCA + KNN,43.5618627816296%, 10/19,L,"[0, 38]","freq bands 4-8,8-13,13-30, k=19, n_components=3"
Bandpower + PCA + KNN,42.66099509553311%, 10/19,L,"[0, 39]","freq bands 4-8,8-13,13-30, k=19, n_components=3"
Bandpower + PCA + KNN,43.71222383360556%, 9/19,L,"[0, 40]","freq bands 4-8,8-13,13-30, k=19, n_components=3"
Bandpower + PCA + KNN,39.14288833369746%, 8/19,L,"[0, 41]","freq bands 4-8,8-13,13-30, k=19, n_components=3"
Bandpower + PCA + KNN,42.56042736010311%, 9/19,L,"[0, 42]","freq bands 4-8,8-13,13-30, k=19, n_components=3"
Bandpower + PCA + KNN,46.889549554683654%, 10/19,L,"[0, 43]","freq bands 4-8,8-13,13-30, k=19, n_components=3"
Bandpower + PCA + KNN,40.13372515775567%, 7/19,L,"[0, 44]","freq bands 4-8,8-13,13-30, k=19, n_components=3"
Bandpower + PCA + KNN,38.39946366499632%, 8/19,L,"[0, 45]","freq bands 4-8,8-13,13-30, k=19, n_components=3"
Bandpower + PCA + KNN,41.62111814677111%, 9/19,L,"[0, 46]","freq bands 4-8,8-13,13-30, k=19, n_components=3"
Bandpower + PCA + KNN,40.555535615718235%, 6/19,L,"[0, 47]","freq bands 4-8,8-13,13-30, k=19, n_components=3"
Bandpower + PCA + KNN,41.82931123932676%, 8/19,L,"[0, 48]","freq bands 4-8,8-13,13-30, k=19, n_components=3"
Bandpower + PCA + KNN,43.844429061935514%, 10/19,L,"[0, 49]","freq bands 4-8,8-13,13-30, k=19, n_components=3"
Bandpower + PCA + KNN,42.870696530801624%, 9/19,L,"[0, 50]","freq bands 4-8,8-13,13-30, k=19, n_components=3"
Bandpower + PCA + KNN,40.317829122575795%, 9/19,L,"[0, 51]","freq bands 4-8,8-13,13-30, k=19, n_components=3"
Bandpower + PCA + KNN,46.68357705175231%, 10/19,L,"[0, 52]","freq bands 4-8,8-13,13-30, k=19, n_components=3"
Bandpower + PCA + KNN,43.06713685091056%, 10/19,L,"[0, 53]","freq bands 4-8,8-13,13-30, k=19, n_components=3"
Bandpower + PCA + KNN,41.96608119137224%, 9/19,L,"[0, 54]","freq bands 4-8,8-13,13-30, k=19, n_components=3"
Bandpower + PCA + KNN,46.25049987231971%, 9/19,L,"[0, 55]","freq bands 4-8,8-13,13-30, k=19, n_components=3"
Bandpower + PCA + KNN,43.37850704124986%, 6/19,L,"[0, 56]","freq bands 4-8,8-13,13-30, k=19, n_components=3"
Bandpower + PCA + KNN,51.2410624303255%, 11/19,L,"[0, 57]","freq bands 4-8,8-13,13-30, k=19, n_components=3"
Bandpower + PCA + KNN,43.964505674813765%, 9/19,L,"[0, 58]","freq bands 4-8,8-13,13-30, k=19, n_components=3"
Bandpower + PCA + KNN,41.816242063709495%, 4/19,L,"[0, 59]","freq bands 4-8,8-13,13-30, k=19, n_components=3"
Bandpower + PCA + KNN,54.32377165761174%, 12/19,L,"[0, 60]","freq bands 4-8,8-13,13-30, k=19, n_components=3"
Bandpower + PCA + KNN,56.11331862523608%, 14/19,L,"[0, 1, 0]","freq bands 4-8,8-13,13-30, k=19, n_components=3"
Bandpower + PCA + KNN,55.86944684953146%, 12/19,L,"[0, 1, 1]","freq bands 4-8,8-13,13-30, k=19, n_components=3"
Bandpower + PCA + KNN,51.46118519426162%, 10/19,L,"[0, 1, 2]","freq bands 4-8,8-13,13-30, k=19, n_components=3"
Bandpower + PCA + KNN,55.857786212550224%, 12/19,L,"[0, 1, 3]","freq bands 4-8,8-13,13-30, k=19, n_components=3"
Bandpower + PCA + KNN,51.88871370346181%, 8/19,L,"[0, 1, 4]","freq bands 4-8,8-13,13-30, k=19, n_components=3"
Bandpower + PCA + KNN,52.89283504179366%, 11/19,L,"[0, 1, 5]","freq bands 4-8,8-13,13-30, k=19, n_components=3"
Bandpower + PCA + KNN,51.75673161719359%, 10/19,L,"[0, 1, 6]","freq bands 4-8,8-13,13-30, k=19, n_components=3"
Bandpower + PCA + KNN,50.02575116541805%, 10/19,L,"[0, 1, 7]","freq bands 4-8,8-13,13-30, k=19, n_components=3"
Bandpower + PCA + KNN,46.83155275463849%, 9/19,L,"[0, 1, 8]","freq bands 4-8,8-13,13-30, k=19, n_components=3"
Bandpower + PCA + KNN,48.17139243494995%, 7/19,L,"[0, 1, 9]","freq bands 4-8,8-13,13-30, k=19, n_components=3"
Bandpower + PCA + KNN,47.16510858997709%, 9/19,L,"[0, 1, 10]","freq bands 4-8,8-13,13-30, k=19, n_components=3"
Bandpower + PCA + KNN,54.46558514389093%, 11/19,L,"[0, 1, 11]","freq bands 4-8,8-13,13-30, k=19, n_components=3"
Bandpower + PCA + KNN,53.97631979616809%, 10/19,L,"[0, 1, 12]","freq bands 4-8,8-13,13-30, k=19, n_components=3"
Bandpower + PCA + KNN,48.143884095804914%, 9/19,L,"[0, 1, 13]","freq bands 4-8,8-13,13-30, k=19, n_components=3"
Bandpower + PCA + KNN,51.73638285144085%, 11/19,L,"[0, 1, 14]","freq bands 4-8,8-13,13-30, k=19, n_components=3"
Bandpower + PCA + KNN,46.979502182750764%, 7/19,L,"[0, 1, 15]","freq bands 4-8,8-13,13-30, k=19, n_components=3"
Bandpower + PCA + KNN,46.5411503537327%, 8/19,L,"[0, 1, 16]","freq bands 4-8,8-13,13-30, k=19, n_components=3"
Bandpower + PCA + KNN,46.45793975662856%, 10/19,L,"[0, 1, 17]","freq bands 4-8,8-13,13-30, k=19, n_components=3"
Bandpower + PCA + KNN,43.15255889478674%, 10/19,L,"[0, 1, 18]","freq bands 4-8,8-13,13-30, k=19, n_components=3"
Bandpower + PCA + KNN,50.286013871646254%, 8/19,L,"[0, 1, 19]","freq bands 4-8,8-13,13-30, k=19, n_components=3"
Bandpower + PCA + KNN,42.46137481754527%, 7/19,L,"[0, 1, 20]","freq bands 4-8,8-13,13-30, k=19, n_components=3"
Bandpower + PCA + KNN,42.803952571105356%, 8/19,L,"[0, 1, 21]","freq bands 4-8,8-13,13-30, k=19, n_components=3"
Bandpower + PCA + KNN,40.640197774175824%, 8/19,L,"[0, 1, 22]","freq bands 4-8,8-13,13-30, k=19, n_components=3"
Bandpower + PCA + KNN,47.59474565642819%, 7/19,L,"[0, 1, 23]","freq bands 4-8,8-13,13-30, k=19, n_components=3"
Bandpower + PCA + KNN,46.789908078791306%, 9/19,L,"[0, 1, 24]","freq bands 4-8,8-13,13-30, k=19, n_components=3"
Bandpower + PCA + KNN,47.8510960875251%, 9/19,L,"[0, 1, 25]","freq bands 4-8,8-13,13-30, k=19, n_components=3"
Bandpower + PCA + KNN,45.50626945929482%, 9/19,L,"[0, 1, 26]","freq bands 4-8,8-13,13-30, k=19, n_components=3"
Bandpower + PCA + KNN,52.23657005714537%, 10/19,L,"[0, 1, 27]","freq bands 4-8,8-13,13-30, k=19, n_components=3"
Bandpower + PCA + KNN,39.44460209364402%, 6/19,L,"[0, 1, 28]","freq bands 4-8,8-13,13-30, k=19, n_components=3"
Bandpower + PCA + KNN,45.69250715806367%, 6/19,L,"[0, 1, 29]","freq bands 4-8,8-13,13-30, k=19, n_components=3"
Bandpower + PCA + KNN,42.179897407053815%, 8/19,L,"[0, 1, 30]","freq bands 4-8,8-13,13-30, k=19, n_components=3"
Bandpower + PCA + KNN,43.649808864810886%, 4/19,L,"[0, 1, 31]","freq bands 4-8,8-13,13-30, k=19, n_components=3"
Bandpower + PCA + KNN,46.67210495355004%, 9/19,L,"[0, 1, 32]","freq bands 4-8,8-13,13-30, k=19, n_components=3"
Bandpower + PCA + KNN,46.6054191527178%, 7/19,L,"[0, 1, 33]","freq bands 4-8,8-13,13-30, k=19, n_components=3"
Bandpower + PCA + KNN,40.49095933225342%, 7/19,L,"[0, 1, 34]","freq bands 4-8,8-13,13-30, k=19, n_components=3"
Bandpower + PCA + KNN,40.53131941602949%, 8/19,L,"[0, 1, 35]","freq bands 4-8,8-13,13-30, k=19, n_components=3"
Bandpower + PCA + KNN,44.53977216133131%, 10/19,L,"[0, 1, 36]","freq bands 4-8,8-13,13-30, k=19, n_components=3"
Bandpower + PCA + KNN,41.832077697229074%, 10/19,L,"[0, 1, 37]","freq bands 4-8,8-13,13-30, k=19, n_components=3"
Bandpower + PCA + KNN,43.99477881446237%, 9/19,L,"[0, 1, 38]","freq bands 4-8,8-13,13-30, k=19, n_components=3"
Bandpower + PCA + KNN,41.68818939639623%, 9/19,L,"[0, 1, 39]","freq bands 4-8,8-13,13-30, k=19, n_components=3"
Bandpower + PCA + KNN,42.97597630013353%, 8/19,L,"[0, 1, 40]","freq bands 4-8,8-13,13-30, k=19, n_components=3"
Bandpower + PCA + KNN,37.6857557807321%, 5/19,L,"[0, 1, 41]","freq bands 4-8,8-13,13-30, k=19, n_components=3"
Bandpower + PCA + KNN,42.718440906003224%, 8/19,L,"[0, 1, 42]","freq bands 4-8,8-13,13-30, k=19, n_components=3"
Bandpower + PCA + KNN,49.636628898148636%, 11/19,L,"[0, 1, 43]","freq bands 4-8,8-13,13-30, k=19, n_components=3"
Bandpower + PCA + KNN,41.80016186774774%, 8/19,L,"[0, 1, 44]","freq bands 4-8,8-13,13-30, k=19, n_components=3"
Bandpower + PCA + KNN,39.816167386680675%, 7/19,L,"[0, 1, 45]","freq bands 4-8,8-13,13-30, k=19, n_components=3"
Bandpower + PCA + KNN,44.68423236609064%, 7/19,L,"[0, 1, 46]","freq bands 4-8,8-13,13-30, k=19, n_components=3"
Bandpower + PCA + KNN,40.4799316047974%, 7/19,L,"[0, 1, 47]","freq bands 4-8,8-13,13-30, k=19, n_components=3"
Bandpower + PCA + KNN,42.455735255886395%, 10/19,L,"[0, 1, 48]","freq bands 4-8,8-13,13-30, k=19, n_components=3"
Bandpower + PCA + KNN,40.00721083284244%, 8/19,L,"[0, 1, 49]","freq bands 4-8,8-13,13-30, k=19, n_components=3"
Bandpower + PCA + KNN,40.46047427570677%, 10/19,L,"[0, 1, 50]","freq bands 4-8,8-13,13-30, k=19, n_components=3"
Bandpower + PCA + KNN,40.10870595205798%, 10/19,L,"[0, 1, 51]","freq bands 4-8,8-13,13-30, k=19, n_components=3"
Bandpower + PCA + KNN,46.1059112597572%, 10/19,L,"[0, 1, 52]","freq bands 4-8,8-13,13-30, k=19, n_components=3"
Bandpower + PCA + KNN,42.95108261923491%, 10/19,L,"[0, 1, 53]","freq bands 4-8,8-13,13-30, k=19, n_components=3"
Bandpower + PCA + KNN,39.65686343440395%, 6/19,L,"[0, 1, 54]","freq bands 4-8,8-13,13-30, k=19, n_components=3"
Bandpower + PCA + KNN,44.67348854761162%, 8/19,L,"[0, 1, 55]","freq bands 4-8,8-13,13-30, k=19, n_components=3"
Bandpower + PCA + KNN,43.54717189241953%, 5/19,L,"[0, 1, 56]","freq bands 4-8,8-13,13-30, k=19, n_components=3"
Bandpower + PCA + KNN,57.03541522816481%, 12/19,L,"[0, 1, 57]","freq bands 4-8,8-13,13-30, k=19, n_components=3"
Bandpower + PCA + KNN,45.299864034400926%, 9/19,L,"[0, 1, 58]","freq bands 4-8,8-13,13-30, k=19, n_components=3"
Bandpower + PCA + KNN,41.85237479973746%, 7/19,L,"[0, 1, 59]","freq bands 4-8,8-13,13-30, k=19, n_components=3"
Bandpower + PCA + KNN,53.9022761317969%, 13/19,L,"[0, 1, 60]","freq bands 4-8,8-13,13-30, k=19, n_components=3"
Bandpower + PCA + KNN,53.75190187778992%, 11/19,L,"[0, 1]","freq bands 4-8,8-13,13-30, k=1, n_components=3"
Bandpower + PCA + KNN,55.313907386461416%, 10/19,L,"[0, 1]","freq bands 4-8,8-13,13-30, k=6, n_components=3"
Bandpower + PCA + KNN,55.823857927184974%, 13/19,L,"[0, 1]","freq bands 4-8,8-13,13-30, k=11, n_components=3"
Bandpower + PCA + KNN,55.54670218218416%, 12/19,L,"[0, 1]","freq bands 4-8,8-13,13-30, k=16, n_components=3"
Bandpower + PCA + KNN,56.09641575380765%, 12/19,L,"[0, 1]","freq bands 4-8,8-13,13-30, k=21, n_components=3"
Bandpower + PCA + KNN,55.89279274744894%, 11/19,L,"[0, 1]","freq bands 4-8,8-13,13-30, k=26, n_components=3"
Bandpower + PCA + KNN,55.71869397823194%, 11/19,L,"[0, 1]","freq bands 4-8,8-13,13-30, k=31, n_components=3"
Bandpower + PCA + KNN,55.1912549620545%, 11/19,L,"[0, 1]","freq bands 4-8,8-13,13-30, k=36, n_components=3"
Bandpower + PCA + KNN,55.93662644788338%, 12/19,L,"[0, 1]","freq bands 4-8,8-13,13-30, k=41, n_components=3"
Bandpower + PCA + KNN,55.90372617492858%, 10/19,L,"[0, 1]","freq bands 4-8,8-13,13-30, k=46, n_components=3"
Bandpower + PCA + KNN,56.028689180507776%, 10/19,L,"[0, 1]","freq bands 4-8,8-13,13-30, k=51, n_components=3"
Bandpower + PCA + KNN,55.68113251159667%, 10/19,L,"[0, 1]","freq bands 4-8,8-13,13-30, k=56, n_components=3"
Bandpower + PCA + KNN,55.973988055850334%, 10/19,L,"[0, 1]","freq bands 4-8,8-13,13-30, k=61, n_components=3"
Bandpower + PCA + KNN,55.84082665123829%, 10/19,L,"[0, 1]","freq bands 4-8,8-13,13-30, k=66, n_components=3"
Bandpower + PCA + KNN,55.50971846992113%, 11/19,L,"[0, 1]","freq bands 4-8,8-13,13-30, k=71, n_components=3"
Bandpower + PCA + KNN,55.10374727827554%, 10/19,L,"[0, 1]","freq bands 4-8,8-13,13-30, k=76, n_components=3"
Bandpower + PCA + KNN,55.19011643571685%, 10/19,L,"[0, 1]","freq bands 4-8,8-13,13-30, k=81, n_components=3"
Bandpower + PCA + KNN,54.065208406137785%, 10/19,L,"[0, 1]","freq bands 4-8,8-13,13-30, k=86, n_components=3"
Bandpower + PCA + KNN,53.85883557933142%, 10/19,L,"[0, 1]","freq bands 4-8,8-13,13-30, k=91, n_components=3"
Bandpower + PCA + KNN,53.71018491558879%, 10/19,L,"[0, 1]","freq bands 4-8,8-13,13-30, k=96, n_components=3"
Bandpower + PCA + KNN,55.553040620912896%, 11/19,L,"[0, 1, 57, 0]","freq bands 4-8,8-13,13-30, k=21, n_components=3"
Bandpower + PCA + KNN,55.68143259206625%, 11/19,L,"[0, 1, 57, 1]","freq bands 4-8,8-13,13-30, k=21, n_components=3"
Bandpower + PCA + KNN,55.865261792052145%, 11/19,L,"[0, 1, 57, 2]","freq bands 4-8,8-13,13-30, k=21, n_components=3"
Bandpower + PCA + KNN,55.573099690545256%, 12/19,L,"[0, 1, 57, 3]","freq bands 4-8,8-13,13-30, k=21, n_components=3"
Bandpower + PCA + KNN,44.56934312178799%, 10/19,L,"[0, 1, 57, 4]","freq bands 4-8,8-13,13-30, k=21, n_components=3"
Bandpower + PCA + KNN,54.13443382821349%, 10/19,L,"[0, 1, 57, 5]","freq bands 4-8,8-13,13-30, k=21, n_components=3"
Bandpower + PCA + KNN,57.40947243258645%, 12/19,L,"[0, 1, 57, 6]","freq bands 4-8,8-13,13-30, k=21, n_components=3"
Bandpower + PCA + KNN,45.09781879307479%, 8/19,L,"[0, 1, 57, 7]","freq bands 4-8,8-13,13-30, k=21, n_components=3"
Bandpower + PCA + KNN,47.725513024615914%, 7/19,L,"[0, 1, 57, 8]","freq bands 4-8,8-13,13-30, k=21, n_components=3"
Bandpower + PCA + KNN,54.883918152491376%, 11/19,L,"[0, 1, 57, 9]","freq bands 4-8,8-13,13-30, k=21, n_components=3"
Bandpower + PCA + KNN,53.60253114683767%, 10/19,L,"[0, 1, 57, 10]","freq bands 4-8,8-13,13-30, k=21, n_components=3"
Bandpower + PCA + KNN,54.90354996217046%, 11/19,L,"[0, 1, 57, 11]","freq bands 4-8,8-13,13-30, k=21, n_components=3"
Bandpower + PCA + KNN,50.32129439702025%, 8/19,L,"[0, 1, 57, 12]","freq bands 4-8,8-13,13-30, k=21, n_components=3"
Bandpower + PCA + KNN,51.18026915388631%, 11/19,L,"[0, 1, 57, 13]","freq bands 4-8,8-13,13-30, k=21, n_components=3"
Bandpower + PCA + KNN,55.68407183242273%, 11/19,L,"[0, 1, 57, 14]","freq bands 4-8,8-13,13-30, k=21, n_components=3"
Bandpower + PCA + KNN,53.85805915082804%, 12/19,L,"[0, 1, 57, 15]","freq bands 4-8,8-13,13-30, k=21, n_components=3"
Bandpower + PCA + KNN,57.11552774898087%, 12/19,L,"[0, 1, 57, 16]","freq bands 4-8,8-13,13-30, k=21, n_components=3"
Bandpower + PCA + KNN,55.30907522330227%, 11/19,L,"[0, 1, 57, 17]","freq bands 4-8,8-13,13-30, k=21, n_components=3"
Bandpower + PCA + KNN,56.28160384712613%, 11/19,L,"[0, 1, 57, 18]","freq bands 4-8,8-13,13-30, k=21, n_components=3"
Bandpower + PCA + KNN,54.55427878144859%, 11/19,L,"[0, 1, 57, 19]","freq bands 4-8,8-13,13-30, k=21, n_components=3"
Bandpower + PCA + KNN,54.65532803857596%, 10/19,L,"[0, 1, 57, 20]","freq bands 4-8,8-13,13-30, k=21, n_components=3"
Bandpower + PCA + KNN,51.96085103854973%, 11/19,L,"[0, 1, 57, 21]","freq bands 4-8,8-13,13-30, k=21, n_components=3"
Bandpower + PCA + KNN,49.01078464291813%, 10/19,L,"[0, 1, 57, 22]","freq bands 4-8,8-13,13-30, k=21, n_components=3"
Bandpower + PCA + KNN,50.9932344371272%, 11/19,L,"[0, 1, 57, 23]","freq bands 4-8,8-13,13-30, k=21, n_components=3"
Bandpower + PCA + KNN,55.45903531458545%, 11/19,L,"[0, 1, 57, 24]","freq bands 4-8,8-13,13-30, k=21, n_components=3"
Bandpower + PCA + KNN,44.11739163063284%, 9/19,L,"[0, 1, 57, 25]","freq bands 4-8,8-13,13-30, k=21, n_components=3"
Bandpower + PCA + KNN,52.1549145434613%, 11/19,L,"[0, 1, 57, 26]","freq bands 4-8,8-13,13-30, k=21, n_components=3"
Bandpower + PCA + KNN,54.35036265748293%, 11/19,L,"[0, 1, 57, 27]","freq bands 4-8,8-13,13-30, k=21, n_components=3"
Bandpower + PCA + KNN,53.42122343316941%, 10/19,L,"[0, 1, 57, 28]","freq bands 4-8,8-13,13-30, k=21, n_components=3"
Bandpower + PCA + KNN,52.604596271457496%, 10/19,L,"[0, 1, 57, 29]","freq bands 4-8,8-13,13-30, k=21, n_components=3"
Bandpower + PCA + KNN,52.00422965565205%, 8/19,L,"[0, 1, 57, 30]","freq bands 4-8,8-13,13-30, k=21, n_components=3"
Bandpower + PCA + KNN,50.64382938577974%, 9/19,L,"[0, 1, 57, 31]","freq bands 4-8,8-13,13-30, k=21, n_components=3"
Bandpower + PCA + KNN,53.45194328428431%, 9/19,L,"[0, 1, 57, 32]","freq bands 4-8,8-13,13-30, k=21, n_components=3"
Bandpower + PCA + KNN,49.77863563560573%, 9/19,L,"[0, 1, 57, 33]","freq bands 4-8,8-13,13-30, k=21, n_components=3"
Bandpower + PCA + KNN,57.07540441671026%, 12/19,L,"[0, 1, 57, 34]","freq bands 4-8,8-13,13-30, k=21, n_components=3"
Bandpower + PCA + KNN,55.25759421101639%, 11/19,L,"[0, 1, 57, 35]","freq bands 4-8,8-13,13-30, k=21, n_components=3"
Bandpower + PCA + KNN,39.4134510014757%, 8/19,L,"[0, 1, 57, 36]","freq bands 4-8,8-13,13-30, k=21, n_components=3"
Bandpower + PCA + KNN,54.65001617752815%, 9/19,L,"[0, 1, 57, 37]","freq bands 4-8,8-13,13-30, k=21, n_components=3"
Bandpower + PCA + KNN,42.088286041907516%, 9/19,L,"[0, 1, 57, 38]","freq bands 4-8,8-13,13-30, k=21, n_components=3"
Bandpower + PCA + KNN,53.80696202857096%, 8/19,L,"[0, 1, 57, 39]","freq bands 4-8,8-13,13-30, k=21, n_components=3"
Bandpower + PCA + KNN,45.927982888448796%, 9/19,L,"[0, 1, 57, 40]","freq bands 4-8,8-13,13-30, k=21, n_components=3"
Bandpower + PCA + KNN,49.960945965693114%, 11/19,L,"[0, 1, 57, 41]","freq bands 4-8,8-13,13-30, k=21, n_components=3"
Bandpower + PCA + KNN,53.431041860220944%, 9/19,L,"[0, 1, 57, 42]","freq bands 4-8,8-13,13-30, k=21, n_components=3"
Bandpower + PCA + KNN,51.57685793991734%, 10/19,L,"[0, 1, 57, 43]","freq bands 4-8,8-13,13-30, k=21, n_components=3"
Bandpower + PCA + KNN,55.661794990056535%, 12/19,L,"[0, 1, 57, 44]","freq bands 4-8,8-13,13-30, k=21, n_components=3"
Bandpower + PCA + KNN,50.91063472980055%, 8/19,L,"[0, 1, 57, 45]","freq bands 4-8,8-13,13-30, k=21, n_components=3"
Bandpower + PCA + KNN,53.16994941701022%, 9/19,L,"[0, 1, 57, 46]","freq bands 4-8,8-13,13-30, k=21, n_components=3"
Bandpower + PCA + KNN,47.9634551127584%, 7/19,L,"[0, 1, 57, 47]","freq bands 4-8,8-13,13-30, k=21, n_components=3"
Bandpower + PCA + KNN,53.84103317092964%, 10/19,L,"[0, 1, 57, 48]","freq bands 4-8,8-13,13-30, k=21, n_components=3"
Bandpower + PCA + KNN,51.92574006476862%, 9/19,L,"[0, 1, 57, 49]","freq bands 4-8,8-13,13-30, k=21, n_components=3"
Bandpower + PCA + KNN,54.371643801457836%, 10/19,L,"[0, 1, 57, 50]","freq bands 4-8,8-13,13-30, k=21, n_components=3"
Bandpower + PCA + KNN,51.181537294826185%, 9/19,L,"[0, 1, 57, 51]","freq bands 4-8,8-13,13-30, k=21, n_components=3"
Bandpower + PCA + KNN,43.645126532227%, 10/19,L,"[0, 1, 57, 52]","freq bands 4-8,8-13,13-30, k=21, n_components=3"
Bandpower + PCA + KNN,41.15312685505843%, 9/19,L,"[0, 1, 57, 53]","freq bands 4-8,8-13,13-30, k=21, n_components=3"
Bandpower + PCA + KNN,47.83744351195617%, 9/19,L,"[0, 1, 57, 54]","freq bands 4-8,8-13,13-30, k=21, n_components=3"
Bandpower + PCA + KNN,43.332389748643%, 7/19,L,"[0, 1, 57, 55]","freq bands 4-8,8-13,13-30, k=21, n_components=3"
Bandpower + PCA + KNN,52.786508016626996%, 10/19,L,"[0, 1, 57, 56]","freq bands 4-8,8-13,13-30, k=21, n_components=3"
Bandpower + PCA + KNN,48.414863983903636%, 10/19,L,"[0, 1, 57, 57]","freq bands 4-8,8-13,13-30, k=21, n_components=3"
Bandpower + PCA + KNN,43.76791436769517%, 9/19,L,"[0, 1, 57, 58]","freq bands 4-8,8-13,13-30, k=21, n_components=3"
Bandpower + PCA + KNN,43.45370233507192%, 6/19,L,"[0, 1, 57, 59]","freq bands 4-8,8-13,13-30, k=21, n_components=3"
Bandpower + PCA + KNN,47.2612760128505%, 9/19,L,"[0, 1, 57, 60]","freq bands 4-8,8-13,13-30, k=21, n_components=3"
Bandpower + PCA + KNN,56.464252184546105%, 11/19,L,"[0, 1, 6, 57, 0]","freq bands 4-8,8-13,13-30, k=21, n_components=3"
Bandpower + PCA + KNN,55.95348837009879%, 12/19,L,"[0, 1, 6, 57, 1]","freq bands 4-8,8-13,13-30, k=21, n_components=3"
Bandpower + PCA + KNN,55.701820935653586%, 11/19,L,"[0, 1, 6, 57, 2]","freq bands 4-8,8-13,13-30, k=21, n_components=3"
Bandpower + PCA + KNN,58.36967512106314%, 12/19,L,"[0, 1, 6, 57, 3]","freq bands 4-8,8-13,13-30, k=21, n_components=3"
Bandpower + PCA + KNN,43.56919177673434%, 9/19,L,"[0, 1, 6, 57, 4]","freq bands 4-8,8-13,13-30, k=21, n_components=3"
Bandpower + PCA + KNN,54.21189075299776%, 10/19,L,"[0, 1, 6, 57, 5]","freq bands 4-8,8-13,13-30, k=21, n_components=3"
Bandpower + PCA + KNN,55.926026058319046%, 12/19,L,"[0, 1, 6, 57, 6]","freq bands 4-8,8-13,13-30, k=21, n_components=3"
Bandpower + PCA + KNN,46.131547457175245%, 10/19,L,"[0, 1, 6, 57, 7]","freq bands 4-8,8-13,13-30, k=21, n_components=3"
Bandpower + PCA + KNN,45.36394994321949%, 8/19,L,"[0, 1, 6, 57, 8]","freq bands 4-8,8-13,13-30, k=21, n_components=3"
Bandpower + PCA + KNN,54.72495838209224%, 11/19,L,"[0, 1, 6, 57, 9]","freq bands 4-8,8-13,13-30, k=21, n_components=3"
Bandpower + PCA + KNN,55.430627476882876%, 12/19,L,"[0, 1, 6, 57, 10]","freq bands 4-8,8-13,13-30, k=21, n_components=3"
Bandpower + PCA + KNN,55.987952493896984%, 10/19,L,"[0, 1, 6, 57, 11]","freq bands 4-8,8-13,13-30, k=21, n_components=3"
Bandpower + PCA + KNN,56.793219767424496%, 12/19,L,"[0, 1, 6, 57, 12]","freq bands 4-8,8-13,13-30, k=21, n_components=3"
Bandpower + PCA + KNN,54.857379033077905%, 8/19,L,"[0, 1, 6, 57, 13]","freq bands 4-8,8-13,13-30, k=21, n_components=3"
Bandpower + PCA + KNN,54.875841783400716%, 10/19,L,"[0, 1, 6, 57, 14]","freq bands 4-8,8-13,13-30, k=21, n_components=3"
Bandpower + PCA + KNN,56.634678229834414%, 12/19,L,"[0, 1, 6, 57, 15]","freq bands 4-8,8-13,13-30, k=21, n_components=3"
Bandpower + PCA + KNN,53.371028754351435%, 11/19,L,"[0, 1, 6, 57, 16]","freq bands 4-8,8-13,13-30, k=21, n_components=3"
Bandpower + PCA + KNN,54.42963033097294%, 10/19,L,"[0, 1, 6, 57, 17]","freq bands 4-8,8-13,13-30, k=21, n_components=3"
Bandpower + PCA + KNN,54.36818027253159%, 11/19,L,"[0, 1, 6, 57, 18]","freq bands 4-8,8-13,13-30, k=21, n_components=3"
Bandpower + PCA + KNN,56.04981658396873%, 12/19,L,"[0, 1, 6, 57, 19]","freq bands 4-8,8-13,13-30, k=21, n_components=3"
Bandpower + PCA + KNN,56.381740023846575%, 12/19,L,"[0, 1, 6, 57, 20]","freq bands 4-8,8-13,13-30, k=21, n_components=3"
Bandpower + PCA + KNN,54.41204943609726%, 12/19,L,"[0, 1, 6, 57, 21]","freq bands 4-8,8-13,13-30, k=21, n_components=3"
Bandpower + PCA + KNN,50.44840502654579%, 8/19,L,"[0, 1, 6, 57, 22]","freq bands 4-8,8-13,13-30, k=21, n_components=3"
Bandpower + PCA + KNN,52.79676139294403%, 11/19,L,"[0, 1, 6, 57, 23]","freq bands 4-8,8-13,13-30, k=21, n_components=3"
Bandpower + PCA + KNN,54.90596848488863%, 11/19,L,"[0, 1, 6, 57, 24]","freq bands 4-8,8-13,13-30, k=21, n_components=3"
Bandpower + PCA + KNN,43.34412903512268%, 9/19,L,"[0, 1, 6, 57, 25]","freq bands 4-8,8-13,13-30, k=21, n_components=3"
Bandpower + PCA + KNN,49.37360977228854%, 9/19,L,"[0, 1, 6, 57, 26]","freq bands 4-8,8-13,13-30, k=21, n_components=3"
Bandpower + PCA + KNN,51.5280920244386%, 9/19,L,"[0, 1, 6, 57, 27]","freq bands 4-8,8-13,13-30, k=21, n_components=3"
Bandpower + PCA + KNN,52.16641242743027%, 9/19,L,"[0, 1, 6, 57, 28]","freq bands 4-8,8-13,13-30, k=21, n_components=3"
Bandpower + PCA + KNN,53.397601561367125%, 10/19,L,"[0, 1, 6, 57, 29]","freq bands 4-8,8-13,13-30, k=21, n_components=3"
Bandpower + PCA + KNN,53.603313006427946%, 10/19,L,"[0, 1, 6, 57, 30]","freq bands 4-8,8-13,13-30, k=21, n_components=3"
Bandpower + PCA + KNN,53.54740557460765%, 11/19,L,"[0, 1, 6, 57, 31]","freq bands 4-8,8-13,13-30, k=21, n_components=3"
Bandpower + PCA + KNN,54.40840951106374%, 10/19,L,"[0, 1, 6, 57, 32]","freq bands 4-8,8-13,13-30, k=21, n_components=3"
Bandpower + PCA + KNN,53.81448716767385%, 11/19,L,"[0, 1, 6, 57, 33]","freq bands 4-8,8-13,13-30, k=21, n_components=3"
Bandpower + PCA + KNN,54.322005297666344%, 10/19,L,"[0, 1, 6, 57, 34]","freq bands 4-8,8-13,13-30, k=21, n_components=3"
Bandpower + PCA + KNN,55.552772343190156%, 12/19,L,"[0, 1, 6, 57, 35]","freq bands 4-8,8-13,13-30, k=21, n_components=3"
Bandpower + PCA + KNN,41.24640055862659%, 8/19,L,"[0, 1, 6, 57, 36]","freq bands 4-8,8-13,13-30, k=21, n_components=3"
Bandpower + PCA + KNN,55.16189833713281%, 10/19,L,"[0, 1, 6, 57, 37]","freq bands 4-8,8-13,13-30, k=21, n_components=3"
Bandpower + PCA + KNN,40.13438881041465%, 8/19,L,"[0, 1, 6, 57, 38]","freq bands 4-8,8-13,13-30, k=21, n_components=3"
Bandpower + PCA + KNN,54.95007478242901%, 9/19,L,"[0, 1, 6, 57, 39]","freq bands 4-8,8-13,13-30, k=21, n_components=3"
Bandpower + PCA + KNN,40.977190723096804%, 9/19,L,"[0, 1, 6, 57, 40]","freq bands 4-8,8-13,13-30, k=21, n_components=3"
Bandpower + PCA + KNN,51.31990941286924%, 8/19,L,"[0, 1, 6, 57, 41]","freq bands 4-8,8-13,13-30, k=21, n_components=3"
Bandpower + PCA + KNN,54.4268192858414%, 9/19,L,"[0, 1, 6, 57, 42]","freq bands 4-8,8-13,13-30, k=21, n_components=3"
Bandpower + PCA + KNN,52.203775783389226%, 10/19,L,"[0, 1, 6, 57, 43]","freq bands 4-8,8-13,13-30, k=21, n_components=3"
Bandpower + PCA + KNN,56.37541000445259%, 12/19,L,"[0, 1, 6, 57, 44]","freq bands 4-8,8-13,13-30, k=21, n_components=3"
Bandpower + PCA + KNN,50.43488837032702%, 10/19,L,"[0, 1, 6, 57, 45]","freq bands 4-8,8-13,13-30, k=21, n_components=3"
Bandpower + PCA + KNN,49.472076986753336%, 8/19,L,"[0, 1, 6, 57, 46]","freq bands 4-8,8-13,13-30, k=21, n_components=3"
Bandpower + PCA + KNN,50.91114918372458%, 10/19,L,"[0, 1, 6, 57, 47]","freq bands 4-8,8-13,13-30, k=21, n_components=3"
Bandpower + PCA + KNN,50.86435791707494%, 10/19,L,"[0, 1, 6, 57, 48]","freq bands 4-8,8-13,13-30, k=21, n_components=3"
Bandpower + PCA + KNN,53.032173135673624%, 10/19,L,"[0, 1, 6, 57, 49]","freq bands 4-8,8-13,13-30, k=21, n_components=3"
Bandpower + PCA + KNN,47.09005642126359%, 7/19,L,"[0, 1, 6, 57, 50]","freq bands 4-8,8-13,13-30, k=21, n_components=3"
Bandpower + PCA + KNN,51.34198172189618%, 10/19,L,"[0, 1, 6, 57, 51]","freq bands 4-8,8-13,13-30, k=21, n_components=3"
Bandpower + PCA + KNN,43.372018549870035%, 10/19,L,"[0, 1, 6, 57, 52]","freq bands 4-8,8-13,13-30, k=21, n_components=3"
Bandpower + PCA + KNN,41.55951390344889%, 9/19,L,"[0, 1, 6, 57, 53]","freq bands 4-8,8-13,13-30, k=21, n_components=3"
Bandpower + PCA + KNN,46.073305811892034%, 9/19,L,"[0, 1, 6, 57, 54]","freq bands 4-8,8-13,13-30, k=21, n_components=3"
Bandpower + PCA + KNN,39.84124088950362%, 7/19,L,"[0, 1, 6, 57, 55]","freq bands 4-8,8-13,13-30, k=21, n_components=3"
Bandpower + PCA + KNN,53.45043303953666%, 10/19,L,"[0, 1, 6, 57, 56]","freq bands 4-8,8-13,13-30, k=21, n_components=3"
Bandpower + PCA + KNN,57.60417284791707%, 12/19,L,"[0, 1, 6, 57, 57]","freq bands 4-8,8-13,13-30, k=21, n_components=3"
Bandpower + PCA + KNN,45.89666662554409%, 9/19,L,"[0, 1, 6, 57, 58]","freq bands 4-8,8-13,13-30, k=21, n_components=3"
Bandpower + PCA + KNN,48.574669117073746%, 10/19,L,"[0, 1, 6, 57, 59]","freq bands 4-8,8-13,13-30, k=21, n_components=3"
Bandpower + PCA + KNN,46.54527077784144%, 8/19,L,"[0, 1, 6, 57, 60]","freq bands 4-8,8-13,13-30, k=21, n_components=3"
Bandpower + PCA + KNN,56.32658250745513%, 12/19,L,"[0, 1, 3, 6, 57, 0]","freq bands 4-8,8-13,13-30, k=21, n_components=3"
Bandpower + PCA + KNN,57.99721010172662%, 12/19,L,"[0, 1, 3, 6, 57, 1]","freq bands 4-8,8-13,13-30, k=21, n_components=3"
Bandpower + PCA + KNN,55.38358477109093%, 9/19,L,"[0, 1, 3, 6, 57, 2]","freq bands 4-8,8-13,13-30, k=21, n_components=3"
Bandpower + PCA + KNN,56.443797217817924%, 11/19,L,"[0, 1, 3, 6, 57, 3]","freq bands 4-8,8-13,13-30, k=21, n_components=3"
Bandpower + PCA + KNN,43.54950525014951%, 8/19,L,"[0, 1, 3, 6, 57, 4]","freq bands 4-8,8-13,13-30, k=21, n_components=3"
Bandpower + PCA + KNN,57.37923999965228%, 12/19,L,"[0, 1, 3, 6, 57, 5]","freq bands 4-8,8-13,13-30, k=21, n_components=3"
Bandpower + PCA + KNN,53.172817810143194%, 12/19,L,"[0, 1, 3, 6, 57, 6]","freq bands 4-8,8-13,13-30, k=21, n_components=3"
Bandpower + PCA + KNN,46.603394341491885%, 9/19,L,"[0, 1, 3, 6, 57, 7]","freq bands 4-8,8-13,13-30, k=21, n_components=3"
Bandpower + PCA + KNN,42.77961773363617%, 7/19,L,"[0, 1, 3, 6, 57, 8]","freq bands 4-8,8-13,13-30, k=21, n_components=3"
Bandpower + PCA + KNN,55.02693773944497%, 13/19,L,"[0, 1, 3, 6, 57, 9]","freq bands 4-8,8-13,13-30, k=21, n_components=3"
Bandpower + PCA + KNN,58.05680577141645%, 13/19,L,"[0, 1, 3, 6, 57, 10]","freq bands 4-8,8-13,13-30, k=21, n_components=3"
Bandpower + PCA + KNN,56.12281307616501%, 11/19,L,"[0, 1, 3, 6, 57, 11]","freq bands 4-8,8-13,13-30, k=21, n_components=3"
Bandpower + PCA + KNN,57.56538296044273%, 13/19,L,"[0, 1, 3, 6, 57, 12]","freq bands 4-8,8-13,13-30, k=21, n_components=3"
Bandpower + PCA + KNN,55.64911728514691%, 12/19,L,"[0, 1, 3, 6, 57, 13]","freq bands 4-8,8-13,13-30, k=21, n_components=3"
Bandpower + PCA + KNN,56.223901956914624%, 12/19,L,"[0, 1, 3, 6, 57, 14]","freq bands 4-8,8-13,13-30, k=21, n_components=3"
Bandpower + PCA + KNN,57.935679475855274%, 12/19,L,"[0, 1, 3, 6, 57, 15]","freq bands 4-8,8-13,13-30, k=21, n_components=3"
Bandpower + PCA + KNN,53.98712842930345%, 12/19,L,"[0, 1, 3, 6, 57, 16]","freq bands 4-8,8-13,13-30, k=21, n_components=3"
Bandpower + PCA + KNN,52.612596576817204%, 11/19,L,"[0, 1, 3, 6, 57, 17]","freq bands 4-8,8-13,13-30, k=21, n_components=3"
Bandpower + PCA + KNN,54.03589008985906%, 9/19,L,"[0, 1, 3, 6, 57, 18]","freq bands 4-8,8-13,13-30, k=21, n_components=3"
Bandpower + PCA + KNN,56.76481509090714%, 11/19,L,"[0, 1, 3, 6, 57, 19]","freq bands 4-8,8-13,13-30, k=21, n_components=3"
Bandpower + PCA + KNN,56.18674866462329%, 10/19,L,"[0, 1, 3, 6, 57, 20]","freq bands 4-8,8-13,13-30, k=21, n_components=3"
Bandpower + PCA + KNN,53.10258429713992%, 12/19,L,"[0, 1, 3, 6, 57, 21]","freq bands 4-8,8-13,13-30, k=21, n_components=3"
Bandpower + PCA + KNN,49.209160896332534%, 8/19,L,"[0, 1, 3, 6, 57, 22]","freq bands 4-8,8-13,13-30, k=21, n_components=3"
Bandpower + PCA + KNN,50.42946248708729%, 10/19,L,"[0, 1, 3, 6, 57, 23]","freq bands 4-8,8-13,13-30, k=21, n_components=3"
Bandpower + PCA + KNN,51.94111807046041%, 9/19,L,"[0, 1, 3, 6, 57, 24]","freq bands 4-8,8-13,13-30, k=21, n_components=3"
Bandpower + PCA + KNN,42.80611527586949%, 9/19,L,"[0, 1, 3, 6, 57, 25]","freq bands 4-8,8-13,13-30, k=21, n_components=3"
Bandpower + PCA + KNN,48.84819299745916%, 10/19,L,"[0, 1, 3, 6, 57, 26]","freq bands 4-8,8-13,13-30, k=21, n_components=3"
Bandpower + PCA + KNN,53.42910273323015%, 10/19,L,"[0, 1, 3, 6, 57, 27]","freq bands 4-8,8-13,13-30, k=21, n_components=3"
Bandpower + PCA + KNN,56.46742685213388%, 13/19,L,"[0, 1, 3, 6, 57, 28]","freq bands 4-8,8-13,13-30, k=21, n_components=3"
Bandpower + PCA + KNN,54.542847745226396%, 10/19,L,"[0, 1, 3, 6, 57, 29]","freq bands 4-8,8-13,13-30, k=21, n_components=3"
Bandpower + PCA + KNN,56.100009869547144%, 11/19,L,"[0, 1, 3, 6, 57, 30]","freq bands 4-8,8-13,13-30, k=21, n_components=3"
Bandpower + PCA + KNN,54.631466146888904%, 11/19,L,"[0, 1, 3, 6, 57, 31]","freq bands 4-8,8-13,13-30, k=21, n_components=3"
Bandpower + PCA + KNN,54.07155367015801%, 10/19,L,"[0, 1, 3, 6, 57, 32]","freq bands 4-8,8-13,13-30, k=21, n_components=3"
Bandpower + PCA + KNN,55.56930776972111%, 11/19,L,"[0, 1, 3, 6, 57, 33]","freq bands 4-8,8-13,13-30, k=21, n_components=3"
Bandpower + PCA + KNN,53.30134484746388%, 11/19,L,"[0, 1, 3, 6, 57, 34]","freq bands 4-8,8-13,13-30, k=21, n_components=3"
Bandpower + PCA + KNN,55.252768797806404%, 11/19,L,"[0, 1, 3, 6, 57, 35]","freq bands 4-8,8-13,13-30, k=21, n_components=3"
Bandpower + PCA + KNN,42.46141991998672%, 7/19,L,"[0, 1, 3, 6, 57, 36]","freq bands 4-8,8-13,13-30, k=21, n_components=3"
Bandpower + PCA + KNN,54.0797009616719%, 10/19,L,"[0, 1, 3, 6, 57, 37]","freq bands 4-8,8-13,13-30, k=21, n_components=3"
Bandpower + PCA + KNN,39.86876498688799%, 8/19,L,"[0, 1, 3, 6, 57, 38]","freq bands 4-8,8-13,13-30, k=21, n_components=3"
Bandpower + PCA + KNN,53.384594586838844%, 9/19,L,"[0, 1, 3, 6, 57, 39]","freq bands 4-8,8-13,13-30, k=21, n_components=3"
Bandpower + PCA + KNN,49.924289545811455%, 11/19,L,"[0, 1, 3, 6, 57, 40]","freq bands 4-8,8-13,13-30, k=21, n_components=3"
Bandpower + PCA + KNN,52.31251303940285%, 10/19,L,"[0, 1, 3, 6, 57, 41]","freq bands 4-8,8-13,13-30, k=21, n_components=3"
Bandpower + PCA + KNN,54.81268301855714%, 11/19,L,"[0, 1, 3, 6, 57, 42]","freq bands 4-8,8-13,13-30, k=21, n_components=3"
Bandpower + PCA + KNN,51.98383619369461%, 11/19,L,"[0, 1, 3, 6, 57, 43]","freq bands 4-8,8-13,13-30, k=21, n_components=3"
Bandpower + PCA + KNN,56.232661653411355%, 11/19,L,"[0, 1, 3, 6, 57, 44]","freq bands 4-8,8-13,13-30, k=21, n_components=3"
Bandpower + PCA + KNN,52.5721600370256%, 10/19,L,"[0, 1, 3, 6, 57, 45]","freq bands 4-8,8-13,13-30, k=21, n_components=3"
Bandpower + PCA + KNN,50.936240920791754%, 10/19,L,"[0, 1, 3, 6, 57, 46]","freq bands 4-8,8-13,13-30, k=21, n_components=3"
Bandpower + PCA + KNN,53.804405036441175%, 11/19,L,"[0, 1, 3, 6, 57, 47]","freq bands 4-8,8-13,13-30, k=21, n_components=3"
Bandpower + PCA + KNN,51.84134041656356%, 10/19,L,"[0, 1, 3, 6, 57, 48]","freq bands 4-8,8-13,13-30, k=21, n_components=3"
Bandpower + PCA + KNN,53.46536401784828%, 11/19,L,"[0, 1, 3, 6, 57, 49]","freq bands 4-8,8-13,13-30, k=21, n_components=3"
Bandpower + PCA + KNN,50.047923267613356%, 11/19,L,"[0, 1, 3, 6, 57, 50]","freq bands 4-8,8-13,13-30, k=21, n_components=3"
Bandpower + PCA + KNN,54.19981190207317%, 11/19,L,"[0, 1, 3, 6, 57, 51]","freq bands 4-8,8-13,13-30, k=21, n_components=3"
Bandpower + PCA + KNN,40.809419487114454%, 9/19,L,"[0, 1, 3, 6, 57, 52]","freq bands 4-8,8-13,13-30, k=21, n_components=3"
Bandpower + PCA + KNN,42.56100173130033%, 9/19,L,"[0, 1, 3, 6, 57, 53]","freq bands 4-8,8-13,13-30, k=21, n_components=3"
Bandpower + PCA + KNN,44.992564326528125%, 7/19,L,"[0, 1, 3, 6, 57, 54]","freq bands 4-8,8-13,13-30, k=21, n_components=3"
Bandpower + PCA + KNN,40.63220863297515%, 8/19,L,"[0, 1, 3, 6, 57, 55]","freq bands 4-8,8-13,13-30, k=21, n_components=3"
Bandpower + PCA + KNN,54.41319490544815%, 11/19,L,"[0, 1, 3, 6, 57, 56]","freq bands 4-8,8-13,13-30, k=21, n_components=3"
Bandpower + PCA + KNN,58.01601022259732%, 12/19,L,"[0, 1, 3, 6, 57, 57]","freq bands 4-8,8-13,13-30, k=21, n_components=3"
Bandpower + PCA + KNN,46.472339534456516%, 8/19,L,"[0, 1, 3, 6, 57, 58]","freq bands 4-8,8-13,13-30, k=21, n_components=3"
Bandpower + PCA + KNN,55.02412924741205%, 12/19,L,"[0, 1, 3, 6, 57, 59]","freq bands 4-8,8-13,13-30, k=21, n_components=3"
Bandpower + PCA + KNN,43.92982117091305%, 9/19,L,"[0, 1, 3, 6, 57, 60]","freq bands 4-8,8-13,13-30, k=21, n_components=3"
Bandpower + PCA + KNN,55.89159471046702%, 11/19,L,"[0, 1, 3, 6, 10, 57, 0]","freq bands 4-8,8-13,13-30, k=21, n_components=3"
Bandpower + PCA + KNN,57.984372872657474%, 12/19,L,"[0, 1, 3, 6, 10, 57, 1]","freq bands 4-8,8-13,13-30, k=21, n_components=3"
Bandpower + PCA + KNN,58.310475570190555%, 13/19,L,"[0, 1, 3, 6, 10, 57, 2]","freq bands 4-8,8-13,13-30, k=21, n_components=3"
Bandpower + PCA + KNN,52.29893783968185%, 12/19,L,"[0, 1, 3, 6, 10, 57, 3]","freq bands 4-8,8-13,13-30, k=21, n_components=3"
Bandpower + PCA + KNN,44.5693124251331%, 9/19,L,"[0, 1, 3, 6, 10, 57, 4]","freq bands 4-8,8-13,13-30, k=21, n_components=3"
Bandpower + PCA + KNN,52.62964181373412%, 11/19,L,"[0, 1, 3, 6, 10, 57, 5]","freq bands 4-8,8-13,13-30, k=21, n_components=3"
Bandpower + PCA + KNN,50.64050947349404%, 10/19,L,"[0, 1, 3, 6, 10, 57, 6]","freq bands 4-8,8-13,13-30, k=21, n_components=3"
Bandpower + PCA + KNN,46.54431735890899%, 9/19,L,"[0, 1, 3, 6, 10, 57, 7]","freq bands 4-8,8-13,13-30, k=21, n_components=3"
Bandpower + PCA + KNN,41.33359446110988%, 9/19,L,"[0, 1, 3, 6, 10, 57, 8]","freq bands 4-8,8-13,13-30, k=21, n_components=3"
Bandpower + PCA + KNN,53.05445079497338%, 11/19,L,"[0, 1, 3, 6, 10, 57, 9]","freq bands 4-8,8-13,13-30, k=21, n_components=3"
Bandpower + PCA + KNN,54.234557005099425%, 12/19,L,"[0, 1, 3, 6, 10, 57, 10]","freq bands 4-8,8-13,13-30, k=21, n_components=3"
Bandpower + PCA + KNN,58.038519969329%, 12/19,L,"[0, 1, 3, 6, 10, 57, 11]","freq bands 4-8,8-13,13-30, k=21, n_components=3"
Bandpower + PCA + KNN,58.56576857795071%, 12/19,L,"[0, 1, 3, 6, 10, 57, 12]","freq bands 4-8,8-13,13-30, k=21, n_components=3"
Bandpower + PCA + KNN,56.63635102297327%, 12/19,L,"[0, 1, 3, 6, 10, 57, 13]","freq bands 4-8,8-13,13-30, k=21, n_components=3"
Bandpower + PCA + KNN,56.291508891368345%, 12/19,L,"[0, 1, 3, 6, 10, 57, 14]","freq bands 4-8,8-13,13-30, k=21, n_components=3"
Bandpower + PCA + KNN,57.475186659409296%, 12/19,L,"[0, 1, 3, 6, 10, 57, 15]","freq bands 4-8,8-13,13-30, k=21, n_components=3"
Bandpower + PCA + KNN,51.172450894849874%, 11/19,L,"[0, 1, 3, 6, 10, 57, 16]","freq bands 4-8,8-13,13-30, k=21, n_components=3"
Bandpower + PCA + KNN,51.33771522601579%, 9/19,L,"[0, 1, 3, 6, 10, 57, 17]","freq bands 4-8,8-13,13-30, k=21, n_components=3"
Bandpower + PCA + KNN,53.80045228095587%, 12/19,L,"[0, 1, 3, 6, 10, 57, 18]","freq bands 4-8,8-13,13-30, k=21, n_components=3"
Bandpower + PCA + KNN,57.56721162692963%, 11/19,L,"[0, 1, 3, 6, 10, 57, 19]","freq bands 4-8,8-13,13-30, k=21, n_components=3"
Bandpower + PCA + KNN,56.39683182312112%, 12/19,L,"[0, 1, 3, 6, 10, 57, 20]","freq bands 4-8,8-13,13-30, k=21, n_components=3"
Bandpower + PCA + KNN,45.04166819490435%, 9/19,L,"[0, 1, 3, 6, 10, 57, 21]","freq bands 4-8,8-13,13-30, k=21, n_components=3"
Bandpower + PCA + KNN,46.78076652129108%, 9/19,L,"[0, 1, 3, 6, 10, 57, 22]","freq bands 4-8,8-13,13-30, k=21, n_components=3"
Bandpower + PCA + KNN,40.55811139561055%, 7/19,L,"[0, 1, 3, 6, 10, 57, 23]","freq bands 4-8,8-13,13-30, k=21, n_components=3"
Bandpower + PCA + KNN,46.89692803343292%, 9/19,L,"[0, 1, 3, 6, 10, 57, 24]","freq bands 4-8,8-13,13-30, k=21, n_components=3"
Bandpower + PCA + KNN,43.182709002385%, 10/19,L,"[0, 1, 3, 6, 10, 57, 25]","freq bands 4-8,8-13,13-30, k=21, n_components=3"
Bandpower + PCA + KNN,44.4991930843594%, 9/19,L,"[0, 1, 3, 6, 10, 57, 26]","freq bands 4-8,8-13,13-30, k=21, n_components=3"
Bandpower + PCA + KNN,47.426681144752344%, 7/19,L,"[0, 1, 3, 6, 10, 57, 27]","freq bands 4-8,8-13,13-30, k=21, n_components=3"
Bandpower + PCA + KNN,50.514295090884644%, 8/19,L,"[0, 1, 3, 6, 10, 57, 28]","freq bands 4-8,8-13,13-30, k=21, n_components=3"
Bandpower + PCA + KNN,53.20802672450756%, 9/19,L,"[0, 1, 3, 6, 10, 57, 29]","freq bands 4-8,8-13,13-30, k=21, n_components=3"
Bandpower + PCA + KNN,50.42824165102567%, 9/19,L,"[0, 1, 3, 6, 10, 57, 30]","freq bands 4-8,8-13,13-30, k=21, n_components=3"
Bandpower + PCA + KNN,53.67872797705478%, 11/19,L,"[0, 1, 3, 6, 10, 57, 31]","freq bands 4-8,8-13,13-30, k=21, n_components=3"
Bandpower + PCA + KNN,51.95409449920481%, 9/19,L,"[0, 1, 3, 6, 10, 57, 32]","freq bands 4-8,8-13,13-30, k=21, n_components=3"
Bandpower + PCA + KNN,55.843164332238985%, 11/19,L,"[0, 1, 3, 6, 10, 57, 33]","freq bands 4-8,8-13,13-30, k=21, n_components=3"
Bandpower + PCA + KNN,52.11276296043733%, 11/19,L,"[0, 1, 3, 6, 10, 57, 34]","freq bands 4-8,8-13,13-30, k=21, n_components=3"
Bandpower + PCA + KNN,54.92984404205124%, 11/19,L,"[0, 1, 3, 6, 10, 57, 35]","freq bands 4-8,8-13,13-30, k=21, n_components=3"
Bandpower + PCA + KNN,41.36533674719705%, 8/19,L,"[0, 1, 3, 6, 10, 57, 36]","freq bands 4-8,8-13,13-30, k=21, n_components=3"
Bandpower + PCA + KNN,53.181805500870894%, 10/19,L,"[0, 1, 3, 6, 10, 57, 37]","freq bands 4-8,8-13,13-30, k=21, n_components=3"
Bandpower + PCA + KNN,41.57348104138527%, 10/19,L,"[0, 1, 3, 6, 10, 57, 38]","freq bands 4-8,8-13,13-30, k=21, n_components=3"
Bandpower + PCA + KNN,53.841506776785266%, 10/19,L,"[0, 1, 3, 6, 10, 57, 39]","freq bands 4-8,8-13,13-30, k=21, n_components=3"
Bandpower + PCA + KNN,50.10607636213366%, 9/19,L,"[0, 1, 3, 6, 10, 57, 40]","freq bands 4-8,8-13,13-30, k=21, n_components=3"
Bandpower + PCA + KNN,47.395916359643934%, 5/19,L,"[0, 1, 3, 6, 10, 57, 41]","freq bands 4-8,8-13,13-30, k=21, n_components=3"
Bandpower + PCA + KNN,55.44426474971219%, 11/19,L,"[0, 1, 3, 6, 10, 57, 42]","freq bands 4-8,8-13,13-30, k=21, n_components=3"
Bandpower + PCA + KNN,51.22757592444509%, 11/19,L,"[0, 1, 3, 6, 10, 57, 43]","freq bands 4-8,8-13,13-30, k=21, n_components=3"
Bandpower + PCA + KNN,55.69852425451904%, 12/19,L,"[0, 1, 3, 6, 10, 57, 44]","freq bands 4-8,8-13,13-30, k=21, n_components=3"
Bandpower + PCA + KNN,46.63826775269852%, 5/19,L,"[0, 1, 3, 6, 10, 57, 45]","freq bands 4-8,8-13,13-30, k=21, n_components=3"
Bandpower + PCA + KNN,44.056008547765614%, 6/19,L,"[0, 1, 3, 6, 10, 57, 46]","freq bands 4-8,8-13,13-30, k=21, n_components=3"
Bandpower + PCA + KNN,50.881506775409676%, 11/19,L,"[0, 1, 3, 6, 10, 57, 47]","freq bands 4-8,8-13,13-30, k=21, n_components=3"
Bandpower + PCA + KNN,51.51792161977969%, 9/19,L,"[0, 1, 3, 6, 10, 57, 48]","freq bands 4-8,8-13,13-30, k=21, n_components=3"
Bandpower + PCA + KNN,50.172935118151706%, 10/19,L,"[0, 1, 3, 6, 10, 57, 49]","freq bands 4-8,8-13,13-30, k=21, n_components=3"
Bandpower + PCA + KNN,54.70413681924747%, 9/19,L,"[0, 1, 3, 6, 10, 57, 50]","freq bands 4-8,8-13,13-30, k=21, n_components=3"
Bandpower + PCA + KNN,44.812104800566594%, 6/19,L,"[0, 1, 3, 6, 10, 57, 51]","freq bands 4-8,8-13,13-30, k=21, n_components=3"
Bandpower + PCA + KNN,42.161070072449505%, 10/19,L,"[0, 1, 3, 6, 10, 57, 52]","freq bands 4-8,8-13,13-30, k=21, n_components=3"
Bandpower + PCA + KNN,41.6298052900929%, 9/19,L,"[0, 1, 3, 6, 10, 57, 53]","freq bands 4-8,8-13,13-30, k=21, n_components=3"
Bandpower + PCA + KNN,43.31180444111457%, 7/19,L,"[0, 1, 3, 6, 10, 57, 54]","freq bands 4-8,8-13,13-30, k=21, n_components=3"
Bandpower + PCA + KNN,40.72207797940546%, 7/19,L,"[0, 1, 3, 6, 10, 57, 55]","freq bands 4-8,8-13,13-30, k=21, n_components=3"
Bandpower + PCA + KNN,53.38031792033038%, 11/19,L,"[0, 1, 3, 6, 10, 57, 56]","freq bands 4-8,8-13,13-30, k=21, n_components=3"
Bandpower + PCA + KNN,57.978596512508474%, 12/19,L,"[0, 1, 3, 6, 10, 57, 57]","freq bands 4-8,8-13,13-30, k=21, n_components=3"
Bandpower + PCA + KNN,49.98239799382148%, 8/19,L,"[0, 1, 3, 6, 10, 57, 58]","freq bands 4-8,8-13,13-30, k=21, n_components=3"
Bandpower + PCA + KNN,50.150933754449646%, 9/19,L,"[0, 1, 3, 6, 10, 57, 59]","freq bands 4-8,8-13,13-30, k=21, n_components=3"
Bandpower + PCA + KNN,45.64880156680406%, 9/19,L,"[0, 1, 3, 6, 10, 57, 60]","freq bands 4-8,8-13,13-30, k=21, n_components=3"
Bandpower + PCA + KNN,55.47659168867647%, 12/19,L,"[0, 1, 3, 6, 10, 12, 57, 0]","freq bands 4-8,8-13,13-30, k=21, n_components=3"
Bandpower + PCA + KNN,57.0882953754201%, 12/19,L,"[0, 1, 3, 6, 10, 12, 57, 1]","freq bands 4-8,8-13,13-30, k=21, n_components=3"
Bandpower + PCA + KNN,57.67125487717264%, 13/19,L,"[0, 1, 3, 6, 10, 12, 57, 2]","freq bands 4-8,8-13,13-30, k=21, n_components=3"
Bandpower + PCA + KNN,51.41879620867592%, 9/19,L,"[0, 1, 3, 6, 10, 12, 57, 3]","freq bands 4-8,8-13,13-30, k=21, n_components=3"
Bandpower + PCA + KNN,45.630412379298875%, 10/19,L,"[0, 1, 3, 6, 10, 12, 57, 4]","freq bands 4-8,8-13,13-30, k=21, n_components=3"
Bandpower + PCA + KNN,49.29460665721713%, 9/19,L,"[0, 1, 3, 6, 10, 12, 57, 5]","freq bands 4-8,8-13,13-30, k=21, n_components=3"
Bandpower + PCA + KNN,50.45172026944819%, 8/19,L,"[0, 1, 3, 6, 10, 12, 57, 6]","freq bands 4-8,8-13,13-30, k=21, n_components=3"
Bandpower + PCA + KNN,46.79327212464401%, 9/19,L,"[0, 1, 3, 6, 10, 12, 57, 7]","freq bands 4-8,8-13,13-30, k=21, n_components=3"
Bandpower + PCA + KNN,43.15021988091828%, 9/19,L,"[0, 1, 3, 6, 10, 12, 57, 8]","freq bands 4-8,8-13,13-30, k=21, n_components=3"
Bandpower + PCA + KNN,50.24079406750855%, 7/19,L,"[0, 1, 3, 6, 10, 12, 57, 9]","freq bands 4-8,8-13,13-30, k=21, n_components=3"
Bandpower + PCA + KNN,52.19963910241404%, 10/19,L,"[0, 1, 3, 6, 10, 12, 57, 10]","freq bands 4-8,8-13,13-30, k=21, n_components=3"
Bandpower + PCA + KNN,57.33495904257213%, 12/19,L,"[0, 1, 3, 6, 10, 12, 57, 11]","freq bands 4-8,8-13,13-30, k=21, n_components=3"
Bandpower + PCA + KNN,56.97908211845707%, 12/19,L,"[0, 1, 3, 6, 10, 12, 57, 12]","freq bands 4-8,8-13,13-30, k=21, n_components=3"
Bandpower + PCA + KNN,55.66628922034159%, 11/19,L,"[0, 1, 3, 6, 10, 12, 57, 13]","freq bands 4-8,8-13,13-30, k=21, n_components=3"
Bandpower + PCA + KNN,54.600358697411025%, 10/19,L,"[0, 1, 3, 6, 10, 12, 57, 14]","freq bands 4-8,8-13,13-30, k=21, n_components=3"
Bandpower + PCA + KNN,57.69293388694907%, 13/19,L,"[0, 1, 3, 6, 10, 12, 57, 15]","freq bands 4-8,8-13,13-30, k=21, n_components=3"
Bandpower + PCA + KNN,49.16213139824118%, 9/19,L,"[0, 1, 3, 6, 10, 12, 57, 16]","freq bands 4-8,8-13,13-30, k=21, n_components=3"
Bandpower + PCA + KNN,48.271251091625835%, 9/19,L,"[0, 1, 3, 6, 10, 12, 57, 17]","freq bands 4-8,8-13,13-30, k=21, n_components=3"
Bandpower + PCA + KNN,50.8969747157782%, 9/19,L,"[0, 1, 3, 6, 10, 12, 57, 18]","freq bands 4-8,8-13,13-30, k=21, n_components=3"
Bandpower + PCA + KNN,57.07516490269913%, 12/19,L,"[0, 1, 3, 6, 10, 12, 57, 19]","freq bands 4-8,8-13,13-30, k=21, n_components=3"
Bandpower + PCA + KNN,56.20861318002981%, 13/19,L,"[0, 1, 3, 6, 10, 12, 57, 20]","freq bands 4-8,8-13,13-30, k=21, n_components=3"
Bandpower + PCA + KNN,45.61031364415115%, 9/19,L,"[0, 1, 3, 6, 10, 12, 57, 21]","freq bands 4-8,8-13,13-30, k=21, n_components=3"
Bandpower + PCA + KNN,47.23639473535794%, 9/19,L,"[0, 1, 3, 6, 10, 12, 57, 22]","freq bands 4-8,8-13,13-30, k=21, n_components=3"
Bandpower + PCA + KNN,40.754613960488214%, 9/19,L,"[0, 1, 3, 6, 10, 12, 57, 23]","freq bands 4-8,8-13,13-30, k=21, n_components=3"
Bandpower + PCA + KNN,48.93242374036571%, 9/19,L,"[0, 1, 3, 6, 10, 12, 57, 24]","freq bands 4-8,8-13,13-30, k=21, n_components=3"
Bandpower + PCA + KNN,44.04288734260232%, 10/19,L,"[0, 1, 3, 6, 10, 12, 57, 25]","freq bands 4-8,8-13,13-30, k=21, n_components=3"
Bandpower + PCA + KNN,46.146915251925634%, 9/19,L,"[0, 1, 3, 6, 10, 12, 57, 26]","freq bands 4-8,8-13,13-30, k=21, n_components=3"
Bandpower + PCA + KNN,50.246444526637426%, 9/19,L,"[0, 1, 3, 6, 10, 12, 57, 27]","freq bands 4-8,8-13,13-30, k=21, n_components=3"
Bandpower + PCA + KNN,49.37005006624644%, 8/19,L,"[0, 1, 3, 6, 10, 12, 57, 28]","freq bands 4-8,8-13,13-30, k=21, n_components=3"
Bandpower + PCA + KNN,52.814554675942006%, 11/19,L,"[0, 1, 3, 6, 10, 12, 57, 29]","freq bands 4-8,8-13,13-30, k=21, n_components=3"
Bandpower + PCA + KNN,50.612795740655194%, 10/19,L,"[0, 1, 3, 6, 10, 12, 57, 30]","freq bands 4-8,8-13,13-30, k=21, n_components=3"
Bandpower + PCA + KNN,50.639695207445456%, 9/19,L,"[0, 1, 3, 6, 10, 12, 57, 31]","freq bands 4-8,8-13,13-30, k=21, n_components=3"
Bandpower + PCA + KNN,51.545037084241144%, 11/19,L,"[0, 1, 3, 6, 10, 12, 57, 32]","freq bands 4-8,8-13,13-30, k=21, n_components=3"
Bandpower + PCA + KNN,54.993363787161876%, 12/19,L,"[0, 1, 3, 6, 10, 12, 57, 33]","freq bands 4-8,8-13,13-30, k=21, n_components=3"
Bandpower + PCA + KNN,50.130029572535875%, 9/19,L,"[0, 1, 3, 6, 10, 12, 57, 34]","freq bands 4-8,8-13,13-30, k=21, n_components=3"
Bandpower + PCA + KNN,54.60874784494237%, 11/19,L,"[0, 1, 3, 6, 10, 12, 57, 35]","freq bands 4-8,8-13,13-30, k=21, n_components=3"
Bandpower + PCA + KNN,42.07900078819516%, 10/19,L,"[0, 1, 3, 6, 10, 12, 57, 36]","freq bands 4-8,8-13,13-30, k=21, n_components=3"
Bandpower + PCA + KNN,51.18448063836114%, 10/19,L,"[0, 1, 3, 6, 10, 12, 57, 37]","freq bands 4-8,8-13,13-30, k=21, n_components=3"
Bandpower + PCA + KNN,41.58039571676404%, 9/19,L,"[0, 1, 3, 6, 10, 12, 57, 38]","freq bands 4-8,8-13,13-30, k=21, n_components=3"
Bandpower + PCA + KNN,53.32142744919373%, 9/19,L,"[0, 1, 3, 6, 10, 12, 57, 39]","freq bands 4-8,8-13,13-30, k=21, n_components=3"
Bandpower + PCA + KNN,49.99030546415858%, 10/19,L,"[0, 1, 3, 6, 10, 12, 57, 40]","freq bands 4-8,8-13,13-30, k=21, n_components=3"
Bandpower + PCA + KNN,44.27854088281406%, 6/19,L,"[0, 1, 3, 6, 10, 12, 57, 41]","freq bands 4-8,8-13,13-30, k=21, n_components=3"
Bandpower + PCA + KNN,55.4100503649472%, 10/19,L,"[0, 1, 3, 6, 10, 12, 57, 42]","freq bands 4-8,8-13,13-30, k=21, n_components=3"
Bandpower + PCA + KNN,48.269706916725255%, 8/19,L,"[0, 1, 3, 6, 10, 12, 57, 43]","freq bands 4-8,8-13,13-30, k=21, n_components=3"
Bandpower + PCA + KNN,55.27612376408262%, 11/19,L,"[0, 1, 3, 6, 10, 12, 57, 44]","freq bands 4-8,8-13,13-30, k=21, n_components=3"
Bandpower + PCA + KNN,47.39580906905795%, 8/19,L,"[0, 1, 3, 6, 10, 12, 57, 45]","freq bands 4-8,8-13,13-30, k=21, n_components=3"
Bandpower + PCA + KNN,42.50715505028852%, 6/19,L,"[0, 1, 3, 6, 10, 12, 57, 46]","freq bands 4-8,8-13,13-30, k=21, n_components=3"
Bandpower + PCA + KNN,50.35112785125948%, 10/19,L,"[0, 1, 3, 6, 10, 12, 57, 47]","freq bands 4-8,8-13,13-30, k=21, n_components=3"
Bandpower + PCA + KNN,48.85612576590088%, 10/19,L,"[0, 1, 3, 6, 10, 12, 57, 48]","freq bands 4-8,8-13,13-30, k=21, n_components=3"
Bandpower + PCA + KNN,50.17418262861732%, 10/19,L,"[0, 1, 3, 6, 10, 12, 57, 49]","freq bands 4-8,8-13,13-30, k=21, n_components=3"
Bandpower + PCA + KNN,47.20931347389546%, 10/19,L,"[0, 1, 3, 6, 10, 12, 57, 50]","freq bands 4-8,8-13,13-30, k=21, n_components=3"
Bandpower + PCA + KNN,45.47585568333303%, 6/19,L,"[0, 1, 3, 6, 10, 12, 57, 51]","freq bands 4-8,8-13,13-30, k=21, n_components=3"
Bandpower + PCA + KNN,42.53170949927447%, 9/19,L,"[0, 1, 3, 6, 10, 12, 57, 52]","freq bands 4-8,8-13,13-30, k=21, n_components=3"
Bandpower + PCA + KNN,41.89404016428379%, 10/19,L,"[0, 1, 3, 6, 10, 12, 57, 53]","freq bands 4-8,8-13,13-30, k=21, n_components=3"
Bandpower + PCA + KNN,37.25238310448803%, 6/19,L,"[0, 1, 3, 6, 10, 12, 57, 54]","freq bands 4-8,8-13,13-30, k=21, n_components=3"
Bandpower + PCA + KNN,41.617339208778084%, 7/19,L,"[0, 1, 3, 6, 10, 12, 57, 55]","freq bands 4-8,8-13,13-30, k=21, n_components=3"
Bandpower + PCA + KNN,52.09621355038618%, 9/19,L,"[0, 1, 3, 6, 10, 12, 57, 56]","freq bands 4-8,8-13,13-30, k=21, n_components=3"
Bandpower + PCA + KNN,56.376355202320674%, 12/19,L,"[0, 1, 3, 6, 10, 12, 57, 57]","freq bands 4-8,8-13,13-30, k=21, n_components=3"
Bandpower + PCA + KNN,51.28661872060519%, 11/19,L,"[0, 1, 3, 6, 10, 12, 57, 58]","freq bands 4-8,8-13,13-30, k=21, n_components=3"
Bandpower + PCA + KNN,49.06375764881862%, 10/19,L,"[0, 1, 3, 6, 10, 12, 57, 59]","freq bands 4-8,8-13,13-30, k=21, n_components=3"
Bandpower + PCA + KNN,44.66278611111236%, 9/19,L,"[0, 1, 3, 6, 10, 12, 57, 60]","freq bands 4-8,8-13,13-30, k=21, n_components=3"
Bandpower + PCA + KNN,56.31186835266237%, 12/19,L,"[0, 1, 3, 6, 10, 12, 57]","freq bands 4-8,8-13,13-30, k=1, n_components=3"
Bandpower + PCA + KNN,57.5612079943972%, 13/19,L,"[0, 1, 3, 6, 10, 12, 57]","freq bands 4-8,8-13,13-30, k=6, n_components=3"
Bandpower + PCA + KNN,56.878033427579744%, 11/19,L,"[0, 1, 3, 6, 10, 12, 57]","freq bands 4-8,8-13,13-30, k=11, n_components=3"
Bandpower + PCA + KNN,58.309380966452686%, 12/19,L,"[0, 1, 3, 6, 10, 12, 57]","freq bands 4-8,8-13,13-30, k=16, n_components=3"
Bandpower + PCA + KNN,58.56576857795071%, 12/19,L,"[0, 1, 3, 6, 10, 12, 57]","freq bands 4-8,8-13,13-30, k=21, n_components=3"
Bandpower + PCA + KNN,58.31611343587193%, 12/19,L,"[0, 1, 3, 6, 10, 12, 57]","freq bands 4-8,8-13,13-30, k=26, n_components=3"
Bandpower + PCA + KNN,58.855274107577095%, 12/19,L,"[0, 1, 3, 6, 10, 12, 57]","freq bands 4-8,8-13,13-30, k=31, n_components=3"
Bandpower + PCA + KNN,59.353136694532424%, 12/19,L,"[0, 1, 3, 6, 10, 12, 57]","freq bands 4-8,8-13,13-30, k=36, n_components=3"
Bandpower + PCA + KNN,58.9469762619655%, 12/19,L,"[0, 1, 3, 6, 10, 12, 57]","freq bands 4-8,8-13,13-30, k=41, n_components=3"
Bandpower + PCA + KNN,58.0637924207927%, 12/19,L,"[0, 1, 3, 6, 10, 12, 57]","freq bands 4-8,8-13,13-30, k=46, n_components=3"
Bandpower + PCA + KNN,57.93569917278115%, 12/19,L,"[0, 1, 3, 6, 10, 12, 57]","freq bands 4-8,8-13,13-30, k=51, n_components=3"
Bandpower + PCA + KNN,57.643017301449284%, 11/19,L,"[0, 1, 3, 6, 10, 12, 57]","freq bands 4-8,8-13,13-30, k=56, n_components=3"
Bandpower + PCA + KNN,57.71235234157328%, 11/19,L,"[0, 1, 3, 6, 10, 12, 57]","freq bands 4-8,8-13,13-30, k=61, n_components=3"
Bandpower + PCA + KNN,57.05774383547456%, 11/19,L,"[0, 1, 3, 6, 10, 12, 57]","freq bands 4-8,8-13,13-30, k=66, n_components=3"
Bandpower + PCA + KNN,56.976285773816436%, 11/19,L,"[0, 1, 3, 6, 10, 12, 57]","freq bands 4-8,8-13,13-30, k=71, n_components=3"
Bandpower + PCA + KNN,56.44763544326864%, 11/19,L,"[0, 1, 3, 6, 10, 12, 57]","freq bands 4-8,8-13,13-30, k=76, n_components=3"
Bandpower + PCA + KNN,56.450600522031735%, 11/19,L,"[0, 1, 3, 6, 10, 12, 57]","freq bands 4-8,8-13,13-30, k=81, n_components=3"
Bandpower + PCA + KNN,55.770716925441675%, 11/19,L,"[0, 1, 3, 6, 10, 12, 57]","freq bands 4-8,8-13,13-30, k=86, n_components=3"
Bandpower + PCA + KNN,55.89846079679764%, 11/19,L,"[0, 1, 3, 6, 10, 12, 57]","freq bands 4-8,8-13,13-30, k=91, n_components=3"
Bandpower + PCA + KNN,55.471576315129326%, 11/19,L,"[0, 1, 3, 6, 10, 12, 57]","freq bands 4-8,8-13,13-30, k=96, n_components=3"
Bandpower + PCA + KNN,58.855274107577095%, 12/19,L,"[0, 1, 3, 6, 10, 12, 57]","freq bands 4-8,8-13,13-30, k=31, n_components=3"
Bandpower + PCA + KNN,59.019327684070454%, 12/19,L,"[0, 1, 3, 6, 10, 12, 57]","freq bands 4-8,8-13,13-30, k=32, n_components=3"
Bandpower + PCA + KNN,58.56005707212415%, 12/19,L,"[0, 1, 3, 6, 10, 12, 57]","freq bands 4-8,8-13,13-30, k=33, n_components=3"
Bandpower + PCA + KNN,59.001843549046015%, 12/19,L,"[0, 1, 3, 6, 10, 12, 57]","freq bands 4-8,8-13,13-30, k=34, n_components=3"
Bandpower + PCA + KNN,59.35073407948165%, 12/19,L,"[0, 1, 3, 6, 10, 12, 57]","freq bands 4-8,8-13,13-30, k=35, n_components=3"
Bandpower + PCA + KNN,59.353136694532424%, 12/19,L,"[0, 1, 3, 6, 10, 12, 57]","freq bands 4-8,8-13,13-30, k=36, n_components=3"
Bandpower + PCA + KNN,59.429697311312665%, 12/19,L,"[0, 1, 3, 6, 10, 12, 57]","freq bands 4-8,8-13,13-30, k=37, n_components=3"
Bandpower + PCA + KNN,59.62953422903375%, 12/19,L,"[0, 1, 3, 6, 10, 12, 57]","freq bands 4-8,8-13,13-30, k=38, n_components=3"
Bandpower + PCA + KNN,59.14698720525253%, 12/19,L,"[0, 1, 3, 6, 10, 12, 57]","freq bands 4-8,8-13,13-30, k=39, n_components=3"
Bandpower + PCA + KNN,59.15081686344552%, 12/19,L,"[0, 1, 3, 6, 10, 12, 57]","freq bands 4-8,8-13,13-30, k=40, n_components=3"
Bandpower + PCA + KNN,56.98808319055889%, 11/19,L,"[0, 1, 3, 6, 10, 12, 57, 0]","freq bands 4-8,8-13,13-30, k=38, n_components=3"
Bandpower + PCA + KNN,56.79601268292777%, 11/19,L,"[0, 1, 3, 6, 10, 12, 57, 1]","freq bands 4-8,8-13,13-30, k=38, n_components=3"
Bandpower + PCA + KNN,57.113153515656315%, 13/19,L,"[0, 1, 3, 6, 10, 12, 57, 2]","freq bands 4-8,8-13,13-30, k=38, n_components=3"
Bandpower + PCA + KNN,50.68505189318723%, 10/19,L,"[0, 1, 3, 6, 10, 12, 57, 3]","freq bands 4-8,8-13,13-30, k=38, n_components=3"
Bandpower + PCA + KNN,44.90403120911061%, 10/19,L,"[0, 1, 3, 6, 10, 12, 57, 4]","freq bands 4-8,8-13,13-30, k=38, n_components=3"
Bandpower + PCA + KNN,45.880924950934094%, 9/19,L,"[0, 1, 3, 6, 10, 12, 57, 5]","freq bands 4-8,8-13,13-30, k=38, n_components=3"
Bandpower + PCA + KNN,48.573163751933784%, 9/19,L,"[0, 1, 3, 6, 10, 12, 57, 6]","freq bands 4-8,8-13,13-30, k=38, n_components=3"
Bandpower + PCA + KNN,45.19080592475945%, 9/19,L,"[0, 1, 3, 6, 10, 12, 57, 7]","freq bands 4-8,8-13,13-30, k=38, n_components=3"
Bandpower + PCA + KNN,42.093256945268614%, 9/19,L,"[0, 1, 3, 6, 10, 12, 57, 8]","freq bands 4-8,8-13,13-30, k=38, n_components=3"
Bandpower + PCA + KNN,53.14033117274518%, 10/19,L,"[0, 1, 3, 6, 10, 12, 57, 9]","freq bands 4-8,8-13,13-30, k=38, n_components=3"
Bandpower + PCA + KNN,54.27139693832487%, 11/19,L,"[0, 1, 3, 6, 10, 12, 57, 10]","freq bands 4-8,8-13,13-30, k=38, n_components=3"
Bandpower + PCA + KNN,56.154134445875684%, 11/19,L,"[0, 1, 3, 6, 10, 12, 57, 11]","freq bands 4-8,8-13,13-30, k=38, n_components=3"
Bandpower + PCA + KNN,56.66403661533623%, 11/19,L,"[0, 1, 3, 6, 10, 12, 57, 12]","freq bands 4-8,8-13,13-30, k=38, n_components=3"
Bandpower + PCA + KNN,55.09708642418878%, 11/19,L,"[0, 1, 3, 6, 10, 12, 57, 13]","freq bands 4-8,8-13,13-30, k=38, n_components=3"
Bandpower + PCA + KNN,55.225679640787675%, 10/19,L,"[0, 1, 3, 6, 10, 12, 57, 14]","freq bands 4-8,8-13,13-30, k=38, n_components=3"
Bandpower + PCA + KNN,57.59710857588064%, 13/19,L,"[0, 1, 3, 6, 10, 12, 57, 15]","freq bands 4-8,8-13,13-30, k=38, n_components=3"
Bandpower + PCA + KNN,49.09107478098467%, 9/19,L,"[0, 1, 3, 6, 10, 12, 57, 16]","freq bands 4-8,8-13,13-30, k=38, n_components=3"
Bandpower + PCA + KNN,48.26880306545007%, 9/19,L,"[0, 1, 3, 6, 10, 12, 57, 17]","freq bands 4-8,8-13,13-30, k=38, n_components=3"
Bandpower + PCA + KNN,51.89941417878696%, 9/19,L,"[0, 1, 3, 6, 10, 12, 57, 18]","freq bands 4-8,8-13,13-30, k=38, n_components=3"
Bandpower + PCA + KNN,57.86035520890655%, 11/19,L,"[0, 1, 3, 6, 10, 12, 57, 19]","freq bands 4-8,8-13,13-30, k=38, n_components=3"
Bandpower + PCA + KNN,56.31417330372332%, 12/19,L,"[0, 1, 3, 6, 10, 12, 57, 20]","freq bands 4-8,8-13,13-30, k=38, n_components=3"
Bandpower + PCA + KNN,45.75501830724452%, 9/19,L,"[0, 1, 3, 6, 10, 12, 57, 21]","freq bands 4-8,8-13,13-30, k=38, n_components=3"
Bandpower + PCA + KNN,46.724741891345026%, 9/19,L,"[0, 1, 3, 6, 10, 12, 57, 22]","freq bands 4-8,8-13,13-30, k=38, n_components=3"
Bandpower + PCA + KNN,41.84448997500406%, 9/19,L,"[0, 1, 3, 6, 10, 12, 57, 23]","freq bands 4-8,8-13,13-30, k=38, n_components=3"
Bandpower + PCA + KNN,44.50482809644964%, 9/19,L,"[0, 1, 3, 6, 10, 12, 57, 24]","freq bands 4-8,8-13,13-30, k=38, n_components=3"
Bandpower + PCA + KNN,41.115348887031914%, 9/19,L,"[0, 1, 3, 6, 10, 12, 57, 25]","freq bands 4-8,8-13,13-30, k=38, n_components=3"
Bandpower + PCA + KNN,45.33749315314399%, 9/19,L,"[0, 1, 3, 6, 10, 12, 57, 26]","freq bands 4-8,8-13,13-30, k=38, n_components=3"
Bandpower + PCA + KNN,51.50311361461014%, 10/19,L,"[0, 1, 3, 6, 10, 12, 57, 27]","freq bands 4-8,8-13,13-30, k=38, n_components=3"
Bandpower + PCA + KNN,50.75693104605307%, 9/19,L,"[0, 1, 3, 6, 10, 12, 57, 28]","freq bands 4-8,8-13,13-30, k=38, n_components=3"
Bandpower + PCA + KNN,52.79760556080766%, 11/19,L,"[0, 1, 3, 6, 10, 12, 57, 29]","freq bands 4-8,8-13,13-30, k=38, n_components=3"
Bandpower + PCA + KNN,49.76065769906462%, 8/19,L,"[0, 1, 3, 6, 10, 12, 57, 30]","freq bands 4-8,8-13,13-30, k=38, n_components=3"
Bandpower + PCA + KNN,53.25496849675273%, 11/19,L,"[0, 1, 3, 6, 10, 12, 57, 31]","freq bands 4-8,8-13,13-30, k=38, n_components=3"
Bandpower + PCA + KNN,52.07518757092995%, 10/19,L,"[0, 1, 3, 6, 10, 12, 57, 32]","freq bands 4-8,8-13,13-30, k=38, n_components=3"
Bandpower + PCA + KNN,54.4396499696341%, 11/19,L,"[0, 1, 3, 6, 10, 12, 57, 33]","freq bands 4-8,8-13,13-30, k=38, n_components=3"
Bandpower + PCA + KNN,50.55636504233768%, 9/19,L,"[0, 1, 3, 6, 10, 12, 57, 34]","freq bands 4-8,8-13,13-30, k=38, n_components=3"
Bandpower + PCA + KNN,54.01260736340535%, 11/19,L,"[0, 1, 3, 6, 10, 12, 57, 35]","freq bands 4-8,8-13,13-30, k=38, n_components=3"
Bandpower + PCA + KNN,42.06488909580599%, 10/19,L,"[0, 1, 3, 6, 10, 12, 57, 36]","freq bands 4-8,8-13,13-30, k=38, n_components=3"
Bandpower + PCA + KNN,48.15652685535813%, 8/19,L,"[0, 1, 3, 6, 10, 12, 57, 37]","freq bands 4-8,8-13,13-30, k=38, n_components=3"
Bandpower + PCA + KNN,42.786212594649754%, 9/19,L,"[0, 1, 3, 6, 10, 12, 57, 38]","freq bands 4-8,8-13,13-30, k=38, n_components=3"
Bandpower + PCA + KNN,52.18310633836389%, 11/19,L,"[0, 1, 3, 6, 10, 12, 57, 39]","freq bands 4-8,8-13,13-30, k=38, n_components=3"
Bandpower + PCA + KNN,46.23564977563864%, 9/19,L,"[0, 1, 3, 6, 10, 12, 57, 40]","freq bands 4-8,8-13,13-30, k=38, n_components=3"
Bandpower + PCA + KNN,44.349181549118086%, 8/19,L,"[0, 1, 3, 6, 10, 12, 57, 41]","freq bands 4-8,8-13,13-30, k=38, n_components=3"
Bandpower + PCA + KNN,54.62809007069863%, 11/19,L,"[0, 1, 3, 6, 10, 12, 57, 42]","freq bands 4-8,8-13,13-30, k=38, n_components=3"
Bandpower + PCA + KNN,48.11262796081414%, 6/19,L,"[0, 1, 3, 6, 10, 12, 57, 43]","freq bands 4-8,8-13,13-30, k=38, n_components=3"
Bandpower + PCA + KNN,53.84727734989643%, 10/19,L,"[0, 1, 3, 6, 10, 12, 57, 44]","freq bands 4-8,8-13,13-30, k=38, n_components=3"
Bandpower + PCA + KNN,50.08744347467068%, 8/19,L,"[0, 1, 3, 6, 10, 12, 57, 45]","freq bands 4-8,8-13,13-30, k=38, n_components=3"
Bandpower + PCA + KNN,44.59387667626674%, 7/19,L,"[0, 1, 3, 6, 10, 12, 57, 46]","freq bands 4-8,8-13,13-30, k=38, n_components=3"
Bandpower + PCA + KNN,51.243079536435076%, 10/19,L,"[0, 1, 3, 6, 10, 12, 57, 47]","freq bands 4-8,8-13,13-30, k=38, n_components=3"
Bandpower + PCA + KNN,50.22167524454628%, 9/19,L,"[0, 1, 3, 6, 10, 12, 57, 48]","freq bands 4-8,8-13,13-30, k=38, n_components=3"
Bandpower + PCA + KNN,49.94067015847875%, 10/19,L,"[0, 1, 3, 6, 10, 12, 57, 49]","freq bands 4-8,8-13,13-30, k=38, n_components=3"
Bandpower + PCA + KNN,47.57318461364317%, 8/19,L,"[0, 1, 3, 6, 10, 12, 57, 50]","freq bands 4-8,8-13,13-30, k=38, n_components=3"
Bandpower + PCA + KNN,47.27141814961998%, 6/19,L,"[0, 1, 3, 6, 10, 12, 57, 51]","freq bands 4-8,8-13,13-30, k=38, n_components=3"
Bandpower + PCA + KNN,43.848034842839894%, 10/19,L,"[0, 1, 3, 6, 10, 12, 57, 52]","freq bands 4-8,8-13,13-30, k=38, n_components=3"
Bandpower + PCA + KNN,41.13629409328404%, 9/19,L,"[0, 1, 3, 6, 10, 12, 57, 53]","freq bands 4-8,8-13,13-30, k=38, n_components=3"
Bandpower + PCA + KNN,39.070431787088985%, 7/19,L,"[0, 1, 3, 6, 10, 12, 57, 54]","freq bands 4-8,8-13,13-30, k=38, n_components=3"
Bandpower + PCA + KNN,41.616178499207884%, 7/19,L,"[0, 1, 3, 6, 10, 12, 57, 55]","freq bands 4-8,8-13,13-30, k=38, n_components=3"
Bandpower + PCA + KNN,52.63549618147394%, 10/19,L,"[0, 1, 3, 6, 10, 12, 57, 56]","freq bands 4-8,8-13,13-30, k=38, n_components=3"
Bandpower + PCA + KNN,57.613781105023556%, 12/19,L,"[0, 1, 3, 6, 10, 12, 57, 57]","freq bands 4-8,8-13,13-30, k=38, n_components=3"
Bandpower + PCA + KNN,46.57933389000227%, 8/19,L,"[0, 1, 3, 6, 10, 12, 57, 58]","freq bands 4-8,8-13,13-30, k=38, n_components=3"
Bandpower + PCA + KNN,51.55728112342627%, 10/19,L,"[0, 1, 3, 6, 10, 12, 57, 59]","freq bands 4-8,8-13,13-30, k=38, n_components=3"
Bandpower + PCA + KNN,44.75201127938402%, 10/19,L,"[0, 1, 3, 6, 10, 12, 57, 60]","freq bands 4-8,8-13,13-30, k=38, n_components=3"
