Bandpower + PCA + KNN,44.39%, 7/19,RH,"[0, 4, 0]","freq bands 4-8,8-13,13-30, k=27, n_components=3"
Bandpower + PCA + KNN,47.86%, 6/19,RH,"[0, 4, 1]","freq bands 4-8,8-13,13-30, k=27, n_components=3"
Bandpower + PCA + KNN,54.71%, 9/19,RH,"[0, 4, 2]","freq bands 4-8,8-13,13-30, k=27, n_components=3"
Bandpower + PCA + KNN,43.06%, 8/19,RH,"[0, 4, 3]","freq bands 4-8,8-13,13-30, k=27, n_components=3"
Bandpower + PCA + KNN,44.20%, 9/19,RH,"[0, 4, 4]","freq bands 4-8,8-13,13-30, k=27, n_components=3"
Bandpower + PCA + KNN,43.58%, 8/19,RH,"[0, 4, 5]","freq bands 4-8,8-13,13-30, k=27, n_components=3"
Bandpower + PCA + KNN,41.54%, 8/19,RH,"[0, 4, 6]","freq bands 4-8,8-13,13-30, k=27, n_components=3"
Bandpower + PCA + KNN,44.76%, 10/19,RH,"[0, 4, 7]","freq bands 4-8,8-13,13-30, k=27, n_components=3"
Bandpower + PCA + KNN,40.73%, 8/19,RH,"[0, 4, 8]","freq bands 4-8,8-13,13-30, k=27, n_components=3"
Bandpower + PCA + KNN,42.66%, 8/19,RH,"[0, 4, 9]","freq bands 4-8,8-13,13-30, k=27, n_components=3"
Bandpower + PCA + KNN,46.04%, 9/19,RH,"[0, 4, 10]","freq bands 4-8,8-13,13-30, k=27, n_components=3"
Bandpower + PCA + KNN,39.22%, 9/19,RH,"[0, 4, 11]","freq bands 4-8,8-13,13-30, k=27, n_components=3"
Bandpower + PCA + KNN,43.62%, 10/19,RH,"[0, 4, 12]","freq bands 4-8,8-13,13-30, k=27, n_components=3"
Bandpower + PCA + KNN,50.86%, 10/19,RH,"[0, 4, 13]","freq bands 4-8,8-13,13-30, k=27, n_components=3"
Bandpower + PCA + KNN,40.47%, 10/19,RH,"[0, 4, 14]","freq bands 4-8,8-13,13-30, k=27, n_components=3"
Bandpower + PCA + KNN,53.47%, 8/19,RH,"[0, 4, 15]","freq bands 4-8,8-13,13-30, k=27, n_components=3"
Bandpower + PCA + KNN,42.37%, 8/19,RH,"[0, 4, 16]","freq bands 4-8,8-13,13-30, k=27, n_components=3"
Bandpower + PCA + KNN,39.07%, 9/19,RH,"[0, 4, 17]","freq bands 4-8,8-13,13-30, k=27, n_components=3"
Bandpower + PCA + KNN,46.37%, 8/19,RH,"[0, 4, 19]","freq bands 4-8,8-13,13-30, k=27, n_components=3"
Bandpower + PCA + KNN,45.99%, 6/19,RH,"[0, 4, 19]","freq bands 4-8,8-13,13-30, k=27, n_components=3"
Bandpower + PCA + KNN,51.76%, 11/19,RH,"[0, 4, 20]","freq bands 4-8,8-13,13-30, k=27, n_components=3"
Bandpower + PCA + KNN,40.27%, 8/19,RH,"[0, 4, 21]","freq bands 4-8,8-13,13-30, k=27, n_components=3"
Bandpower + PCA + KNN,43.99%, 8/19,RH,"[0, 4, 22]","freq bands 4-8,8-13,13-30, k=27, n_components=3"
Bandpower + PCA + KNN,37.16%, 3/19,RH,"[0, 4, 23]","freq bands 4-8,8-13,13-30, k=27, n_components=3"
Bandpower + PCA + KNN,43.83%, 9/19,RH,"[0, 4, 24]","freq bands 4-8,8-13,13-30, k=27, n_components=3"
Bandpower + PCA + KNN,44.07%, 9/19,RH,"[0, 4, 25]","freq bands 4-8,8-13,13-30, k=27, n_components=3"
Bandpower + PCA + KNN,45.87%, 9/19,RH,"[0, 4, 26]","freq bands 4-8,8-13,13-30, k=27, n_components=3"
Bandpower + PCA + KNN,44.83%, 10/19,RH,"[0, 4, 27]","freq bands 4-8,8-13,13-30, k=27, n_components=3"
Bandpower + PCA + KNN,43.53%, 10/19,RH,"[0, 4, 28]","freq bands 4-8,8-13,13-30, k=27, n_components=3"
Bandpower + PCA + KNN,45.99%, 10/19,RH,"[0, 4, 29]","freq bands 4-8,8-13,13-30, k=27, n_components=3"
Bandpower + PCA + KNN,45.55%, 10/19,RH,"[0, 4, 30]","freq bands 4-8,8-13,13-30, k=27, n_components=3"
Bandpower + PCA + KNN,44.31%, 9/19,RH,"[0, 4, 31]","freq bands 4-8,8-13,13-30, k=27, n_components=3"
Bandpower + PCA + KNN,43.33%, 9/19,RH,"[0, 4, 32]","freq bands 4-8,8-13,13-30, k=27, n_components=3"
Bandpower + PCA + KNN,42.62%, 10/19,RH,"[0, 4, 33]","freq bands 4-8,8-13,13-30, k=27, n_components=3"
Bandpower + PCA + KNN,40.85%, 9/19,RH,"[0, 4, 34]","freq bands 4-8,8-13,13-30, k=27, n_components=3"
Bandpower + PCA + KNN,52.22%, 10/19,RH,"[0, 4, 35]","freq bands 4-8,8-13,13-30, k=27, n_components=3"
Bandpower + PCA + KNN,46.46%, 10/19,RH,"[0, 4, 36]","freq bands 4-8,8-13,13-30, k=27, n_components=3"
Bandpower + PCA + KNN,42.65%, 10/19,RH,"[0, 4, 37]","freq bands 4-8,8-13,13-30, k=27, n_components=3"
Bandpower + PCA + KNN,45.25%, 10/19,RH,"[0, 4, 38]","freq bands 4-8,8-13,13-30, k=27, n_components=3"
Bandpower + PCA + KNN,39.70%, 9/19,RH,"[0, 4, 39]","freq bands 4-8,8-13,13-30, k=27, n_components=3"
Bandpower + PCA + KNN,43.19%, 10/19,RH,"[0, 4, 40]","freq bands 4-8,8-13,13-30, k=27, n_components=3"
Bandpower + PCA + KNN,40.42%, 8/19,RH,"[0, 4, 41]","freq bands 4-8,8-13,13-30, k=27, n_components=3"
Bandpower + PCA + KNN,43.90%, 10/19,RH,"[0, 4, 42]","freq bands 4-8,8-13,13-30, k=27, n_components=3"
Bandpower + PCA + KNN,42.06%, 6/19,RH,"[0, 4, 43]","freq bands 4-8,8-13,13-30, k=27, n_components=3"
Bandpower + PCA + KNN,40.68%, 8/19,RH,"[0, 4, 44]","freq bands 4-8,8-13,13-30, k=27, n_components=3"
Bandpower + PCA + KNN,45.66%, 10/19,RH,"[0, 4, 45]","freq bands 4-8,8-13,13-30, k=27, n_components=3"
Bandpower + PCA + KNN,45.54%, 8/19,RH,"[0, 4, 46]","freq bands 4-8,8-13,13-30, k=27, n_components=3"
Bandpower + PCA + KNN,46.38%, 10/19,RH,"[0, 4, 47]","freq bands 4-8,8-13,13-30, k=27, n_components=3"
Bandpower + PCA + KNN,42.12%, 10/19,RH,"[0, 4, 48]","freq bands 4-8,8-13,13-30, k=27, n_components=3"
Bandpower + PCA + KNN,42.90%, 9/19,RH,"[0, 4, 49]","freq bands 4-8,8-13,13-30, k=27, n_components=3"
Bandpower + PCA + KNN,45.31%, 10/19,RH,"[0, 4, 50]","freq bands 4-8,8-13,13-30, k=27, n_components=3"
Bandpower + PCA + KNN,45.35%, 10/19,RH,"[0, 4, 51]","freq bands 4-8,8-13,13-30, k=27, n_components=3"
Bandpower + PCA + KNN,45.32%, 9/19,RH,"[0, 4, 52]","freq bands 4-8,8-13,13-30, k=27, n_components=3"
Bandpower + PCA + KNN,44.67%, 10/19,RH,"[0, 4, 53]","freq bands 4-8,8-13,13-30, k=27, n_components=3"
Bandpower + PCA + KNN,40.65%, 8/19,RH,"[0, 4, 54]","freq bands 4-8,8-13,13-30, k=27, n_components=3"
Bandpower + PCA + KNN,44.87%, 10/19,RH,"[0, 4, 55]","freq bands 4-8,8-13,13-30, k=27, n_components=3"
Bandpower + PCA + KNN,49.71%, 8/19,RH,"[0, 4, 56]","freq bands 4-8,8-13,13-30, k=27, n_components=3"
Bandpower + PCA + KNN,44.26%, 9/19,RH,"[0, 4, 57]","freq bands 4-8,8-13,13-30, k=27, n_components=3"
Bandpower + PCA + KNN,42.45%, 8/19,RH,"[0, 4, 58]","freq bands 4-8,8-13,13-30, k=27, n_components=3"
Bandpower + PCA + KNN,44.02%, 8/19,RH,"[0, 4, 59]","freq bands 4-8,8-13,13-30, k=27, n_components=3"
Bandpower + PCA + KNN,43.45%, 10/19,RH,"[0, 4, 60]","freq bands 4-8,8-13,13-30, k=27, n_components=3"
Bandpower + PCA + KNN,50.70%, 9/19,RH,"[0, 2, 4, 0]","freq bands 4-8,8-13,13-30, k=27, n_components=3"
Bandpower + PCA + KNN,51.61%, 8/19,RH,"[0, 2, 4, 1]","freq bands 4-8,8-13,13-30, k=27, n_components=3"
Bandpower + PCA + KNN,54.65%, 9/19,RH,"[0, 2, 4, 2]","freq bands 4-8,8-13,13-30, k=27, n_components=3"
Bandpower + PCA + KNN,41.85%, 8/19,RH,"[0, 2, 4, 3]","freq bands 4-8,8-13,13-30, k=27, n_components=3"
Bandpower + PCA + KNN,44.55%, 9/19,RH,"[0, 2, 4, 4]","freq bands 4-8,8-13,13-30, k=27, n_components=3"
Bandpower + PCA + KNN,51.73%, 10/19,RH,"[0, 2, 4, 5]","freq bands 4-8,8-13,13-30, k=27, n_components=3"
Bandpower + PCA + KNN,37.71%, 8/19,RH,"[0, 2, 4, 6]","freq bands 4-8,8-13,13-30, k=27, n_components=3"
Bandpower + PCA + KNN,41.57%, 10/19,RH,"[0, 2, 4, 7]","freq bands 4-8,8-13,13-30, k=27, n_components=3"
Bandpower + PCA + KNN,42.39%, 8/19,RH,"[0, 2, 4, 8]","freq bands 4-8,8-13,13-30, k=27, n_components=3"
Bandpower + PCA + KNN,46.83%, 6/19,RH,"[0, 2, 4, 9]","freq bands 4-8,8-13,13-30, k=27, n_components=3"
Bandpower + PCA + KNN,47.86%, 8/19,RH,"[0, 2, 4, 10]","freq bands 4-8,8-13,13-30, k=27, n_components=3"
Bandpower + PCA + KNN,39.67%, 6/19,RH,"[0, 2, 4, 11]","freq bands 4-8,8-13,13-30, k=27, n_components=3"
Bandpower + PCA + KNN,42.87%, 10/19,RH,"[0, 2, 4, 12]","freq bands 4-8,8-13,13-30, k=27, n_components=3"
Bandpower + PCA + KNN,45.68%, 8/19,RH,"[0, 2, 4, 13]","freq bands 4-8,8-13,13-30, k=27, n_components=3"
Bandpower + PCA + KNN,40.98%, 7/19,RH,"[0, 2, 4, 14]","freq bands 4-8,8-13,13-30, k=27, n_components=3"
Bandpower + PCA + KNN,54.56%, 8/19,RH,"[0, 2, 4, 15]","freq bands 4-8,8-13,13-30, k=27, n_components=3"
Bandpower + PCA + KNN,42.06%, 8/19,RH,"[0, 2, 4, 16]","freq bands 4-8,8-13,13-30, k=27, n_components=3"
Bandpower + PCA + KNN,39.77%, 8/19,RH,"[0, 2, 4, 17]","freq bands 4-8,8-13,13-30, k=27, n_components=3"
Bandpower + PCA + KNN,45.57%, 8/19,RH,"[0, 2, 4, 19]","freq bands 4-8,8-13,13-30, k=27, n_components=3"
Bandpower + PCA + KNN,51.33%, 8/19,RH,"[0, 2, 4, 19]","freq bands 4-8,8-13,13-30, k=27, n_components=3"
Bandpower + PCA + KNN,54.72%, 12/19,RH,"[0, 2, 4, 20]","freq bands 4-8,8-13,13-30, k=27, n_components=3"
Bandpower + PCA + KNN,41.24%, 8/19,RH,"[0, 2, 4, 21]","freq bands 4-8,8-13,13-30, k=27, n_components=3"
Bandpower + PCA + KNN,44.65%, 9/19,RH,"[0, 2, 4, 22]","freq bands 4-8,8-13,13-30, k=27, n_components=3"
Bandpower + PCA + KNN,38.61%, 4/19,RH,"[0, 2, 4, 23]","freq bands 4-8,8-13,13-30, k=27, n_components=3"
Bandpower + PCA + KNN,43.77%, 9/19,RH,"[0, 2, 4, 24]","freq bands 4-8,8-13,13-30, k=27, n_components=3"
Bandpower + PCA + KNN,42.00%, 9/19,RH,"[0, 2, 4, 25]","freq bands 4-8,8-13,13-30, k=27, n_components=3"
Bandpower + PCA + KNN,44.09%, 8/19,RH,"[0, 2, 4, 26]","freq bands 4-8,8-13,13-30, k=27, n_components=3"
Bandpower + PCA + KNN,45.74%, 10/19,RH,"[0, 2, 4, 27]","freq bands 4-8,8-13,13-30, k=27, n_components=3"
Bandpower + PCA + KNN,43.89%, 10/19,RH,"[0, 2, 4, 28]","freq bands 4-8,8-13,13-30, k=27, n_components=3"
Bandpower + PCA + KNN,45.06%, 10/19,RH,"[0, 2, 4, 29]","freq bands 4-8,8-13,13-30, k=27, n_components=3"
Bandpower + PCA + KNN,44.99%, 10/19,RH,"[0, 2, 4, 30]","freq bands 4-8,8-13,13-30, k=27, n_components=3"
Bandpower + PCA + KNN,44.13%, 9/19,RH,"[0, 2, 4, 31]","freq bands 4-8,8-13,13-30, k=27, n_components=3"
Bandpower + PCA + KNN,42.10%, 10/19,RH,"[0, 2, 4, 32]","freq bands 4-8,8-13,13-30, k=27, n_components=3"
Bandpower + PCA + KNN,43.30%, 10/19,RH,"[0, 2, 4, 33]","freq bands 4-8,8-13,13-30, k=27, n_components=3"
Bandpower + PCA + KNN,43.68%, 5/19,RH,"[0, 2, 4, 34]","freq bands 4-8,8-13,13-30, k=27, n_components=3"
Bandpower + PCA + KNN,48.97%, 10/19,RH,"[0, 2, 4, 35]","freq bands 4-8,8-13,13-30, k=27, n_components=3"
Bandpower + PCA + KNN,46.85%, 10/19,RH,"[0, 2, 4, 36]","freq bands 4-8,8-13,13-30, k=27, n_components=3"
Bandpower + PCA + KNN,44.21%, 10/19,RH,"[0, 2, 4, 37]","freq bands 4-8,8-13,13-30, k=27, n_components=3"
Bandpower + PCA + KNN,44.80%, 10/19,RH,"[0, 2, 4, 38]","freq bands 4-8,8-13,13-30, k=27, n_components=3"
Bandpower + PCA + KNN,39.95%, 9/19,RH,"[0, 2, 4, 39]","freq bands 4-8,8-13,13-30, k=27, n_components=3"
Bandpower + PCA + KNN,43.51%, 10/19,RH,"[0, 2, 4, 40]","freq bands 4-8,8-13,13-30, k=27, n_components=3"
Bandpower + PCA + KNN,40.32%, 9/19,RH,"[0, 2, 4, 41]","freq bands 4-8,8-13,13-30, k=27, n_components=3"
Bandpower + PCA + KNN,42.07%, 9/19,RH,"[0, 2, 4, 42]","freq bands 4-8,8-13,13-30, k=27, n_components=3"
Bandpower + PCA + KNN,42.54%, 7/19,RH,"[0, 2, 4, 43]","freq bands 4-8,8-13,13-30, k=27, n_components=3"
Bandpower + PCA + KNN,42.15%, 9/19,RH,"[0, 2, 4, 44]","freq bands 4-8,8-13,13-30, k=27, n_components=3"
Bandpower + PCA + KNN,45.46%, 9/19,RH,"[0, 2, 4, 45]","freq bands 4-8,8-13,13-30, k=27, n_components=3"
Bandpower + PCA + KNN,45.55%, 9/19,RH,"[0, 2, 4, 46]","freq bands 4-8,8-13,13-30, k=27, n_components=3"
Bandpower + PCA + KNN,46.01%, 10/19,RH,"[0, 2, 4, 47]","freq bands 4-8,8-13,13-30, k=27, n_components=3"
Bandpower + PCA + KNN,40.46%, 9/19,RH,"[0, 2, 4, 48]","freq bands 4-8,8-13,13-30, k=27, n_components=3"
Bandpower + PCA + KNN,43.77%, 10/19,RH,"[0, 2, 4, 49]","freq bands 4-8,8-13,13-30, k=27, n_components=3"
Bandpower + PCA + KNN,45.25%, 10/19,RH,"[0, 2, 4, 50]","freq bands 4-8,8-13,13-30, k=27, n_components=3"
Bandpower + PCA + KNN,45.64%, 10/19,RH,"[0, 2, 4, 51]","freq bands 4-8,8-13,13-30, k=27, n_components=3"
Bandpower + PCA + KNN,46.15%, 9/19,RH,"[0, 2, 4, 52]","freq bands 4-8,8-13,13-30, k=27, n_components=3"
Bandpower + PCA + KNN,45.12%, 10/19,RH,"[0, 2, 4, 53]","freq bands 4-8,8-13,13-30, k=27, n_components=3"
Bandpower + PCA + KNN,38.25%, 8/19,RH,"[0, 2, 4, 54]","freq bands 4-8,8-13,13-30, k=27, n_components=3"
Bandpower + PCA + KNN,44.38%, 8/19,RH,"[0, 2, 4, 55]","freq bands 4-8,8-13,13-30, k=27, n_components=3"
Bandpower + PCA + KNN,49.02%, 8/19,RH,"[0, 2, 4, 56]","freq bands 4-8,8-13,13-30, k=27, n_components=3"
Bandpower + PCA + KNN,45.41%, 10/19,RH,"[0, 2, 4, 57]","freq bands 4-8,8-13,13-30, k=27, n_components=3"
Bandpower + PCA + KNN,42.36%, 9/19,RH,"[0, 2, 4, 58]","freq bands 4-8,8-13,13-30, k=27, n_components=3"
Bandpower + PCA + KNN,37.82%, 5/19,RH,"[0, 2, 4, 59]","freq bands 4-8,8-13,13-30, k=27, n_components=3"
Bandpower + PCA + KNN,44.28%, 9/19,RH,"[0, 2, 4, 60]","freq bands 4-8,8-13,13-30, k=27, n_components=3"
Bandpower + PCA + KNN,48.35%, 8/19,RH,"[0, 2, 4]","freq bands 4-8,8-13,13-30, k=1, n_components=3"
Bandpower + PCA + KNN,53.98%, 9/19,RH,"[0, 2, 4]","freq bands 4-8,8-13,13-30, k=11, n_components=3"
Bandpower + PCA + KNN,54.90%, 9/19,RH,"[0, 2, 4]","freq bands 4-8,8-13,13-30, k=21, n_components=3"
Bandpower + PCA + KNN,53.46%, 8/19,RH,"[0, 2, 4]","freq bands 4-8,8-13,13-30, k=31, n_components=3"
Bandpower + PCA + KNN,53.69%, 9/19,RH,"[0, 2, 4]","freq bands 4-8,8-13,13-30, k=41, n_components=3"
Bandpower + PCA + KNN,52.68%, 9/19,RH,"[0, 2, 4]","freq bands 4-8,8-13,13-30, k=51, n_components=3"
Bandpower + PCA + KNN,51.90%, 9/19,RH,"[0, 2, 4]","freq bands 4-8,8-13,13-30, k=61, n_components=3"
Bandpower + PCA + KNN,51.31%, 9/19,RH,"[0, 2, 4]","freq bands 4-8,8-13,13-30, k=71, n_components=3"
Bandpower + PCA + KNN,51.76%, 9/19,RH,"[0, 2, 4]","freq bands 4-8,8-13,13-30, k=81, n_components=3"
Bandpower + PCA + KNN,50.23%, 8/19,RH,"[0, 2, 4]","freq bands 4-8,8-13,13-30, k=91, n_components=3"
Bandpower + PCA + KNN,49.60%, 7/19,RH,"[0, 2, 4]","freq bands 4-8,8-13,13-30, k=101, n_components=3"
Bandpower + PCA + KNN,49.44%, 7/19,RH,"[0, 2, 4]","freq bands 4-8,8-13,13-30, k=111, n_components=3"
Bandpower + PCA + KNN,48.77%, 8/19,RH,"[0, 2, 4]","freq bands 4-8,8-13,13-30, k=121, n_components=3"
Bandpower + PCA + KNN,45.45%, 7/19,RH,"[0, 2, 4]","freq bands 4-8,8-13,13-30, k=131, n_components=3"
Bandpower + PCA + KNN,45.41%, 6/19,RH,"[0, 2, 4]","freq bands 4-8,8-13,13-30, k=141, n_components=3"
Bandpower + PCA + KNN,53.98%, 9/19,RH,"[0, 2, 4]","freq bands 4-8,8-13,13-30, k=11, n_components=3"
Bandpower + PCA + KNN,53.40%, 10/19,RH,"[0, 2, 4]","freq bands 4-8,8-13,13-30, k=12, n_components=3"
Bandpower + PCA + KNN,54.10%, 9/19,RH,"[0, 2, 4]","freq bands 4-8,8-13,13-30, k=13, n_components=3"
Bandpower + PCA + KNN,54.54%, 9/19,RH,"[0, 2, 4]","freq bands 4-8,8-13,13-30, k=14, n_components=3"
Bandpower + PCA + KNN,55.24%, 9/19,RH,"[0, 2, 4]","freq bands 4-8,8-13,13-30, k=15, n_components=3"
Bandpower + PCA + KNN,54.91%, 9/19,RH,"[0, 2, 4]","freq bands 4-8,8-13,13-30, k=16, n_components=3"
Bandpower + PCA + KNN,55.26%, 10/19,RH,"[0, 2, 4]","freq bands 4-8,8-13,13-30, k=17, n_components=3"
Bandpower + PCA + KNN,55.15%, 9/19,RH,"[0, 2, 4]","freq bands 4-8,8-13,13-30, k=19, n_components=3"
Bandpower + PCA + KNN,56.45%, 10/19,RH,"[0, 2, 4]","freq bands 4-8,8-13,13-30, k=19, n_components=3"
Bandpower + PCA + KNN,55.02%, 8/19,RH,"[0, 2, 4]","freq bands 4-8,8-13,13-30, k=20, n_components=3"
Bandpower + PCA + KNN,54.90%, 9/19,RH,"[0, 2, 4]","freq bands 4-8,8-13,13-30, k=21, n_components=3"
Bandpower + PCA + KNN,54.81%, 8/19,RH,"[0, 2, 4]","freq bands 4-8,8-13,13-30, k=22, n_components=3"
Bandpower + PCA + KNN,54.45%, 9/19,RH,"[0, 2, 4]","freq bands 4-8,8-13,13-30, k=23, n_components=3"
Bandpower + PCA + KNN,54.73%, 8/19,RH,"[0, 2, 4]","freq bands 4-8,8-13,13-30, k=24, n_components=3"
Bandpower + PCA + KNN,54.63%, 9/19,RH,"[0, 2, 4]","freq bands 4-8,8-13,13-30, k=25, n_components=3"
Bandpower + PCA + KNN,54.72%, 8/19,RH,"[0, 2, 4]","freq bands 4-8,8-13,13-30, k=26, n_components=3"
Bandpower + PCA + KNN,54.71%, 9/19,RH,"[0, 2, 4]","freq bands 4-8,8-13,13-30, k=27, n_components=3"
Bandpower + PCA + KNN,54.39%, 8/19,RH,"[0, 2, 4]","freq bands 4-8,8-13,13-30, k=28, n_components=3"
Bandpower + PCA + KNN,54.43%, 9/19,RH,"[0, 2, 4]","freq bands 4-8,8-13,13-30, k=29, n_components=3"
Bandpower + PCA + KNN,53.70%, 8/19,RH,"[0, 2, 4]","freq bands 4-8,8-13,13-30, k=30, n_components=3"
Bandpower + PCA + KNN,48.86%, 9/19,RH,"[0, 2, 4, 0]","freq bands 4-8,8-13,13-30, k=19, n_components=3"
Bandpower + PCA + KNN,50.47%, 7/19,RH,"[0, 2, 4, 1]","freq bands 4-8,8-13,13-30, k=19, n_components=3"
Bandpower + PCA + KNN,55.47%, 10/19,RH,"[0, 2, 4, 2]","freq bands 4-8,8-13,13-30, k=19, n_components=3"
Bandpower + PCA + KNN,42.77%, 8/19,RH,"[0, 2, 4, 3]","freq bands 4-8,8-13,13-30, k=19, n_components=3"
Bandpower + PCA + KNN,44.23%, 9/19,RH,"[0, 2, 4, 4]","freq bands 4-8,8-13,13-30, k=19, n_components=3"
Bandpower + PCA + KNN,52.64%, 10/19,RH,"[0, 2, 4, 5]","freq bands 4-8,8-13,13-30, k=19, n_components=3"
Bandpower + PCA + KNN,39.96%, 7/19,RH,"[0, 2, 4, 6]","freq bands 4-8,8-13,13-30, k=19, n_components=3"
Bandpower + PCA + KNN,42.15%, 9/19,RH,"[0, 2, 4, 7]","freq bands 4-8,8-13,13-30, k=19, n_components=3"
Bandpower + PCA + KNN,43.06%, 8/19,RH,"[0, 2, 4, 8]","freq bands 4-8,8-13,13-30, k=19, n_components=3"
Bandpower + PCA + KNN,45.41%, 6/19,RH,"[0, 2, 4, 9]","freq bands 4-8,8-13,13-30, k=19, n_components=3"
Bandpower + PCA + KNN,47.39%, 7/19,RH,"[0, 2, 4, 10]","freq bands 4-8,8-13,13-30, k=19, n_components=3"
Bandpower + PCA + KNN,39.38%, 7/19,RH,"[0, 2, 4, 11]","freq bands 4-8,8-13,13-30, k=19, n_components=3"
Bandpower + PCA + KNN,42.22%, 9/19,RH,"[0, 2, 4, 12]","freq bands 4-8,8-13,13-30, k=19, n_components=3"
Bandpower + PCA + KNN,48.99%, 10/19,RH,"[0, 2, 4, 13]","freq bands 4-8,8-13,13-30, k=19, n_components=3"
Bandpower + PCA + KNN,43.37%, 8/19,RH,"[0, 2, 4, 14]","freq bands 4-8,8-13,13-30, k=19, n_components=3"
Bandpower + PCA + KNN,54.61%, 8/19,RH,"[0, 2, 4, 15]","freq bands 4-8,8-13,13-30, k=19, n_components=3"
Bandpower + PCA + KNN,42.97%, 8/19,RH,"[0, 2, 4, 16]","freq bands 4-8,8-13,13-30, k=19, n_components=3"
Bandpower + PCA + KNN,39.87%, 8/19,RH,"[0, 2, 4, 17]","freq bands 4-8,8-13,13-30, k=19, n_components=3"
Bandpower + PCA + KNN,43.57%, 7/19,RH,"[0, 2, 4, 19]","freq bands 4-8,8-13,13-30, k=19, n_components=3"
Bandpower + PCA + KNN,51.33%, 8/19,RH,"[0, 2, 4, 19]","freq bands 4-8,8-13,13-30, k=19, n_components=3"
Bandpower + PCA + KNN,55.01%, 12/19,RH,"[0, 2, 4, 20]","freq bands 4-8,8-13,13-30, k=19, n_components=3"
Bandpower + PCA + KNN,38.89%, 8/19,RH,"[0, 2, 4, 21]","freq bands 4-8,8-13,13-30, k=19, n_components=3"
Bandpower + PCA + KNN,43.82%, 9/19,RH,"[0, 2, 4, 22]","freq bands 4-8,8-13,13-30, k=19, n_components=3"
Bandpower + PCA + KNN,42.07%, 5/19,RH,"[0, 2, 4, 23]","freq bands 4-8,8-13,13-30, k=19, n_components=3"
Bandpower + PCA + KNN,43.41%, 9/19,RH,"[0, 2, 4, 24]","freq bands 4-8,8-13,13-30, k=19, n_components=3"
Bandpower + PCA + KNN,43.04%, 9/19,RH,"[0, 2, 4, 25]","freq bands 4-8,8-13,13-30, k=19, n_components=3"
Bandpower + PCA + KNN,45.16%, 10/19,RH,"[0, 2, 4, 26]","freq bands 4-8,8-13,13-30, k=19, n_components=3"
Bandpower + PCA + KNN,46.06%, 10/19,RH,"[0, 2, 4, 27]","freq bands 4-8,8-13,13-30, k=19, n_components=3"
Bandpower + PCA + KNN,44.46%, 9/19,RH,"[0, 2, 4, 28]","freq bands 4-8,8-13,13-30, k=19, n_components=3"
Bandpower + PCA + KNN,44.85%, 9/19,RH,"[0, 2, 4, 29]","freq bands 4-8,8-13,13-30, k=19, n_components=3"
Bandpower + PCA + KNN,44.97%, 10/19,RH,"[0, 2, 4, 30]","freq bands 4-8,8-13,13-30, k=19, n_components=3"
Bandpower + PCA + KNN,44.26%, 10/19,RH,"[0, 2, 4, 31]","freq bands 4-8,8-13,13-30, k=19, n_components=3"
Bandpower + PCA + KNN,41.62%, 10/19,RH,"[0, 2, 4, 32]","freq bands 4-8,8-13,13-30, k=19, n_components=3"
Bandpower + PCA + KNN,43.25%, 10/19,RH,"[0, 2, 4, 33]","freq bands 4-8,8-13,13-30, k=19, n_components=3"
Bandpower + PCA + KNN,43.23%, 6/19,RH,"[0, 2, 4, 34]","freq bands 4-8,8-13,13-30, k=19, n_components=3"
Bandpower + PCA + KNN,50.43%, 11/19,RH,"[0, 2, 4, 35]","freq bands 4-8,8-13,13-30, k=19, n_components=3"
Bandpower + PCA + KNN,45.76%, 10/19,RH,"[0, 2, 4, 36]","freq bands 4-8,8-13,13-30, k=19, n_components=3"
Bandpower + PCA + KNN,43.15%, 10/19,RH,"[0, 2, 4, 37]","freq bands 4-8,8-13,13-30, k=19, n_components=3"
Bandpower + PCA + KNN,44.80%, 10/19,RH,"[0, 2, 4, 38]","freq bands 4-8,8-13,13-30, k=19, n_components=3"
Bandpower + PCA + KNN,41.02%, 9/19,RH,"[0, 2, 4, 39]","freq bands 4-8,8-13,13-30, k=19, n_components=3"
Bandpower + PCA + KNN,43.20%, 10/19,RH,"[0, 2, 4, 40]","freq bands 4-8,8-13,13-30, k=19, n_components=3"
Bandpower + PCA + KNN,39.92%, 8/19,RH,"[0, 2, 4, 41]","freq bands 4-8,8-13,13-30, k=19, n_components=3"
Bandpower + PCA + KNN,44.31%, 9/19,RH,"[0, 2, 4, 42]","freq bands 4-8,8-13,13-30, k=19, n_components=3"
Bandpower + PCA + KNN,42.64%, 6/19,RH,"[0, 2, 4, 43]","freq bands 4-8,8-13,13-30, k=19, n_components=3"
Bandpower + PCA + KNN,44.06%, 10/19,RH,"[0, 2, 4, 44]","freq bands 4-8,8-13,13-30, k=19, n_components=3"
Bandpower + PCA + KNN,45.00%, 10/19,RH,"[0, 2, 4, 45]","freq bands 4-8,8-13,13-30, k=19, n_components=3"
Bandpower + PCA + KNN,45.35%, 10/19,RH,"[0, 2, 4, 46]","freq bands 4-8,8-13,13-30, k=19, n_components=3"
Bandpower + PCA + KNN,45.51%, 10/19,RH,"[0, 2, 4, 47]","freq bands 4-8,8-13,13-30, k=19, n_components=3"
Bandpower + PCA + KNN,40.70%, 9/19,RH,"[0, 2, 4, 48]","freq bands 4-8,8-13,13-30, k=19, n_components=3"
Bandpower + PCA + KNN,43.29%, 10/19,RH,"[0, 2, 4, 49]","freq bands 4-8,8-13,13-30, k=19, n_components=3"
Bandpower + PCA + KNN,44.75%, 10/19,RH,"[0, 2, 4, 50]","freq bands 4-8,8-13,13-30, k=19, n_components=3"
Bandpower + PCA + KNN,45.05%, 10/19,RH,"[0, 2, 4, 51]","freq bands 4-8,8-13,13-30, k=19, n_components=3"
Bandpower + PCA + KNN,45.29%, 9/19,RH,"[0, 2, 4, 52]","freq bands 4-8,8-13,13-30, k=19, n_components=3"
Bandpower + PCA + KNN,44.13%, 10/19,RH,"[0, 2, 4, 53]","freq bands 4-8,8-13,13-30, k=19, n_components=3"
Bandpower + PCA + KNN,41.16%, 8/19,RH,"[0, 2, 4, 54]","freq bands 4-8,8-13,13-30, k=19, n_components=3"
Bandpower + PCA + KNN,43.44%, 8/19,RH,"[0, 2, 4, 55]","freq bands 4-8,8-13,13-30, k=19, n_components=3"
Bandpower + PCA + KNN,49.37%, 8/19,RH,"[0, 2, 4, 56]","freq bands 4-8,8-13,13-30, k=19, n_components=3"
Bandpower + PCA + KNN,45.85%, 10/19,RH,"[0, 2, 4, 57]","freq bands 4-8,8-13,13-30, k=19, n_components=3"
Bandpower + PCA + KNN,42.82%, 9/19,RH,"[0, 2, 4, 58]","freq bands 4-8,8-13,13-30, k=19, n_components=3"
Bandpower + PCA + KNN,44.40%, 7/19,RH,"[0, 2, 4, 59]","freq bands 4-8,8-13,13-30, k=19, n_components=3"
Bandpower + PCA + KNN,44.16%, 9/19,RH,"[0, 2, 4, 60]","freq bands 4-8,8-13,13-30, k=19, n_components=3"
Bandpower + PCA + KNN,48.85702993151836%, 9/19,RH,"[0, 2, 4, 0]","freq bands 4-8,8-13,13-30, k=19, n_components=3"
Bandpower + PCA + KNN,50.47112890270504%, 7/19,RH,"[0, 2, 4, 1]","freq bands 4-8,8-13,13-30, k=19, n_components=3"
Bandpower + PCA + KNN,55.465427138715185%, 10/19,RH,"[0, 2, 4, 2]","freq bands 4-8,8-13,13-30, k=19, n_components=3"
Bandpower + PCA + KNN,42.76623941355598%, 8/19,RH,"[0, 2, 4, 3]","freq bands 4-8,8-13,13-30, k=19, n_components=3"
Bandpower + PCA + KNN,44.23284698138816%, 9/19,RH,"[0, 2, 4, 4]","freq bands 4-8,8-13,13-30, k=19, n_components=3"
Bandpower + PCA + KNN,52.638211353285755%, 10/19,RH,"[0, 2, 4, 5]","freq bands 4-8,8-13,13-30, k=19, n_components=3"
Bandpower + PCA + KNN,39.95924682625289%, 7/19,RH,"[0, 2, 4, 6]","freq bands 4-8,8-13,13-30, k=19, n_components=3"
Bandpower + PCA + KNN,42.151045720929496%, 9/19,RH,"[0, 2, 4, 7]","freq bands 4-8,8-13,13-30, k=19, n_components=3"
Bandpower + PCA + KNN,43.06439166238828%, 8/19,RH,"[0, 2, 4, 8]","freq bands 4-8,8-13,13-30, k=19, n_components=3"
Bandpower + PCA + KNN,45.40718994722069%, 6/19,RH,"[0, 2, 4, 9]","freq bands 4-8,8-13,13-30, k=19, n_components=3"
Bandpower + PCA + KNN,47.3885503604509%, 7/19,RH,"[0, 2, 4, 10]","freq bands 4-8,8-13,13-30, k=19, n_components=3"
Bandpower + PCA + KNN,39.383689591865654%, 7/19,RH,"[0, 2, 4, 11]","freq bands 4-8,8-13,13-30, k=19, n_components=3"
Bandpower + PCA + KNN,42.22498901797418%, 9/19,RH,"[0, 2, 4, 12]","freq bands 4-8,8-13,13-30, k=19, n_components=3"
Bandpower + PCA + KNN,48.99306374163534%, 10/19,RH,"[0, 2, 4, 13]","freq bands 4-8,8-13,13-30, k=19, n_components=3"
Bandpower + PCA + KNN,43.37127322081351%, 8/19,RH,"[0, 2, 4, 14]","freq bands 4-8,8-13,13-30, k=19, n_components=3"
Bandpower + PCA + KNN,54.606758400161496%, 8/19,RH,"[0, 2, 4, 15]","freq bands 4-8,8-13,13-30, k=19, n_components=3"
Bandpower + PCA + KNN,42.97409456440492%, 8/19,RH,"[0, 2, 4, 16]","freq bands 4-8,8-13,13-30, k=19, n_components=3"
Bandpower + PCA + KNN,39.87102646675697%, 8/19,RH,"[0, 2, 4, 17]","freq bands 4-8,8-13,13-30, k=19, n_components=3"
Bandpower + PCA + KNN,43.569300429330895%, 7/19,RH,"[0, 2, 4, 18]","freq bands 4-8,8-13,13-30, k=19, n_components=3"
Bandpower + PCA + KNN,51.33118110078871%, 8/19,RH,"[0, 2, 4, 19]","freq bands 4-8,8-13,13-30, k=19, n_components=3"
Bandpower + PCA + KNN,55.01263540389928%, 12/19,RH,"[0, 2, 4, 20]","freq bands 4-8,8-13,13-30, k=19, n_components=3"
Bandpower + PCA + KNN,38.89056869154888%, 8/19,RH,"[0, 2, 4, 21]","freq bands 4-8,8-13,13-30, k=19, n_components=3"
Bandpower + PCA + KNN,43.82433367052239%, 9/19,RH,"[0, 2, 4, 22]","freq bands 4-8,8-13,13-30, k=19, n_components=3"
Bandpower + PCA + KNN,42.070578288723965%, 5/19,RH,"[0, 2, 4, 23]","freq bands 4-8,8-13,13-30, k=19, n_components=3"
Bandpower + PCA + KNN,43.40828618485379%, 9/19,RH,"[0, 2, 4, 24]","freq bands 4-8,8-13,13-30, k=19, n_components=3"
Bandpower + PCA + KNN,43.037976610341%, 9/19,RH,"[0, 2, 4, 25]","freq bands 4-8,8-13,13-30, k=19, n_components=3"
Bandpower + PCA + KNN,45.15941672000252%, 10/19,RH,"[0, 2, 4, 26]","freq bands 4-8,8-13,13-30, k=19, n_components=3"
Bandpower + PCA + KNN,46.06347957315486%, 10/19,RH,"[0, 2, 4, 27]","freq bands 4-8,8-13,13-30, k=19, n_components=3"
Bandpower + PCA + KNN,44.45877472525206%, 9/19,RH,"[0, 2, 4, 28]","freq bands 4-8,8-13,13-30, k=19, n_components=3"
Bandpower + PCA + KNN,44.84560669776652%, 9/19,RH,"[0, 2, 4, 29]","freq bands 4-8,8-13,13-30, k=19, n_components=3"
Bandpower + PCA + KNN,44.97289085763714%, 10/19,RH,"[0, 2, 4, 30]","freq bands 4-8,8-13,13-30, k=19, n_components=3"
Bandpower + PCA + KNN,44.26442427739582%, 10/19,RH,"[0, 2, 4, 31]","freq bands 4-8,8-13,13-30, k=19, n_components=3"
Bandpower + PCA + KNN,41.621117530519285%, 10/19,RH,"[0, 2, 4, 32]","freq bands 4-8,8-13,13-30, k=19, n_components=3"
Bandpower + PCA + KNN,43.254680784271024%, 10/19,RH,"[0, 2, 4, 33]","freq bands 4-8,8-13,13-30, k=19, n_components=3"
Bandpower + PCA + KNN,43.23344647348149%, 6/19,RH,"[0, 2, 4, 34]","freq bands 4-8,8-13,13-30, k=19, n_components=3"
Bandpower + PCA + KNN,50.43303453504899%, 11/19,RH,"[0, 2, 4, 35]","freq bands 4-8,8-13,13-30, k=19, n_components=3"
Bandpower + PCA + KNN,45.75872164330298%, 10/19,RH,"[0, 2, 4, 36]","freq bands 4-8,8-13,13-30, k=19, n_components=3"
Bandpower + PCA + KNN,43.15138428342309%, 10/19,RH,"[0, 2, 4, 37]","freq bands 4-8,8-13,13-30, k=19, n_components=3"
Bandpower + PCA + KNN,44.79551318797492%, 10/19,RH,"[0, 2, 4, 38]","freq bands 4-8,8-13,13-30, k=19, n_components=3"
Bandpower + PCA + KNN,41.0192928236434%, 9/19,RH,"[0, 2, 4, 39]","freq bands 4-8,8-13,13-30, k=19, n_components=3"
Bandpower + PCA + KNN,43.198987447977984%, 10/19,RH,"[0, 2, 4, 40]","freq bands 4-8,8-13,13-30, k=19, n_components=3"
Bandpower + PCA + KNN,39.924475114904155%, 8/19,RH,"[0, 2, 4, 41]","freq bands 4-8,8-13,13-30, k=19, n_components=3"
Bandpower + PCA + KNN,44.311703095489804%, 9/19,RH,"[0, 2, 4, 42]","freq bands 4-8,8-13,13-30, k=19, n_components=3"
Bandpower + PCA + KNN,42.640365996539806%, 6/19,RH,"[0, 2, 4, 43]","freq bands 4-8,8-13,13-30, k=19, n_components=3"
Bandpower + PCA + KNN,44.06496131310284%, 10/19,RH,"[0, 2, 4, 44]","freq bands 4-8,8-13,13-30, k=19, n_components=3"
Bandpower + PCA + KNN,45.000469003736875%, 10/19,RH,"[0, 2, 4, 45]","freq bands 4-8,8-13,13-30, k=19, n_components=3"
Bandpower + PCA + KNN,45.354945218326655%, 10/19,RH,"[0, 2, 4, 46]","freq bands 4-8,8-13,13-30, k=19, n_components=3"
Bandpower + PCA + KNN,45.506140598537215%, 10/19,RH,"[0, 2, 4, 47]","freq bands 4-8,8-13,13-30, k=19, n_components=3"
Bandpower + PCA + KNN,40.698197451067145%, 9/19,RH,"[0, 2, 4, 48]","freq bands 4-8,8-13,13-30, k=19, n_components=3"
Bandpower + PCA + KNN,43.29361855645716%, 10/19,RH,"[0, 2, 4, 49]","freq bands 4-8,8-13,13-30, k=19, n_components=3"
Bandpower + PCA + KNN,44.753855854242396%, 10/19,RH,"[0, 2, 4, 50]","freq bands 4-8,8-13,13-30, k=19, n_components=3"
Bandpower + PCA + KNN,45.054471609996746%, 10/19,RH,"[0, 2, 4, 51]","freq bands 4-8,8-13,13-30, k=19, n_components=3"
Bandpower + PCA + KNN,45.29454300990765%, 9/19,RH,"[0, 2, 4, 52]","freq bands 4-8,8-13,13-30, k=19, n_components=3"
Bandpower + PCA + KNN,44.13007020799357%, 10/19,RH,"[0, 2, 4, 53]","freq bands 4-8,8-13,13-30, k=19, n_components=3"
Bandpower + PCA + KNN,41.16436160307585%, 8/19,RH,"[0, 2, 4, 54]","freq bands 4-8,8-13,13-30, k=19, n_components=3"
Bandpower + PCA + KNN,43.437409014680725%, 8/19,RH,"[0, 2, 4, 55]","freq bands 4-8,8-13,13-30, k=19, n_components=3"
Bandpower + PCA + KNN,49.36700323747596%, 8/19,RH,"[0, 2, 4, 56]","freq bands 4-8,8-13,13-30, k=19, n_components=3"
Bandpower + PCA + KNN,45.854400938995994%, 10/19,RH,"[0, 2, 4, 57]","freq bands 4-8,8-13,13-30, k=19, n_components=3"
Bandpower + PCA + KNN,42.82058807934624%, 9/19,RH,"[0, 2, 4, 58]","freq bands 4-8,8-13,13-30, k=19, n_components=3"
Bandpower + PCA + KNN,44.40265772148509%, 7/19,RH,"[0, 2, 4, 59]","freq bands 4-8,8-13,13-30, k=19, n_components=3"
Bandpower + PCA + KNN,44.15772799367959%, 9/19,RH,"[0, 2, 4, 60]","freq bands 4-8,8-13,13-30, k=19, n_components=3"
Bandpower + PCA + KNN,43.420301373444275%, 4/19,RH,[0],"freq bands 4-8,8-13,13-30, k=19, n_components=3"
Bandpower + PCA + KNN,39.40722792469556%, 6/19,RH,[1],"freq bands 4-8,8-13,13-30, k=19, n_components=3"
Bandpower + PCA + KNN,48.39876033874894%, 10/19,RH,[2],"freq bands 4-8,8-13,13-30, k=19, n_components=3"
Bandpower + PCA + KNN,43.57423765956111%, 9/19,RH,[3],"freq bands 4-8,8-13,13-30, k=19, n_components=3"
Bandpower + PCA + KNN,41.75584036193553%, 8/19,RH,[4],"freq bands 4-8,8-13,13-30, k=19, n_components=3"
Bandpower + PCA + KNN,42.115391217575635%, 8/19,RH,[5],"freq bands 4-8,8-13,13-30, k=19, n_components=3"
Bandpower + PCA + KNN,40.926323103658426%, 8/19,RH,[6],"freq bands 4-8,8-13,13-30, k=19, n_components=3"
Bandpower + PCA + KNN,42.67035066070113%, 8/19,RH,[7],"freq bands 4-8,8-13,13-30, k=19, n_components=3"
Bandpower + PCA + KNN,48.987702666428916%, 11/19,RH,[8],"freq bands 4-8,8-13,13-30, k=19, n_components=3"
Bandpower + PCA + KNN,42.74157061209509%, 8/19,RH,[9],"freq bands 4-8,8-13,13-30, k=19, n_components=3"
Bandpower + PCA + KNN,42.69108187798073%, 8/19,RH,[10],"freq bands 4-8,8-13,13-30, k=19, n_components=3"
Bandpower + PCA + KNN,44.46211972808326%, 8/19,RH,[11],"freq bands 4-8,8-13,13-30, k=19, n_components=3"
Bandpower + PCA + KNN,43.94466062465408%, 10/19,RH,[12],"freq bands 4-8,8-13,13-30, k=19, n_components=3"
Bandpower + PCA + KNN,43.69341860318163%, 9/19,RH,[13],"freq bands 4-8,8-13,13-30, k=19, n_components=3"
Bandpower + PCA + KNN,42.80139599735306%, 7/19,RH,[14],"freq bands 4-8,8-13,13-30, k=19, n_components=3"
Bandpower + PCA + KNN,42.38064229931583%, 8/19,RH,[15],"freq bands 4-8,8-13,13-30, k=19, n_components=3"
Bandpower + PCA + KNN,43.48907421590404%, 9/19,RH,[16],"freq bands 4-8,8-13,13-30, k=19, n_components=3"
Bandpower + PCA + KNN,46.89272105262899%, 11/19,RH,[17],"freq bands 4-8,8-13,13-30, k=19, n_components=3"
Bandpower + PCA + KNN,44.17399311319781%, 9/19,RH,[18],"freq bands 4-8,8-13,13-30, k=19, n_components=3"
Bandpower + PCA + KNN,41.93551351745775%, 9/19,RH,[19],"freq bands 4-8,8-13,13-30, k=19, n_components=3"
Bandpower + PCA + KNN,41.678713337638555%, 8/19,RH,[20],"freq bands 4-8,8-13,13-30, k=19, n_components=3"
Bandpower + PCA + KNN,40.58881813414496%, 7/19,RH,[21],"freq bands 4-8,8-13,13-30, k=19, n_components=3"
Bandpower + PCA + KNN,42.226849560648624%, 9/19,RH,[22],"freq bands 4-8,8-13,13-30, k=19, n_components=3"
Bandpower + PCA + KNN,41.4601261841174%, 8/19,RH,[23],"freq bands 4-8,8-13,13-30, k=19, n_components=3"
Bandpower + PCA + KNN,42.07387536718228%, 9/19,RH,[24],"freq bands 4-8,8-13,13-30, k=19, n_components=3"
Bandpower + PCA + KNN,46.03265204875383%, 5/19,RH,[25],"freq bands 4-8,8-13,13-30, k=19, n_components=3"
Bandpower + PCA + KNN,47.6384859495798%, 9/19,RH,[26],"freq bands 4-8,8-13,13-30, k=19, n_components=3"
Bandpower + PCA + KNN,40.498645919609025%, 9/19,RH,[27],"freq bands 4-8,8-13,13-30, k=19, n_components=3"
Bandpower + PCA + KNN,41.530172792174724%, 10/19,RH,[28],"freq bands 4-8,8-13,13-30, k=19, n_components=3"
Bandpower + PCA + KNN,40.75430221114767%, 8/19,RH,[29],"freq bands 4-8,8-13,13-30, k=19, n_components=3"
Bandpower + PCA + KNN,43.180377311706124%, 9/19,RH,[30],"freq bands 4-8,8-13,13-30, k=19, n_components=3"
Bandpower + PCA + KNN,44.8729877189854%, 8/19,RH,[31],"freq bands 4-8,8-13,13-30, k=19, n_components=3"
Bandpower + PCA + KNN,41.945741447795506%, 7/19,RH,[32],"freq bands 4-8,8-13,13-30, k=19, n_components=3"
Bandpower + PCA + KNN,44.106206396555145%, 9/19,RH,[33],"freq bands 4-8,8-13,13-30, k=19, n_components=3"
Bandpower + PCA + KNN,43.95477580724258%, 8/19,RH,[34],"freq bands 4-8,8-13,13-30, k=19, n_components=3"
Bandpower + PCA + KNN,42.915586945057335%, 8/19,RH,[35],"freq bands 4-8,8-13,13-30, k=19, n_components=3"
Bandpower + PCA + KNN,48.19196244493854%, 9/19,RH,[36],"freq bands 4-8,8-13,13-30, k=19, n_components=3"
Bandpower + PCA + KNN,45.26939967891542%, 9/19,RH,[37],"freq bands 4-8,8-13,13-30, k=19, n_components=3"
Bandpower + PCA + KNN,45.3800635610774%, 9/19,RH,[38],"freq bands 4-8,8-13,13-30, k=19, n_components=3"
Bandpower + PCA + KNN,41.74689180255331%, 8/19,RH,[39],"freq bands 4-8,8-13,13-30, k=19, n_components=3"
Bandpower + PCA + KNN,43.57220417069145%, 8/19,RH,[40],"freq bands 4-8,8-13,13-30, k=19, n_components=3"
Bandpower + PCA + KNN,38.56804719712238%, 8/19,RH,[41],"freq bands 4-8,8-13,13-30, k=19, n_components=3"
Bandpower + PCA + KNN,41.19441078269889%, 7/19,RH,[42],"freq bands 4-8,8-13,13-30, k=19, n_components=3"
Bandpower + PCA + KNN,43.11307262614464%, 7/19,RH,[43],"freq bands 4-8,8-13,13-30, k=19, n_components=3"
Bandpower + PCA + KNN,48.97276131152853%, 10/19,RH,[44],"freq bands 4-8,8-13,13-30, k=19, n_components=3"
Bandpower + PCA + KNN,37.41735916285936%, 7/19,RH,[45],"freq bands 4-8,8-13,13-30, k=19, n_components=3"
Bandpower + PCA + KNN,42.183063837015915%, 8/19,RH,[46],"freq bands 4-8,8-13,13-30, k=19, n_components=3"
Bandpower + PCA + KNN,41.036240032264196%, 9/19,RH,[47],"freq bands 4-8,8-13,13-30, k=19, n_components=3"
Bandpower + PCA + KNN,40.318809490982055%, 7/19,RH,[48],"freq bands 4-8,8-13,13-30, k=19, n_components=3"
Bandpower + PCA + KNN,41.85107872203429%, 9/19,RH,[49],"freq bands 4-8,8-13,13-30, k=19, n_components=3"
Bandpower + PCA + KNN,40.4788656074211%, 8/19,RH,[50],"freq bands 4-8,8-13,13-30, k=19, n_components=3"
Bandpower + PCA + KNN,39.82739244806753%, 9/19,RH,[51],"freq bands 4-8,8-13,13-30, k=19, n_components=3"
Bandpower + PCA + KNN,48.415031806756524%, 10/19,RH,[52],"freq bands 4-8,8-13,13-30, k=19, n_components=3"
Bandpower + PCA + KNN,44.62076072277944%, 9/19,RH,[53],"freq bands 4-8,8-13,13-30, k=19, n_components=3"
Bandpower + PCA + KNN,46.003553582776526%, 10/19,RH,[54],"freq bands 4-8,8-13,13-30, k=19, n_components=3"
Bandpower + PCA + KNN,42.57241525572481%, 8/19,RH,[55],"freq bands 4-8,8-13,13-30, k=19, n_components=3"
Bandpower + PCA + KNN,42.9148074163193%, 6/19,RH,[56],"freq bands 4-8,8-13,13-30, k=19, n_components=3"
Bandpower + PCA + KNN,42.06872692554728%, 8/19,RH,[57],"freq bands 4-8,8-13,13-30, k=19, n_components=3"
Bandpower + PCA + KNN,43.77958706734124%, 10/19,RH,[58],"freq bands 4-8,8-13,13-30, k=19, n_components=3"
Bandpower + PCA + KNN,45.55039962975325%, 7/19,RH,[59],"freq bands 4-8,8-13,13-30, k=19, n_components=3"
Bandpower + PCA + KNN,44.59556433349326%, 4/19,RH,[60],"freq bands 4-8,8-13,13-30, k=19, n_components=3"
Bandpower + PCA + KNN,51.36758819146736%, 9/19,RH,[8],"freq bands 4-8,8-13,13-30, k=1, n_components=3"
Bandpower + PCA + KNN,49.32219111179631%, 6/19,RH,[8],"freq bands 4-8,8-13,13-30, k=4, n_components=3"
Bandpower + PCA + KNN,49.366549930869546%, 11/19,RH,[8],"freq bands 4-8,8-13,13-30, k=7, n_components=3"
Bandpower + PCA + KNN,48.6132788635692%, 11/19,RH,[8],"freq bands 4-8,8-13,13-30, k=10, n_components=3"
Bandpower + PCA + KNN,48.73715258357934%, 11/19,RH,[8],"freq bands 4-8,8-13,13-30, k=13, n_components=3"
Bandpower + PCA + KNN,49.37298620472069%, 11/19,RH,[8],"freq bands 4-8,8-13,13-30, k=16, n_components=3"
Bandpower + PCA + KNN,48.987702666428916%, 11/19,RH,[8],"freq bands 4-8,8-13,13-30, k=19, n_components=3"
Bandpower + PCA + KNN,49.07659840567328%, 11/19,RH,[8],"freq bands 4-8,8-13,13-30, k=22, n_components=3"
Bandpower + PCA + KNN,49.04796416928281%, 11/19,RH,[8],"freq bands 4-8,8-13,13-30, k=25, n_components=3"
Bandpower + PCA + KNN,48.0682444514455%, 11/19,RH,[8],"freq bands 4-8,8-13,13-30, k=28, n_components=3"
Bandpower + PCA + KNN,48.75966262529175%, 11/19,RH,[8],"freq bands 4-8,8-13,13-30, k=31, n_components=3"
Bandpower + PCA + KNN,48.499201739690136%, 11/19,RH,[8],"freq bands 4-8,8-13,13-30, k=34, n_components=3"
Bandpower + PCA + KNN,47.871266858862946%, 11/19,RH,[8],"freq bands 4-8,8-13,13-30, k=37, n_components=3"
Bandpower + PCA + KNN,47.816931514134296%, 11/19,RH,[8],"freq bands 4-8,8-13,13-30, k=40, n_components=3"
Bandpower + PCA + KNN,47.54034039872493%, 11/19,RH,[8],"freq bands 4-8,8-13,13-30, k=43, n_components=3"
Bandpower + PCA + KNN,46.963242910326294%, 10/19,RH,[8],"freq bands 4-8,8-13,13-30, k=46, n_components=3"
Bandpower + PCA + KNN,47.23678177288709%, 11/19,RH,[8],"freq bands 4-8,8-13,13-30, k=49, n_components=3"
Bandpower + PCA + KNN,47.43326685316395%, 11/19,RH,[8],"freq bands 4-8,8-13,13-30, k=52, n_components=3"
Bandpower + PCA + KNN,47.14253596051029%, 11/19,RH,[8],"freq bands 4-8,8-13,13-30, k=55, n_components=3"
Bandpower + PCA + KNN,46.77882085452339%, 10/19,RH,[8],"freq bands 4-8,8-13,13-30, k=58, n_components=3"
Bandpower + PCA + KNN,46.83555016129158%, 10/19,RH,[8],"freq bands 4-8,8-13,13-30, k=61, n_components=3"
Bandpower + PCA + KNN,47.21963593715307%, 10/19,RH,[8],"freq bands 4-8,8-13,13-30, k=64, n_components=3"
Bandpower + PCA + KNN,46.69282549325689%, 11/19,RH,[8],"freq bands 4-8,8-13,13-30, k=67, n_components=3"
Bandpower + PCA + KNN,46.191988895711795%, 10/19,RH,[8],"freq bands 4-8,8-13,13-30, k=70, n_components=3"
Bandpower + PCA + KNN,46.632435003556886%, 11/19,RH,[8],"freq bands 4-8,8-13,13-30, k=73, n_components=3"
Bandpower + PCA + KNN,46.20103886652379%, 10/19,RH,[8],"freq bands 4-8,8-13,13-30, k=76, n_components=3"
Bandpower + PCA + KNN,45.86214684706181%, 10/19,RH,[8],"freq bands 4-8,8-13,13-30, k=79, n_components=3"
Bandpower + PCA + KNN,46.21188233372669%, 10/19,RH,[8],"freq bands 4-8,8-13,13-30, k=82, n_components=3"
Bandpower + PCA + KNN,46.388567149595126%, 10/19,RH,[8],"freq bands 4-8,8-13,13-30, k=85, n_components=3"
Bandpower + PCA + KNN,46.89058070755352%, 10/19,RH,[8],"freq bands 4-8,8-13,13-30, k=88, n_components=3"
Bandpower + PCA + KNN,46.357357234919746%, 10/19,RH,[8],"freq bands 4-8,8-13,13-30, k=91, n_components=3"
Bandpower + PCA + KNN,47.44666683717931%, 10/19,RH,[8],"freq bands 4-8,8-13,13-30, k=94, n_components=3"
Bandpower + PCA + KNN,47.615648750064814%, 10/19,RH,[8],"freq bands 4-8,8-13,13-30, k=97, n_components=3"
Bandpower + PCA + KNN,51.36758819146736%, 9/19,RH,[8],"freq bands 4-8,8-13,13-30, k=1, n_components=3"
Bandpower + PCA + KNN,47.85311886755917%, 9/19,RH,[8],"freq bands 4-8,8-13,13-30, k=6, n_components=3"
Bandpower + PCA + KNN,48.965425136444225%, 11/19,RH,[8],"freq bands 4-8,8-13,13-30, k=11, n_components=3"
Bandpower + PCA + KNN,49.37298620472069%, 11/19,RH,[8],"freq bands 4-8,8-13,13-30, k=16, n_components=3"
Bandpower + PCA + KNN,49.126711494484205%, 11/19,RH,[8],"freq bands 4-8,8-13,13-30, k=21, n_components=3"
Bandpower + PCA + KNN,48.407435339847964%, 11/19,RH,[8],"freq bands 4-8,8-13,13-30, k=26, n_components=3"
Bandpower + PCA + KNN,48.75966262529175%, 11/19,RH,[8],"freq bands 4-8,8-13,13-30, k=31, n_components=3"
Bandpower + PCA + KNN,48.109807174234206%, 11/19,RH,[8],"freq bands 4-8,8-13,13-30, k=36, n_components=3"
Bandpower + PCA + KNN,48.01769571049895%, 11/19,RH,[8],"freq bands 4-8,8-13,13-30, k=41, n_components=3"
Bandpower + PCA + KNN,46.963242910326294%, 10/19,RH,[8],"freq bands 4-8,8-13,13-30, k=46, n_components=3"
Bandpower + PCA + KNN,47.12037660398563%, 11/19,RH,[8],"freq bands 4-8,8-13,13-30, k=51, n_components=3"
Bandpower + PCA + KNN,47.144413406415765%, 10/19,RH,[8],"freq bands 4-8,8-13,13-30, k=56, n_components=3"
Bandpower + PCA + KNN,46.83555016129158%, 10/19,RH,[8],"freq bands 4-8,8-13,13-30, k=61, n_components=3"
Bandpower + PCA + KNN,46.640973578171945%, 11/19,RH,[8],"freq bands 4-8,8-13,13-30, k=66, n_components=3"
Bandpower + PCA + KNN,46.2759008286542%, 10/19,RH,[8],"freq bands 4-8,8-13,13-30, k=71, n_components=3"
Bandpower + PCA + KNN,46.20103886652379%, 10/19,RH,[8],"freq bands 4-8,8-13,13-30, k=76, n_components=3"
Bandpower + PCA + KNN,45.984906097950464%, 10/19,RH,[8],"freq bands 4-8,8-13,13-30, k=81, n_components=3"
Bandpower + PCA + KNN,46.40143091453645%, 10/19,RH,[8],"freq bands 4-8,8-13,13-30, k=86, n_components=3"
Bandpower + PCA + KNN,46.357357234919746%, 10/19,RH,[8],"freq bands 4-8,8-13,13-30, k=91, n_components=3"
Bandpower + PCA + KNN,47.36341906312313%, 10/19,RH,[8],"freq bands 4-8,8-13,13-30, k=96, n_components=3"
Bandpower + PCA + KNN,50.435617555513176%, 10/19,RH,"[7, 0]","freq bands 4-8,8-13,13-30, k=38, n_components=3"
Bandpower + PCA + KNN,48.56219746541395%, 8/19,RH,"[7, 1]","freq bands 4-8,8-13,13-30, k=38, n_components=3"
Bandpower + PCA + KNN,46.667720384385%, 9/19,RH,"[7, 2]","freq bands 4-8,8-13,13-30, k=38, n_components=3"
Bandpower + PCA + KNN,45.40363421076461%, 7/19,RH,"[7, 3]","freq bands 4-8,8-13,13-30, k=38, n_components=3"
Bandpower + PCA + KNN,41.651812204698444%, 10/19,RH,"[7, 4]","freq bands 4-8,8-13,13-30, k=38, n_components=3"
Bandpower + PCA + KNN,47.912574116707816%, 9/19,RH,"[7, 5]","freq bands 4-8,8-13,13-30, k=38, n_components=3"
Bandpower + PCA + KNN,46.37551534697157%, 8/19,RH,"[7, 6]","freq bands 4-8,8-13,13-30, k=38, n_components=3"
Bandpower + PCA + KNN,42.96826480819006%, 7/19,RH,"[7, 7]","freq bands 4-8,8-13,13-30, k=38, n_components=3"
Bandpower + PCA + KNN,43.77184538889365%, 6/19,RH,"[7, 8]","freq bands 4-8,8-13,13-30, k=38, n_components=3"
Bandpower + PCA + KNN,43.808003313594476%, 8/19,RH,"[7, 9]","freq bands 4-8,8-13,13-30, k=38, n_components=3"
Bandpower + PCA + KNN,44.376748878470664%, 9/19,RH,"[7, 10]","freq bands 4-8,8-13,13-30, k=38, n_components=3"
Bandpower + PCA + KNN,41.956551481390115%, 7/19,RH,"[7, 11]","freq bands 4-8,8-13,13-30, k=38, n_components=3"
Bandpower + PCA + KNN,47.44232371526181%, 10/19,RH,"[7, 12]","freq bands 4-8,8-13,13-30, k=38, n_components=3"
Bandpower + PCA + KNN,48.94589776641091%, 9/19,RH,"[7, 13]","freq bands 4-8,8-13,13-30, k=38, n_components=3"
Bandpower + PCA + KNN,41.23696795454832%, 6/19,RH,"[7, 14]","freq bands 4-8,8-13,13-30, k=38, n_components=3"
Bandpower + PCA + KNN,48.86905639679412%, 9/19,RH,"[7, 15]","freq bands 4-8,8-13,13-30, k=38, n_components=3"
Bandpower + PCA + KNN,41.55668223863474%, 6/19,RH,"[7, 16]","freq bands 4-8,8-13,13-30, k=38, n_components=3"
Bandpower + PCA + KNN,42.57823280169767%, 9/19,RH,"[7, 17]","freq bands 4-8,8-13,13-30, k=38, n_components=3"
Bandpower + PCA + KNN,44.292811366963484%, 9/19,RH,"[7, 18]","freq bands 4-8,8-13,13-30, k=38, n_components=3"
Bandpower + PCA + KNN,49.568475175997925%, 12/19,RH,"[7, 19]","freq bands 4-8,8-13,13-30, k=38, n_components=3"
Bandpower + PCA + KNN,45.59677988919647%, 10/19,RH,"[7, 20]","freq bands 4-8,8-13,13-30, k=38, n_components=3"
Bandpower + PCA + KNN,43.84488436037975%, 10/19,RH,"[7, 21]","freq bands 4-8,8-13,13-30, k=38, n_components=3"
Bandpower + PCA + KNN,45.98299374751383%, 10/19,RH,"[7, 22]","freq bands 4-8,8-13,13-30, k=38, n_components=3"
Bandpower + PCA + KNN,43.7806572273672%, 8/19,RH,"[7, 23]","freq bands 4-8,8-13,13-30, k=38, n_components=3"
Bandpower + PCA + KNN,44.22382841903724%, 9/19,RH,"[7, 24]","freq bands 4-8,8-13,13-30, k=38, n_components=3"
Bandpower + PCA + KNN,39.747998447905424%, 4/19,RH,"[7, 25]","freq bands 4-8,8-13,13-30, k=38, n_components=3"
Bandpower + PCA + KNN,43.330121825055215%, 9/19,RH,"[7, 26]","freq bands 4-8,8-13,13-30, k=38, n_components=3"
Bandpower + PCA + KNN,45.52346690067903%, 9/19,RH,"[7, 27]","freq bands 4-8,8-13,13-30, k=38, n_components=3"
Bandpower + PCA + KNN,45.42302136204068%, 9/19,RH,"[7, 28]","freq bands 4-8,8-13,13-30, k=38, n_components=3"
Bandpower + PCA + KNN,44.904882186565295%, 8/19,RH,"[7, 29]","freq bands 4-8,8-13,13-30, k=38, n_components=3"
Bandpower + PCA + KNN,46.357624775539804%, 9/19,RH,"[7, 30]","freq bands 4-8,8-13,13-30, k=38, n_components=3"
Bandpower + PCA + KNN,41.77319433035085%, 9/19,RH,"[7, 31]","freq bands 4-8,8-13,13-30, k=38, n_components=3"
Bandpower + PCA + KNN,44.81210855356228%, 9/19,RH,"[7, 32]","freq bands 4-8,8-13,13-30, k=38, n_components=3"
Bandpower + PCA + KNN,43.14307046846556%, 9/19,RH,"[7, 33]","freq bands 4-8,8-13,13-30, k=38, n_components=3"
Bandpower + PCA + KNN,41.25067325314667%, 8/19,RH,"[7, 34]","freq bands 4-8,8-13,13-30, k=38, n_components=3"
Bandpower + PCA + KNN,44.60716755626199%, 5/19,RH,"[7, 35]","freq bands 4-8,8-13,13-30, k=38, n_components=3"
Bandpower + PCA + KNN,48.25794022939429%, 10/19,RH,"[7, 36]","freq bands 4-8,8-13,13-30, k=38, n_components=3"
Bandpower + PCA + KNN,45.924908710313886%, 9/19,RH,"[7, 37]","freq bands 4-8,8-13,13-30, k=38, n_components=3"
Bandpower + PCA + KNN,46.9901481852569%, 10/19,RH,"[7, 38]","freq bands 4-8,8-13,13-30, k=38, n_components=3"
Bandpower + PCA + KNN,42.02264506673931%, 10/19,RH,"[7, 39]","freq bands 4-8,8-13,13-30, k=38, n_components=3"
Bandpower + PCA + KNN,42.62731111166319%, 10/19,RH,"[7, 40]","freq bands 4-8,8-13,13-30, k=38, n_components=3"
Bandpower + PCA + KNN,42.8180829256861%, 10/19,RH,"[7, 41]","freq bands 4-8,8-13,13-30, k=38, n_components=3"
Bandpower + PCA + KNN,39.05472619149455%, 7/19,RH,"[7, 42]","freq bands 4-8,8-13,13-30, k=38, n_components=3"
Bandpower + PCA + KNN,42.205270792535984%, 8/19,RH,"[7, 43]","freq bands 4-8,8-13,13-30, k=38, n_components=3"
Bandpower + PCA + KNN,43.30161436910447%, 6/19,RH,"[7, 44]","freq bands 4-8,8-13,13-30, k=38, n_components=3"
Bandpower + PCA + KNN,45.92512178847607%, 10/19,RH,"[7, 45]","freq bands 4-8,8-13,13-30, k=38, n_components=3"
Bandpower + PCA + KNN,46.10063662625987%, 8/19,RH,"[7, 46]","freq bands 4-8,8-13,13-30, k=38, n_components=3"
Bandpower + PCA + KNN,46.06826806701109%, 9/19,RH,"[7, 47]","freq bands 4-8,8-13,13-30, k=38, n_components=3"
Bandpower + PCA + KNN,45.029551743902104%, 9/19,RH,"[7, 48]","freq bands 4-8,8-13,13-30, k=38, n_components=3"
Bandpower + PCA + KNN,44.9535470392731%, 10/19,RH,"[7, 49]","freq bands 4-8,8-13,13-30, k=38, n_components=3"
Bandpower + PCA + KNN,46.39684906366884%, 9/19,RH,"[7, 50]","freq bands 4-8,8-13,13-30, k=38, n_components=3"
Bandpower + PCA + KNN,46.47270141269369%, 9/19,RH,"[7, 51]","freq bands 4-8,8-13,13-30, k=38, n_components=3"
Bandpower + PCA + KNN,47.939092230389704%, 10/19,RH,"[7, 52]","freq bands 4-8,8-13,13-30, k=38, n_components=3"
Bandpower + PCA + KNN,43.339283388294106%, 10/19,RH,"[7, 53]","freq bands 4-8,8-13,13-30, k=38, n_components=3"
Bandpower + PCA + KNN,42.7830729284363%, 9/19,RH,"[7, 54]","freq bands 4-8,8-13,13-30, k=38, n_components=3"
Bandpower + PCA + KNN,43.748718810846256%, 10/19,RH,"[7, 55]","freq bands 4-8,8-13,13-30, k=38, n_components=3"
Bandpower + PCA + KNN,37.22722051123821%, 5/19,RH,"[7, 56]","freq bands 4-8,8-13,13-30, k=38, n_components=3"
Bandpower + PCA + KNN,44.38486593627849%, 7/19,RH,"[7, 57]","freq bands 4-8,8-13,13-30, k=38, n_components=3"
Bandpower + PCA + KNN,41.970944224372936%, 8/19,RH,"[7, 58]","freq bands 4-8,8-13,13-30, k=38, n_components=3"
Bandpower + PCA + KNN,41.64036237922324%, 6/19,RH,"[7, 59]","freq bands 4-8,8-13,13-30, k=38, n_components=3"
Bandpower + PCA + KNN,43.59580800638048%, 7/19,RH,"[7, 60]","freq bands 4-8,8-13,13-30, k=38, n_components=3"
Bandpower + PCA + KNN,51.58713214346161%, 8/19,RH,[0],"freq bands 4-8,8-13,13-30, k=38, n_components=3"
Bandpower + PCA + KNN,42.38039950996485%, 7/19,RH,[1],"freq bands 4-8,8-13,13-30, k=38, n_components=3"
Bandpower + PCA + KNN,45.09049498952294%, 8/19,RH,[2],"freq bands 4-8,8-13,13-30, k=38, n_components=3"
Bandpower + PCA + KNN,47.054810508757576%, 9/19,RH,[3],"freq bands 4-8,8-13,13-30, k=38, n_components=3"
Bandpower + PCA + KNN,48.70089313103217%, 10/19,RH,[4],"freq bands 4-8,8-13,13-30, k=38, n_components=3"
Bandpower + PCA + KNN,45.849899114406185%, 10/19,RH,[5],"freq bands 4-8,8-13,13-30, k=38, n_components=3"
Bandpower + PCA + KNN,46.695805608053206%, 10/19,RH,[6],"freq bands 4-8,8-13,13-30, k=38, n_components=3"
Bandpower + PCA + KNN,42.96826480819006%, 7/19,RH,[7],"freq bands 4-8,8-13,13-30, k=38, n_components=3"
Bandpower + PCA + KNN,46.562629256210506%, 9/19,RH,[8],"freq bands 4-8,8-13,13-30, k=38, n_components=3"
Bandpower + PCA + KNN,42.64532000431526%, 9/19,RH,[9],"freq bands 4-8,8-13,13-30, k=38, n_components=3"
Bandpower + PCA + KNN,45.3498572621095%, 10/19,RH,[10],"freq bands 4-8,8-13,13-30, k=38, n_components=3"
Bandpower + PCA + KNN,44.40142380076958%, 7/19,RH,[11],"freq bands 4-8,8-13,13-30, k=38, n_components=3"
Bandpower + PCA + KNN,47.45887989676349%, 10/19,RH,[12],"freq bands 4-8,8-13,13-30, k=38, n_components=3"
Bandpower + PCA + KNN,44.33421661636784%, 9/19,RH,[13],"freq bands 4-8,8-13,13-30, k=38, n_components=3"
Bandpower + PCA + KNN,46.25005225377431%, 10/19,RH,[14],"freq bands 4-8,8-13,13-30, k=38, n_components=3"
Bandpower + PCA + KNN,46.75747569122845%, 10/19,RH,[15],"freq bands 4-8,8-13,13-30, k=38, n_components=3"
Bandpower + PCA + KNN,46.084605399262244%, 10/19,RH,[16],"freq bands 4-8,8-13,13-30, k=38, n_components=3"
Bandpower + PCA + KNN,43.21311455071131%, 9/19,RH,[17],"freq bands 4-8,8-13,13-30, k=38, n_components=3"
Bandpower + PCA + KNN,45.37251414156757%, 9/19,RH,[18],"freq bands 4-8,8-13,13-30, k=38, n_components=3"
Bandpower + PCA + KNN,44.9261661449788%, 9/19,RH,[19],"freq bands 4-8,8-13,13-30, k=38, n_components=3"
Bandpower + PCA + KNN,46.14140218423034%, 10/19,RH,[20],"freq bands 4-8,8-13,13-30, k=38, n_components=3"
Bandpower + PCA + KNN,46.59044147327553%, 9/19,RH,[21],"freq bands 4-8,8-13,13-30, k=38, n_components=3"
Bandpower + PCA + KNN,47.085479656071335%, 9/19,RH,[22],"freq bands 4-8,8-13,13-30, k=38, n_components=3"
Bandpower + PCA + KNN,38.72255315892731%, 8/19,RH,[23],"freq bands 4-8,8-13,13-30, k=38, n_components=3"
Bandpower + PCA + KNN,45.784519803194314%, 9/19,RH,[24],"freq bands 4-8,8-13,13-30, k=38, n_components=3"
Bandpower + PCA + KNN,45.18913211475127%, 7/19,RH,[25],"freq bands 4-8,8-13,13-30, k=38, n_components=3"
Bandpower + PCA + KNN,48.545859165727336%, 10/19,RH,[26],"freq bands 4-8,8-13,13-30, k=38, n_components=3"
Bandpower + PCA + KNN,42.10940678902058%, 8/19,RH,[27],"freq bands 4-8,8-13,13-30, k=38, n_components=3"
Bandpower + PCA + KNN,43.94835551960462%, 9/19,RH,[28],"freq bands 4-8,8-13,13-30, k=38, n_components=3"
Bandpower + PCA + KNN,41.74186307655551%, 9/19,RH,[29],"freq bands 4-8,8-13,13-30, k=38, n_components=3"
Bandpower + PCA + KNN,45.160048098249824%, 9/19,RH,[30],"freq bands 4-8,8-13,13-30, k=38, n_components=3"
Bandpower + PCA + KNN,46.43716633929061%, 9/19,RH,[31],"freq bands 4-8,8-13,13-30, k=38, n_components=3"
Bandpower + PCA + KNN,46.122207235437415%, 9/19,RH,[32],"freq bands 4-8,8-13,13-30, k=38, n_components=3"
Bandpower + PCA + KNN,48.06187293534118%, 10/19,RH,[33],"freq bands 4-8,8-13,13-30, k=38, n_components=3"
Bandpower + PCA + KNN,46.3869294674853%, 10/19,RH,[34],"freq bands 4-8,8-13,13-30, k=38, n_components=3"
Bandpower + PCA + KNN,46.11820588562251%, 10/19,RH,[35],"freq bands 4-8,8-13,13-30, k=38, n_components=3"
Bandpower + PCA + KNN,48.76928668186474%, 10/19,RH,[36],"freq bands 4-8,8-13,13-30, k=38, n_components=3"
Bandpower + PCA + KNN,48.159711897446066%, 10/19,RH,[37],"freq bands 4-8,8-13,13-30, k=38, n_components=3"
Bandpower + PCA + KNN,47.88459632349017%, 10/19,RH,[38],"freq bands 4-8,8-13,13-30, k=38, n_components=3"
Bandpower + PCA + KNN,46.5419189768722%, 10/19,RH,[39],"freq bands 4-8,8-13,13-30, k=38, n_components=3"
Bandpower + PCA + KNN,47.47136879674267%, 10/19,RH,[40],"freq bands 4-8,8-13,13-30, k=38, n_components=3"
Bandpower + PCA + KNN,41.98704175479918%, 10/19,RH,[41],"freq bands 4-8,8-13,13-30, k=38, n_components=3"
Bandpower + PCA + KNN,42.81667006645471%, 10/19,RH,[42],"freq bands 4-8,8-13,13-30, k=38, n_components=3"
Bandpower + PCA + KNN,38.52100166723396%, 8/19,RH,[43],"freq bands 4-8,8-13,13-30, k=38, n_components=3"
Bandpower + PCA + KNN,41.842004052043855%, 6/19,RH,[44],"freq bands 4-8,8-13,13-30, k=38, n_components=3"
Bandpower + PCA + KNN,44.04752051084683%, 9/19,RH,[45],"freq bands 4-8,8-13,13-30, k=38, n_components=3"
Bandpower + PCA + KNN,45.65964327844356%, 9/19,RH,[46],"freq bands 4-8,8-13,13-30, k=38, n_components=3"
Bandpower + PCA + KNN,46.585699757614904%, 10/19,RH,[47],"freq bands 4-8,8-13,13-30, k=38, n_components=3"
Bandpower + PCA + KNN,45.63625889630348%, 9/19,RH,[48],"freq bands 4-8,8-13,13-30, k=38, n_components=3"
Bandpower + PCA + KNN,46.667156720931295%, 10/19,RH,[49],"freq bands 4-8,8-13,13-30, k=38, n_components=3"
Bandpower + PCA + KNN,46.05374949952726%, 9/19,RH,[50],"freq bands 4-8,8-13,13-30, k=38, n_components=3"
Bandpower + PCA + KNN,45.95864293478395%, 9/19,RH,[51],"freq bands 4-8,8-13,13-30, k=38, n_components=3"
Bandpower + PCA + KNN,48.991051630806446%, 10/19,RH,[52],"freq bands 4-8,8-13,13-30, k=38, n_components=3"
Bandpower + PCA + KNN,47.375759796546916%, 9/19,RH,[53],"freq bands 4-8,8-13,13-30, k=38, n_components=3"
Bandpower + PCA + KNN,44.033615038735235%, 9/19,RH,[54],"freq bands 4-8,8-13,13-30, k=38, n_components=3"
Bandpower + PCA + KNN,43.30362675380896%, 10/19,RH,[55],"freq bands 4-8,8-13,13-30, k=38, n_components=3"
Bandpower + PCA + KNN,39.25804053942496%, 5/19,RH,[56],"freq bands 4-8,8-13,13-30, k=38, n_components=3"
Bandpower + PCA + KNN,43.408225599172965%, 9/19,RH,[57],"freq bands 4-8,8-13,13-30, k=38, n_components=3"
Bandpower + PCA + KNN,43.682872492562446%, 8/19,RH,[58],"freq bands 4-8,8-13,13-30, k=38, n_components=3"
Bandpower + PCA + KNN,40.06267437789173%, 6/19,RH,[59],"freq bands 4-8,8-13,13-30, k=38, n_components=3"
Bandpower + PCA + KNN,47.299633076087204%, 6/19,RH,[60],"freq bands 4-8,8-13,13-30, k=38, n_components=3"
Bandpower + PCA + KNN,50.4247288958984%, 8/19,RH,[0],"freq bands 4-8,8-13,13-30, k=65, n_components=3"
Bandpower + PCA + KNN,41.00588783613007%, 7/19,RH,[1],"freq bands 4-8,8-13,13-30, k=65, n_components=3"
Bandpower + PCA + KNN,44.188499532384014%, 8/19,RH,[2],"freq bands 4-8,8-13,13-30, k=65, n_components=3"
Bandpower + PCA + KNN,46.88473491426273%, 9/19,RH,[3],"freq bands 4-8,8-13,13-30, k=65, n_components=3"
Bandpower + PCA + KNN,48.534326852958316%, 10/19,RH,[4],"freq bands 4-8,8-13,13-30, k=65, n_components=3"
Bandpower + PCA + KNN,46.550195759734784%, 10/19,RH,[5],"freq bands 4-8,8-13,13-30, k=65, n_components=3"
Bandpower + PCA + KNN,47.164828147250255%, 10/19,RH,[6],"freq bands 4-8,8-13,13-30, k=65, n_components=3"
Bandpower + PCA + KNN,42.955657821621%, 8/19,RH,[7],"freq bands 4-8,8-13,13-30, k=65, n_components=3"
Bandpower + PCA + KNN,45.59461767967329%, 9/19,RH,[8],"freq bands 4-8,8-13,13-30, k=65, n_components=3"
Bandpower + PCA + KNN,41.983122369818474%, 9/19,RH,[9],"freq bands 4-8,8-13,13-30, k=65, n_components=3"
Bandpower + PCA + KNN,44.78723832533799%, 10/19,RH,[10],"freq bands 4-8,8-13,13-30, k=65, n_components=3"
Bandpower + PCA + KNN,42.797612833275075%, 9/19,RH,[11],"freq bands 4-8,8-13,13-30, k=65, n_components=3"
Bandpower + PCA + KNN,47.270669908190534%, 10/19,RH,[12],"freq bands 4-8,8-13,13-30, k=65, n_components=3"
Bandpower + PCA + KNN,46.351622515161026%, 10/19,RH,[13],"freq bands 4-8,8-13,13-30, k=65, n_components=3"
Bandpower + PCA + KNN,46.43513220494332%, 10/19,RH,[14],"freq bands 4-8,8-13,13-30, k=65, n_components=3"
Bandpower + PCA + KNN,46.94414764418052%, 10/19,RH,[15],"freq bands 4-8,8-13,13-30, k=65, n_components=3"
Bandpower + PCA + KNN,47.29972491291867%, 10/19,RH,[16],"freq bands 4-8,8-13,13-30, k=65, n_components=3"
Bandpower + PCA + KNN,44.03208412723591%, 9/19,RH,[17],"freq bands 4-8,8-13,13-30, k=65, n_components=3"
Bandpower + PCA + KNN,45.778910476783615%, 9/19,RH,[18],"freq bands 4-8,8-13,13-30, k=65, n_components=3"
Bandpower + PCA + KNN,44.635329684976234%, 9/19,RH,[19],"freq bands 4-8,8-13,13-30, k=65, n_components=3"
Bandpower + PCA + KNN,46.94379438472691%, 10/19,RH,[20],"freq bands 4-8,8-13,13-30, k=65, n_components=3"
Bandpower + PCA + KNN,46.594190161234756%, 9/19,RH,[21],"freq bands 4-8,8-13,13-30, k=65, n_components=3"
Bandpower + PCA + KNN,47.4939883991636%, 9/19,RH,[22],"freq bands 4-8,8-13,13-30, k=65, n_components=3"
Bandpower + PCA + KNN,41.790416038699455%, 9/19,RH,[23],"freq bands 4-8,8-13,13-30, k=65, n_components=3"
Bandpower + PCA + KNN,46.76441738683241%, 9/19,RH,[24],"freq bands 4-8,8-13,13-30, k=65, n_components=3"
Bandpower + PCA + KNN,45.73054998998584%, 7/19,RH,[25],"freq bands 4-8,8-13,13-30, k=65, n_components=3"
Bandpower + PCA + KNN,47.0087699736221%, 10/19,RH,[26],"freq bands 4-8,8-13,13-30, k=65, n_components=3"
Bandpower + PCA + KNN,42.77268595129397%, 8/19,RH,[27],"freq bands 4-8,8-13,13-30, k=65, n_components=3"
Bandpower + PCA + KNN,43.64634666184195%, 8/19,RH,[28],"freq bands 4-8,8-13,13-30, k=65, n_components=3"
Bandpower + PCA + KNN,44.27192749582925%, 10/19,RH,[29],"freq bands 4-8,8-13,13-30, k=65, n_components=3"
Bandpower + PCA + KNN,45.65993315388866%, 9/19,RH,[30],"freq bands 4-8,8-13,13-30, k=65, n_components=3"
Bandpower + PCA + KNN,47.30429300555629%, 9/19,RH,[31],"freq bands 4-8,8-13,13-30, k=65, n_components=3"
Bandpower + PCA + KNN,45.72562190237296%, 9/19,RH,[32],"freq bands 4-8,8-13,13-30, k=65, n_components=3"
Bandpower + PCA + KNN,48.15243693172235%, 10/19,RH,[33],"freq bands 4-8,8-13,13-30, k=65, n_components=3"
Bandpower + PCA + KNN,47.23051352341055%, 10/19,RH,[34],"freq bands 4-8,8-13,13-30, k=65, n_components=3"
Bandpower + PCA + KNN,45.73973219619526%, 10/19,RH,[35],"freq bands 4-8,8-13,13-30, k=65, n_components=3"
Bandpower + PCA + KNN,48.955958634816795%, 10/19,RH,[36],"freq bands 4-8,8-13,13-30, k=65, n_components=3"
Bandpower + PCA + KNN,47.973039944494%, 10/19,RH,[37],"freq bands 4-8,8-13,13-30, k=65, n_components=3"
Bandpower + PCA + KNN,48.16047434245472%, 10/19,RH,[38],"freq bands 4-8,8-13,13-30, k=65, n_components=3"
Bandpower + PCA + KNN,46.91503524369241%, 10/19,RH,[39],"freq bands 4-8,8-13,13-30, k=65, n_components=3"
Bandpower + PCA + KNN,47.849243413548685%, 10/19,RH,[40],"freq bands 4-8,8-13,13-30, k=65, n_components=3"
Bandpower + PCA + KNN,42.54975447790231%, 10/19,RH,[41],"freq bands 4-8,8-13,13-30, k=65, n_components=3"
Bandpower + PCA + KNN,43.98428284872444%, 10/19,RH,[42],"freq bands 4-8,8-13,13-30, k=65, n_components=3"
Bandpower + PCA + KNN,40.10223731284995%, 8/19,RH,[43],"freq bands 4-8,8-13,13-30, k=65, n_components=3"
Bandpower + PCA + KNN,40.380656155956814%, 6/19,RH,[44],"freq bands 4-8,8-13,13-30, k=65, n_components=3"
Bandpower + PCA + KNN,44.411404444985806%, 9/19,RH,[45],"freq bands 4-8,8-13,13-30, k=65, n_components=3"
Bandpower + PCA + KNN,45.55545560619782%, 9/19,RH,[46],"freq bands 4-8,8-13,13-30, k=65, n_components=3"
Bandpower + PCA + KNN,47.05666649051558%, 10/19,RH,[47],"freq bands 4-8,8-13,13-30, k=65, n_components=3"
Bandpower + PCA + KNN,45.839324986447%, 9/19,RH,[48],"freq bands 4-8,8-13,13-30, k=65, n_components=3"
Bandpower + PCA + KNN,46.3866106289419%, 10/19,RH,[49],"freq bands 4-8,8-13,13-30, k=65, n_components=3"
Bandpower + PCA + KNN,45.783673880803256%, 9/19,RH,[50],"freq bands 4-8,8-13,13-30, k=65, n_components=3"
Bandpower + PCA + KNN,46.61638459453153%, 9/19,RH,[51],"freq bands 4-8,8-13,13-30, k=65, n_components=3"
Bandpower + PCA + KNN,48.98432984550028%, 10/19,RH,[52],"freq bands 4-8,8-13,13-30, k=65, n_components=3"
Bandpower + PCA + KNN,48.02624458412086%, 9/19,RH,[53],"freq bands 4-8,8-13,13-30, k=65, n_components=3"
Bandpower + PCA + KNN,41.98161785070279%, 9/19,RH,[54],"freq bands 4-8,8-13,13-30, k=65, n_components=3"
Bandpower + PCA + KNN,45.142106871953345%, 9/19,RH,[55],"freq bands 4-8,8-13,13-30, k=65, n_components=3"
Bandpower + PCA + KNN,40.328798900067085%, 6/19,RH,[56],"freq bands 4-8,8-13,13-30, k=65, n_components=3"
Bandpower + PCA + KNN,41.52444251590065%, 8/19,RH,[57],"freq bands 4-8,8-13,13-30, k=65, n_components=3"
Bandpower + PCA + KNN,42.04914943814816%, 8/19,RH,[58],"freq bands 4-8,8-13,13-30, k=65, n_components=3"
Bandpower + PCA + KNN,38.060891329478444%, 8/19,RH,[59],"freq bands 4-8,8-13,13-30, k=65, n_components=3"
Bandpower + PCA + KNN,46.8788788523955%, 5/19,RH,[60],"freq bands 4-8,8-13,13-30, k=65, n_components=3"
Bandpower + PCA + KNN,54.221217102562015%, 9/19,RH,[0],"freq bands 4-8,8-13,13-30, k=1, n_components=3"
Bandpower + PCA + KNN,51.19901670521202%, 9/19,RH,[0],"freq bands 4-8,8-13,13-30, k=6, n_components=3"
Bandpower + PCA + KNN,52.54500769978938%, 10/19,RH,[0],"freq bands 4-8,8-13,13-30, k=11, n_components=3"
Bandpower + PCA + KNN,50.41619445616091%, 8/19,RH,[0],"freq bands 4-8,8-13,13-30, k=16, n_components=3"
Bandpower + PCA + KNN,51.27020798353284%, 9/19,RH,[0],"freq bands 4-8,8-13,13-30, k=21, n_components=3"
Bandpower + PCA + KNN,51.36318975774813%, 7/19,RH,[0],"freq bands 4-8,8-13,13-30, k=26, n_components=3"
Bandpower + PCA + KNN,51.19974339322646%, 8/19,RH,[0],"freq bands 4-8,8-13,13-30, k=31, n_components=3"
Bandpower + PCA + KNN,51.14223324957046%, 9/19,RH,[0],"freq bands 4-8,8-13,13-30, k=36, n_components=3"
Bandpower + PCA + KNN,51.838910587158814%, 9/19,RH,[0],"freq bands 4-8,8-13,13-30, k=41, n_components=3"
Bandpower + PCA + KNN,51.49758031813093%, 8/19,RH,[0],"freq bands 4-8,8-13,13-30, k=46, n_components=3"
Bandpower + PCA + KNN,51.20575113944115%, 8/19,RH,[0],"freq bands 4-8,8-13,13-30, k=51, n_components=3"
Bandpower + PCA + KNN,51.01884993021718%, 8/19,RH,[0],"freq bands 4-8,8-13,13-30, k=56, n_components=3"
Bandpower + PCA + KNN,50.70410167201131%, 9/19,RH,[0],"freq bands 4-8,8-13,13-30, k=61, n_components=3"
Bandpower + PCA + KNN,50.5390899059734%, 8/19,RH,[0],"freq bands 4-8,8-13,13-30, k=66, n_components=3"
Bandpower + PCA + KNN,51.07980989440808%, 8/19,RH,[0],"freq bands 4-8,8-13,13-30, k=71, n_components=3"
Bandpower + PCA + KNN,51.14385355617319%, 8/19,RH,[0],"freq bands 4-8,8-13,13-30, k=76, n_components=3"
Bandpower + PCA + KNN,50.85488722943116%, 8/19,RH,[0],"freq bands 4-8,8-13,13-30, k=81, n_components=3"
Bandpower + PCA + KNN,50.429340332657205%, 8/19,RH,[0],"freq bands 4-8,8-13,13-30, k=86, n_components=3"
Bandpower + PCA + KNN,50.019075581266826%, 8/19,RH,[0],"freq bands 4-8,8-13,13-30, k=91, n_components=3"
Bandpower + PCA + KNN,50.984658342730114%, 8/19,RH,[0],"freq bands 4-8,8-13,13-30, k=96, n_components=3"
Bandpower + PCA + KNN,49.70972584790583%, 8/19,RH,[0],"freq bands 4-8,8-13,13-30, k=101, n_components=3"
Bandpower + PCA + KNN,50.299021203643704%, 9/19,RH,[0],"freq bands 4-8,8-13,13-30, k=106, n_components=3"
Bandpower + PCA + KNN,49.78548826558246%, 9/19,RH,[0],"freq bands 4-8,8-13,13-30, k=111, n_components=3"
Bandpower + PCA + KNN,50.01054840031504%, 9/19,RH,[0],"freq bands 4-8,8-13,13-30, k=116, n_components=3"
Bandpower + PCA + KNN,50.124734898294335%, 9/19,RH,[0],"freq bands 4-8,8-13,13-30, k=121, n_components=3"
Bandpower + PCA + KNN,50.399077942799984%, 9/19,RH,[0],"freq bands 4-8,8-13,13-30, k=126, n_components=3"
Bandpower + PCA + KNN,49.86394285758389%, 9/19,RH,[0],"freq bands 4-8,8-13,13-30, k=131, n_components=3"
Bandpower + PCA + KNN,49.83142850743656%, 9/19,RH,[0],"freq bands 4-8,8-13,13-30, k=136, n_components=3"
Bandpower + PCA + KNN,49.36976516515704%, 9/19,RH,[0],"freq bands 4-8,8-13,13-30, k=141, n_components=3"
Bandpower + PCA + KNN,49.80573938775567%, 9/19,RH,[0],"freq bands 4-8,8-13,13-30, k=146, n_components=3"
Bandpower + PCA + KNN,54.221217102562015%, 9/19,RH,[0],"freq bands 4-8,8-13,13-30, k=1, n_components=3"
Bandpower + PCA + KNN,51.02747224146491%, 9/19,RH,[0],"freq bands 4-8,8-13,13-30, k=2, n_components=3"
Bandpower + PCA + KNN,52.47441835811565%, 9/19,RH,[0],"freq bands 4-8,8-13,13-30, k=3, n_components=3"
Bandpower + PCA + KNN,51.07539947008618%, 8/19,RH,[0],"freq bands 4-8,8-13,13-30, k=4, n_components=3"
Bandpower + PCA + KNN,54.221217102562015%, 9/19,RH,[0],"freq bands 4-8,8-13,13-30, k=1, n_components=3"
Bandpower + PCA + KNN,51.07354056321465%, 11/19,RH,[1],"freq bands 4-8,8-13,13-30, k=1, n_components=3"
Bandpower + PCA + KNN,51.69618971392463%, 10/19,RH,[2],"freq bands 4-8,8-13,13-30, k=1, n_components=3"
Bandpower + PCA + KNN,46.226949275410526%, 9/19,RH,[3],"freq bands 4-8,8-13,13-30, k=1, n_components=3"
Bandpower + PCA + KNN,43.67789585817011%, 9/19,RH,[4],"freq bands 4-8,8-13,13-30, k=1, n_components=3"
Bandpower + PCA + KNN,46.561925124497556%, 9/19,RH,[5],"freq bands 4-8,8-13,13-30, k=1, n_components=3"
Bandpower + PCA + KNN,44.192002763944025%, 10/19,RH,[6],"freq bands 4-8,8-13,13-30, k=1, n_components=3"
Bandpower + PCA + KNN,44.84987121542108%, 7/19,RH,[7],"freq bands 4-8,8-13,13-30, k=1, n_components=3"
Bandpower + PCA + KNN,49.22887230608581%, 9/19,RH,[8],"freq bands 4-8,8-13,13-30, k=1, n_components=3"
Bandpower + PCA + KNN,51.04173113752882%, 8/19,RH,[9],"freq bands 4-8,8-13,13-30, k=1, n_components=3"
Bandpower + PCA + KNN,50.96703246964076%, 12/19,RH,[10],"freq bands 4-8,8-13,13-30, k=1, n_components=3"
Bandpower + PCA + KNN,50.06414949869566%, 8/19,RH,[11],"freq bands 4-8,8-13,13-30, k=1, n_components=3"
Bandpower + PCA + KNN,45.82842239811241%, 10/19,RH,[12],"freq bands 4-8,8-13,13-30, k=1, n_components=3"
Bandpower + PCA + KNN,43.64316821000727%, 9/19,RH,[13],"freq bands 4-8,8-13,13-30, k=1, n_components=3"
Bandpower + PCA + KNN,46.422650851445844%, 10/19,RH,[14],"freq bands 4-8,8-13,13-30, k=1, n_components=3"
Bandpower + PCA + KNN,47.774593932618565%, 10/19,RH,[15],"freq bands 4-8,8-13,13-30, k=1, n_components=3"
Bandpower + PCA + KNN,46.45346092710205%, 10/19,RH,[16],"freq bands 4-8,8-13,13-30, k=1, n_components=3"
Bandpower + PCA + KNN,45.208724210873676%, 9/19,RH,[17],"freq bands 4-8,8-13,13-30, k=1, n_components=3"
Bandpower + PCA + KNN,43.39647341366617%, 9/19,RH,[18],"freq bands 4-8,8-13,13-30, k=1, n_components=3"
Bandpower + PCA + KNN,43.46641562578239%, 9/19,RH,[19],"freq bands 4-8,8-13,13-30, k=1, n_components=3"
Bandpower + PCA + KNN,43.01135686983088%, 8/19,RH,[20],"freq bands 4-8,8-13,13-30, k=1, n_components=3"
Bandpower + PCA + KNN,45.690173564411175%, 9/19,RH,[21],"freq bands 4-8,8-13,13-30, k=1, n_components=3"
Bandpower + PCA + KNN,43.59419242053671%, 9/19,RH,[22],"freq bands 4-8,8-13,13-30, k=1, n_components=3"
Bandpower + PCA + KNN,41.32361546133447%, 7/19,RH,[23],"freq bands 4-8,8-13,13-30, k=1, n_components=3"
Bandpower + PCA + KNN,43.31361533053477%, 10/19,RH,[24],"freq bands 4-8,8-13,13-30, k=1, n_components=3"
Bandpower + PCA + KNN,50.424694418568905%, 8/19,RH,[25],"freq bands 4-8,8-13,13-30, k=1, n_components=3"
Bandpower + PCA + KNN,47.93232002167326%, 10/19,RH,[26],"freq bands 4-8,8-13,13-30, k=1, n_components=3"
Bandpower + PCA + KNN,45.79865406656853%, 7/19,RH,[27],"freq bands 4-8,8-13,13-30, k=1, n_components=3"
Bandpower + PCA + KNN,48.107428829985984%, 11/19,RH,[28],"freq bands 4-8,8-13,13-30, k=1, n_components=3"
Bandpower + PCA + KNN,51.53118148910442%, 9/19,RH,[29],"freq bands 4-8,8-13,13-30, k=1, n_components=3"
Bandpower + PCA + KNN,43.65486315917047%, 9/19,RH,[30],"freq bands 4-8,8-13,13-30, k=1, n_components=3"
Bandpower + PCA + KNN,39.42920418694019%, 9/19,RH,[31],"freq bands 4-8,8-13,13-30, k=1, n_components=3"
Bandpower + PCA + KNN,45.43246811274974%, 10/19,RH,[32],"freq bands 4-8,8-13,13-30, k=1, n_components=3"
Bandpower + PCA + KNN,46.049002838855365%, 9/19,RH,[33],"freq bands 4-8,8-13,13-30, k=1, n_components=3"
Bandpower + PCA + KNN,46.58918022329003%, 10/19,RH,[34],"freq bands 4-8,8-13,13-30, k=1, n_components=3"
Bandpower + PCA + KNN,46.164273161797745%, 10/19,RH,[35],"freq bands 4-8,8-13,13-30, k=1, n_components=3"
Bandpower + PCA + KNN,47.028852830526375%, 9/19,RH,[36],"freq bands 4-8,8-13,13-30, k=1, n_components=3"
Bandpower + PCA + KNN,47.13459926086166%, 10/19,RH,[37],"freq bands 4-8,8-13,13-30, k=1, n_components=3"
Bandpower + PCA + KNN,45.39355298437919%, 10/19,RH,[38],"freq bands 4-8,8-13,13-30, k=1, n_components=3"
Bandpower + PCA + KNN,45.53902131545316%, 11/19,RH,[39],"freq bands 4-8,8-13,13-30, k=1, n_components=3"
Bandpower + PCA + KNN,43.40270381002969%, 9/19,RH,[40],"freq bands 4-8,8-13,13-30, k=1, n_components=3"
Bandpower + PCA + KNN,49.290786540101635%, 9/19,RH,[41],"freq bands 4-8,8-13,13-30, k=1, n_components=3"
Bandpower + PCA + KNN,54.653262292199315%, 9/19,RH,[42],"freq bands 4-8,8-13,13-30, k=1, n_components=3"
Bandpower + PCA + KNN,46.773955158155296%, 5/19,RH,[43],"freq bands 4-8,8-13,13-30, k=1, n_components=3"
Bandpower + PCA + KNN,45.56785936766108%, 10/19,RH,[44],"freq bands 4-8,8-13,13-30, k=1, n_components=3"
Bandpower + PCA + KNN,40.318086931931376%, 8/19,RH,[45],"freq bands 4-8,8-13,13-30, k=1, n_components=3"
Bandpower + PCA + KNN,42.387530254454205%, 8/19,RH,[46],"freq bands 4-8,8-13,13-30, k=1, n_components=3"
Bandpower + PCA + KNN,43.677776277161655%, 9/19,RH,[47],"freq bands 4-8,8-13,13-30, k=1, n_components=3"
Bandpower + PCA + KNN,44.14722871989281%, 9/19,RH,[48],"freq bands 4-8,8-13,13-30, k=1, n_components=3"
Bandpower + PCA + KNN,46.50679689423535%, 10/19,RH,[49],"freq bands 4-8,8-13,13-30, k=1, n_components=3"
Bandpower + PCA + KNN,42.917488102160945%, 9/19,RH,[50],"freq bands 4-8,8-13,13-30, k=1, n_components=3"
Bandpower + PCA + KNN,46.64658328082414%, 9/19,RH,[51],"freq bands 4-8,8-13,13-30, k=1, n_components=3"
Bandpower + PCA + KNN,44.95767253180218%, 9/19,RH,[52],"freq bands 4-8,8-13,13-30, k=1, n_components=3"
Bandpower + PCA + KNN,40.52849392336157%, 8/19,RH,[53],"freq bands 4-8,8-13,13-30, k=1, n_components=3"
Bandpower + PCA + KNN,48.28039821678433%, 7/19,RH,[54],"freq bands 4-8,8-13,13-30, k=1, n_components=3"
Bandpower + PCA + KNN,38.20393339333471%, 3/19,RH,[55],"freq bands 4-8,8-13,13-30, k=1, n_components=3"
Bandpower + PCA + KNN,45.38069417889897%, 8/19,RH,[56],"freq bands 4-8,8-13,13-30, k=1, n_components=3"
Bandpower + PCA + KNN,47.330793727896896%, 10/19,RH,[57],"freq bands 4-8,8-13,13-30, k=1, n_components=3"
Bandpower + PCA + KNN,47.394079600409746%, 8/19,RH,[58],"freq bands 4-8,8-13,13-30, k=1, n_components=3"
Bandpower + PCA + KNN,46.676929017324184%, 6/19,RH,[59],"freq bands 4-8,8-13,13-30, k=1, n_components=3"
Bandpower + PCA + KNN,49.46542249950088%, 8/19,RH,[60],"freq bands 4-8,8-13,13-30, k=1, n_components=3"
Bandpower + PCA + KNN,51.11021719298109%, 7/19,RH,"[42, 0]","freq bands 4-8,8-13,13-30, k=1, n_components=3"
Bandpower + PCA + KNN,51.58619477635346%, 7/19,RH,"[42, 1]","freq bands 4-8,8-13,13-30, k=1, n_components=3"
Bandpower + PCA + KNN,52.13870195476474%, 7/19,RH,"[42, 2]","freq bands 4-8,8-13,13-30, k=1, n_components=3"
Bandpower + PCA + KNN,54.247618459275856%, 10/19,RH,"[42, 3]","freq bands 4-8,8-13,13-30, k=1, n_components=3"
Bandpower + PCA + KNN,50.75884523425922%, 9/19,RH,"[42, 4]","freq bands 4-8,8-13,13-30, k=1, n_components=3"
Bandpower + PCA + KNN,43.45336139659855%, 8/19,RH,"[42, 5]","freq bands 4-8,8-13,13-30, k=1, n_components=3"
Bandpower + PCA + KNN,43.28427663510304%, 9/19,RH,"[42, 6]","freq bands 4-8,8-13,13-30, k=1, n_components=3"
Bandpower + PCA + KNN,47.09121398004717%, 9/19,RH,"[42, 7]","freq bands 4-8,8-13,13-30, k=1, n_components=3"
Bandpower + PCA + KNN,46.07955835571042%, 6/19,RH,"[42, 8]","freq bands 4-8,8-13,13-30, k=1, n_components=3"
Bandpower + PCA + KNN,44.709525041272364%, 6/19,RH,"[42, 9]","freq bands 4-8,8-13,13-30, k=1, n_components=3"
Bandpower + PCA + KNN,49.6164105027943%, 8/19,RH,"[42, 10]","freq bands 4-8,8-13,13-30, k=1, n_components=3"
Bandpower + PCA + KNN,48.980971914865954%, 9/19,RH,"[42, 11]","freq bands 4-8,8-13,13-30, k=1, n_components=3"
Bandpower + PCA + KNN,41.96905897196824%, 6/19,RH,"[42, 12]","freq bands 4-8,8-13,13-30, k=1, n_components=3"
Bandpower + PCA + KNN,48.215537157718344%, 6/19,RH,"[42, 13]","freq bands 4-8,8-13,13-30, k=1, n_components=3"
Bandpower + PCA + KNN,39.74077723171117%, 3/19,RH,"[42, 14]","freq bands 4-8,8-13,13-30, k=1, n_components=3"
Bandpower + PCA + KNN,41.72774057818421%, 5/19,RH,"[42, 15]","freq bands 4-8,8-13,13-30, k=1, n_components=3"
Bandpower + PCA + KNN,43.15060042067785%, 4/19,RH,"[42, 16]","freq bands 4-8,8-13,13-30, k=1, n_components=3"
Bandpower + PCA + KNN,39.76346592527337%, 7/19,RH,"[42, 17]","freq bands 4-8,8-13,13-30, k=1, n_components=3"
Bandpower + PCA + KNN,47.33982136712487%, 9/19,RH,"[42, 18]","freq bands 4-8,8-13,13-30, k=1, n_components=3"
Bandpower + PCA + KNN,50.94899375450033%, 8/19,RH,"[42, 19]","freq bands 4-8,8-13,13-30, k=1, n_components=3"
Bandpower + PCA + KNN,43.50060213143883%, 5/19,RH,"[42, 20]","freq bands 4-8,8-13,13-30, k=1, n_components=3"
Bandpower + PCA + KNN,43.7489892016679%, 9/19,RH,"[42, 21]","freq bands 4-8,8-13,13-30, k=1, n_components=3"
Bandpower + PCA + KNN,48.231648678881946%, 9/19,RH,"[42, 22]","freq bands 4-8,8-13,13-30, k=1, n_components=3"
Bandpower + PCA + KNN,43.1440330598427%, 8/19,RH,"[42, 23]","freq bands 4-8,8-13,13-30, k=1, n_components=3"
Bandpower + PCA + KNN,42.721276042707615%, 9/19,RH,"[42, 24]","freq bands 4-8,8-13,13-30, k=1, n_components=3"
Bandpower + PCA + KNN,41.99236079275012%, 3/19,RH,"[42, 25]","freq bands 4-8,8-13,13-30, k=1, n_components=3"
Bandpower + PCA + KNN,50.3465864790067%, 8/19,RH,"[42, 26]","freq bands 4-8,8-13,13-30, k=1, n_components=3"
Bandpower + PCA + KNN,37.129399990070446%, 6/19,RH,"[42, 27]","freq bands 4-8,8-13,13-30, k=1, n_components=3"
Bandpower + PCA + KNN,37.56422850868297%, 6/19,RH,"[42, 28]","freq bands 4-8,8-13,13-30, k=1, n_components=3"
Bandpower + PCA + KNN,39.49663232972068%, 5/19,RH,"[42, 29]","freq bands 4-8,8-13,13-30, k=1, n_components=3"
Bandpower + PCA + KNN,41.44359445602234%, 6/19,RH,"[42, 30]","freq bands 4-8,8-13,13-30, k=1, n_components=3"
Bandpower + PCA + KNN,39.31755262101615%, 5/19,RH,"[42, 31]","freq bands 4-8,8-13,13-30, k=1, n_components=3"
Bandpower + PCA + KNN,40.6703394233204%, 7/19,RH,"[42, 32]","freq bands 4-8,8-13,13-30, k=1, n_components=3"
Bandpower + PCA + KNN,39.19701081862276%, 7/19,RH,"[42, 33]","freq bands 4-8,8-13,13-30, k=1, n_components=3"
Bandpower + PCA + KNN,40.86907160221717%, 5/19,RH,"[42, 34]","freq bands 4-8,8-13,13-30, k=1, n_components=3"
Bandpower + PCA + KNN,41.74122130977443%, 8/19,RH,"[42, 35]","freq bands 4-8,8-13,13-30, k=1, n_components=3"
Bandpower + PCA + KNN,43.30331049976084%, 10/19,RH,"[42, 36]","freq bands 4-8,8-13,13-30, k=1, n_components=3"
Bandpower + PCA + KNN,50.42014203857504%, 10/19,RH,"[42, 37]","freq bands 4-8,8-13,13-30, k=1, n_components=3"
Bandpower + PCA + KNN,52.61574547920787%, 11/19,RH,"[42, 38]","freq bands 4-8,8-13,13-30, k=1, n_components=3"
Bandpower + PCA + KNN,43.605794807629856%, 8/19,RH,"[42, 39]","freq bands 4-8,8-13,13-30, k=1, n_components=3"
Bandpower + PCA + KNN,41.15137926976091%, 8/19,RH,"[42, 40]","freq bands 4-8,8-13,13-30, k=1, n_components=3"
Bandpower + PCA + KNN,40.55131073742863%, 8/19,RH,"[42, 41]","freq bands 4-8,8-13,13-30, k=1, n_components=3"
Bandpower + PCA + KNN,54.653262292199315%, 9/19,RH,"[42, 42]","freq bands 4-8,8-13,13-30, k=1, n_components=3"
Bandpower + PCA + KNN,54.17961418586804%, 9/19,RH,"[42, 43]","freq bands 4-8,8-13,13-30, k=1, n_components=3"
Bandpower + PCA + KNN,44.33710704093124%, 8/19,RH,"[42, 44]","freq bands 4-8,8-13,13-30, k=1, n_components=3"
Bandpower + PCA + KNN,38.53157300564219%, 6/19,RH,"[42, 45]","freq bands 4-8,8-13,13-30, k=1, n_components=3"
Bandpower + PCA + KNN,39.673811211538315%, 6/19,RH,"[42, 46]","freq bands 4-8,8-13,13-30, k=1, n_components=3"
Bandpower + PCA + KNN,39.252165101583174%, 6/19,RH,"[42, 47]","freq bands 4-8,8-13,13-30, k=1, n_components=3"
Bandpower + PCA + KNN,45.647639332716004%, 5/19,RH,"[42, 48]","freq bands 4-8,8-13,13-30, k=1, n_components=3"
Bandpower + PCA + KNN,40.949224515777445%, 6/19,RH,"[42, 49]","freq bands 4-8,8-13,13-30, k=1, n_components=3"
Bandpower + PCA + KNN,42.374970759365425%, 7/19,RH,"[42, 50]","freq bands 4-8,8-13,13-30, k=1, n_components=3"
Bandpower + PCA + KNN,39.09548338063475%, 8/19,RH,"[42, 51]","freq bands 4-8,8-13,13-30, k=1, n_components=3"
Bandpower + PCA + KNN,52.08692079086382%, 11/19,RH,"[42, 52]","freq bands 4-8,8-13,13-30, k=1, n_components=3"
Bandpower + PCA + KNN,41.15856362188086%, 7/19,RH,"[42, 53]","freq bands 4-8,8-13,13-30, k=1, n_components=3"
Bandpower + PCA + KNN,47.84846082273795%, 6/19,RH,"[42, 54]","freq bands 4-8,8-13,13-30, k=1, n_components=3"
Bandpower + PCA + KNN,39.10160913078342%, 6/19,RH,"[42, 55]","freq bands 4-8,8-13,13-30, k=1, n_components=3"
Bandpower + PCA + KNN,40.68149141112722%, 4/19,RH,"[42, 56]","freq bands 4-8,8-13,13-30, k=1, n_components=3"
Bandpower + PCA + KNN,42.84478840385321%, 5/19,RH,"[42, 57]","freq bands 4-8,8-13,13-30, k=1, n_components=3"
Bandpower + PCA + KNN,41.24399396595145%, 8/19,RH,"[42, 58]","freq bands 4-8,8-13,13-30, k=1, n_components=3"
Bandpower + PCA + KNN,46.42163763544847%, 6/19,RH,"[42, 59]","freq bands 4-8,8-13,13-30, k=1, n_components=3"
Bandpower + PCA + KNN,51.78679450487111%, 8/19,RH,"[42, 60]","freq bands 4-8,8-13,13-30, k=1, n_components=3"
Bandpower + PCA + KNN,54.653262292199315%, 9/19,RH,[42],"freq bands 4-8,8-13,13-30, k=1, n_components=3"
Bandpower + PCA + KNN,49.83808658728607%, 5/19,RH,[42],"freq bands 4-8,8-13,13-30, k=4, n_components=3"
Bandpower + PCA + KNN,41.853032535594046%, 10/19,RH,[42],"freq bands 4-8,8-13,13-30, k=7, n_components=3"
Bandpower + PCA + KNN,39.45257233204168%, 10/19,RH,[42],"freq bands 4-8,8-13,13-30, k=10, n_components=3"
Bandpower + PCA + KNN,43.30680651194393%, 10/19,RH,[42],"freq bands 4-8,8-13,13-30, k=13, n_components=3"
Bandpower + PCA + KNN,42.5365808179489%, 10/19,RH,[42],"freq bands 4-8,8-13,13-30, k=16, n_components=3"
Bandpower + PCA + KNN,43.46453182278237%, 10/19,RH,[42],"freq bands 4-8,8-13,13-30, k=19, n_components=3"
Bandpower + PCA + KNN,43.233147483337646%, 10/19,RH,[42],"freq bands 4-8,8-13,13-30, k=22, n_components=3"
Bandpower + PCA + KNN,43.98767816497806%, 10/19,RH,[42],"freq bands 4-8,8-13,13-30, k=25, n_components=3"
Bandpower + PCA + KNN,42.34724373415031%, 10/19,RH,[42],"freq bands 4-8,8-13,13-30, k=28, n_components=3"
Bandpower + PCA + KNN,43.08814515703253%, 10/19,RH,[42],"freq bands 4-8,8-13,13-30, k=31, n_components=3"
Bandpower + PCA + KNN,42.646846894434574%, 10/19,RH,[42],"freq bands 4-8,8-13,13-30, k=34, n_components=3"
Bandpower + PCA + KNN,43.656641066409755%, 10/19,RH,[42],"freq bands 4-8,8-13,13-30, k=37, n_components=3"
Bandpower + PCA + KNN,42.527529999273426%, 10/19,RH,[42],"freq bands 4-8,8-13,13-30, k=40, n_components=3"
Bandpower + PCA + KNN,43.66048245705701%, 10/19,RH,[42],"freq bands 4-8,8-13,13-30, k=43, n_components=3"
Bandpower + PCA + KNN,42.69356302834842%, 10/19,RH,[42],"freq bands 4-8,8-13,13-30, k=46, n_components=3"
Bandpower + PCA + KNN,43.06455630100374%, 10/19,RH,[42],"freq bands 4-8,8-13,13-30, k=49, n_components=3"
