Bandpower + SVM,42.33831457723669%, 7/19,L,[0],"freq bands 4-8,8-13,13-30, normalized (x-m)/sd, nu=0.6"
Bandpower + SVM,49.00136765453863%, 9/19,L,[1],"freq bands 4-8,8-13,13-30, normalized (x-m)/sd, nu=0.6"
Bandpower + SVM,43.04278725429393%, 8/19,L,[2],"freq bands 4-8,8-13,13-30, normalized (x-m)/sd, nu=0.6"
Bandpower + SVM,62.620394982500386%, 13/19,L,[3],"freq bands 4-8,8-13,13-30, normalized (x-m)/sd, nu=0.6"
Bandpower + SVM,61.734457893540586%, 12/19,L,[4],"freq bands 4-8,8-13,13-30, normalized (x-m)/sd, nu=0.6"
Bandpower + SVM,63.60228178554287%, 13/19,L,[5],"freq bands 4-8,8-13,13-30, normalized (x-m)/sd, nu=0.6"
Bandpower + SVM,57.21886859007095%, 11/19,L,[6],"freq bands 4-8,8-13,13-30, normalized (x-m)/sd, nu=0.6"
Bandpower + SVM,50.87751041937859%, 10/19,L,[7],"freq bands 4-8,8-13,13-30, normalized (x-m)/sd, nu=0.6"
Bandpower + SVM,36.108297841936476%, 7/19,L,[8],"freq bands 4-8,8-13,13-30, normalized (x-m)/sd, nu=0.6"
Bandpower + SVM,59.144470789755566%, 12/19,L,[9],"freq bands 4-8,8-13,13-30, normalized (x-m)/sd, nu=0.6"
Bandpower + SVM,56.916499305148385%, 12/19,L,[10],"freq bands 4-8,8-13,13-30, normalized (x-m)/sd, nu=0.6"
Bandpower + SVM,60.8304619071458%, 13/19,L,[11],"freq bands 4-8,8-13,13-30, normalized (x-m)/sd, nu=0.6"
Bandpower + SVM,62.731532071518984%, 12/19,L,[12],"freq bands 4-8,8-13,13-30, normalized (x-m)/sd, nu=0.6"
Bandpower + SVM,63.406157911590185%, 14/19,L,[13],"freq bands 4-8,8-13,13-30, normalized (x-m)/sd, nu=0.6"
Bandpower + SVM,65.48051334831953%, 13/19,L,[14],"freq bands 4-8,8-13,13-30, normalized (x-m)/sd, nu=0.6"
Bandpower + SVM,64.35279128474568%, 15/19,L,[15],"freq bands 4-8,8-13,13-30, normalized (x-m)/sd, nu=0.6"
Bandpower + SVM,51.88848811025022%, 12/19,L,[16],"freq bands 4-8,8-13,13-30, normalized (x-m)/sd, nu=0.6"
Bandpower + SVM,60.18412049277126%, 13/19,L,[17],"freq bands 4-8,8-13,13-30, normalized (x-m)/sd, nu=0.6"
Bandpower + SVM,46.295925364769275%, 8/19,L,[18],"freq bands 4-8,8-13,13-30, normalized (x-m)/sd, nu=0.6"
Bandpower + SVM,57.02012661691151%, 13/19,L,[19],"freq bands 4-8,8-13,13-30, normalized (x-m)/sd, nu=0.6"
Bandpower + SVM,57.731108964493274%, 13/19,L,[20],"freq bands 4-8,8-13,13-30, normalized (x-m)/sd, nu=0.6"
Bandpower + SVM,65.70574358562428%, 14/19,L,[21],"freq bands 4-8,8-13,13-30, normalized (x-m)/sd, nu=0.6"
Bandpower + SVM,62.04365624678555%, 12/19,L,[22],"freq bands 4-8,8-13,13-30, normalized (x-m)/sd, nu=0.6"
Bandpower + SVM,65.80053957607872%, 15/19,L,[23],"freq bands 4-8,8-13,13-30, normalized (x-m)/sd, nu=0.6"
Bandpower + SVM,63.41252714959331%, 13/19,L,[24],"freq bands 4-8,8-13,13-30, normalized (x-m)/sd, nu=0.6"
Bandpower + SVM,59.38576597202952%, 12/19,L,[25],"freq bands 4-8,8-13,13-30, normalized (x-m)/sd, nu=0.6"
Bandpower + SVM,43.934170182141344%, 6/19,L,[26],"freq bands 4-8,8-13,13-30, normalized (x-m)/sd, nu=0.6"
Bandpower + SVM,57.803251142493735%, 11/19,L,[27],"freq bands 4-8,8-13,13-30, normalized (x-m)/sd, nu=0.6"
Bandpower + SVM,60.58166977375393%, 12/19,L,[28],"freq bands 4-8,8-13,13-30, normalized (x-m)/sd, nu=0.6"
Bandpower + SVM,61.08915930833996%, 13/19,L,[29],"freq bands 4-8,8-13,13-30, normalized (x-m)/sd, nu=0.6"
Bandpower + SVM,58.444462429426345%, 12/19,L,[30],"freq bands 4-8,8-13,13-30, normalized (x-m)/sd, nu=0.6"
Bandpower + SVM,64.56185347041948%, 13/19,L,[31],"freq bands 4-8,8-13,13-30, normalized (x-m)/sd, nu=0.6"
Bandpower + SVM,60.680562816354325%, 12/19,L,[32],"freq bands 4-8,8-13,13-30, normalized (x-m)/sd, nu=0.6"
Bandpower + SVM,68.09807901760436%, 15/19,L,[33],"freq bands 4-8,8-13,13-30, normalized (x-m)/sd, nu=0.6"
Bandpower + SVM,44.79699857639298%, 9/19,L,[34],"freq bands 4-8,8-13,13-30, normalized (x-m)/sd, nu=0.6"
Bandpower + SVM,64.00415631966929%, 14/19,L,[35],"freq bands 4-8,8-13,13-30, normalized (x-m)/sd, nu=0.6"
Bandpower + SVM,56.3734093057239%, 13/19,L,[36],"freq bands 4-8,8-13,13-30, normalized (x-m)/sd, nu=0.6"
Bandpower + SVM,60.207475681427226%, 13/19,L,[37],"freq bands 4-8,8-13,13-30, normalized (x-m)/sd, nu=0.6"
Bandpower + SVM,51.36790212530031%, 11/19,L,[38],"freq bands 4-8,8-13,13-30, normalized (x-m)/sd, nu=0.6"
Bandpower + SVM,63.298515495874966%, 15/19,L,[39],"freq bands 4-8,8-13,13-30, normalized (x-m)/sd, nu=0.6"
Bandpower + SVM,64.24976421244669%, 12/19,L,[40],"freq bands 4-8,8-13,13-30, normalized (x-m)/sd, nu=0.6"
Bandpower + SVM,60.61124764162752%, 13/19,L,[41],"freq bands 4-8,8-13,13-30, normalized (x-m)/sd, nu=0.6"
Bandpower + SVM,60.3083519723784%, 12/19,L,[42],"freq bands 4-8,8-13,13-30, normalized (x-m)/sd, nu=0.6"
Bandpower + SVM,59.43220191027299%, 10/19,L,[43],"freq bands 4-8,8-13,13-30, normalized (x-m)/sd, nu=0.6"
Bandpower + SVM,59.23936498843209%, 13/19,L,[44],"freq bands 4-8,8-13,13-30, normalized (x-m)/sd, nu=0.6"
Bandpower + SVM,55.7787069676141%, 10/19,L,[45],"freq bands 4-8,8-13,13-30, normalized (x-m)/sd, nu=0.6"
Bandpower + SVM,57.09336266426377%, 12/19,L,[46],"freq bands 4-8,8-13,13-30, normalized (x-m)/sd, nu=0.6"
Bandpower + SVM,58.90085831634493%, 13/19,L,[47],"freq bands 4-8,8-13,13-30, normalized (x-m)/sd, nu=0.6"
Bandpower + SVM,55.07510472918429%, 11/19,L,[48],"freq bands 4-8,8-13,13-30, normalized (x-m)/sd, nu=0.6"
Bandpower + SVM,62.47508419878326%, 14/19,L,[49],"freq bands 4-8,8-13,13-30, normalized (x-m)/sd, nu=0.6"
Bandpower + SVM,51.909559576716845%, 9/19,L,[50],"freq bands 4-8,8-13,13-30, normalized (x-m)/sd, nu=0.6"
Bandpower + SVM,55.930369949963676%, 11/19,L,[51],"freq bands 4-8,8-13,13-30, normalized (x-m)/sd, nu=0.6"
Bandpower + SVM,59.55129755662752%, 12/19,L,[52],"freq bands 4-8,8-13,13-30, normalized (x-m)/sd, nu=0.6"
Bandpower + SVM,58.33613194146672%, 12/19,L,[53],"freq bands 4-8,8-13,13-30, normalized (x-m)/sd, nu=0.6"
Bandpower + SVM,58.957541431198166%, 11/19,L,[54],"freq bands 4-8,8-13,13-30, normalized (x-m)/sd, nu=0.6"
Bandpower + SVM,62.126149970123876%, 12/19,L,[55],"freq bands 4-8,8-13,13-30, normalized (x-m)/sd, nu=0.6"
Bandpower + SVM,61.336567646809605%, 12/19,L,[56],"freq bands 4-8,8-13,13-30, normalized (x-m)/sd, nu=0.6"
Bandpower + SVM,63.014743896376245%, 13/19,L,[57],"freq bands 4-8,8-13,13-30, normalized (x-m)/sd, nu=0.6"
Bandpower + SVM,60.87241413332144%, 11/19,L,[58],"freq bands 4-8,8-13,13-30, normalized (x-m)/sd, nu=0.6"
Bandpower + SVM,61.47870282875946%, 13/19,L,[59],"freq bands 4-8,8-13,13-30, normalized (x-m)/sd, nu=0.6"
Bandpower + SVM,60.38714466699635%, 11/19,L,[60],"freq bands 4-8,8-13,13-30, normalized (x-m)/sd, nu=0.6"
Bandpower + SVM,56.08691078448441%, 10/19,L,[0],"freq bands 4-8,8-13,13-30, nu=0.6"
Bandpower + SVM,35.95726221128274%, 6/19,L,[1],"freq bands 4-8,8-13,13-30, nu=0.6"
Bandpower + SVM,63.1453658783138%, 11/19,L,[2],"freq bands 4-8,8-13,13-30, nu=0.6"
Bandpower + SVM,74.51101762714444%, 13/19,L,[3],"freq bands 4-8,8-13,13-30, nu=0.6"
Bandpower + SVM,70.91008116515479%, 14/19,L,[4],"freq bands 4-8,8-13,13-30, nu=0.6"
Bandpower + SVM,70.18271775107404%, 13/19,L,[5],"freq bands 4-8,8-13,13-30, nu=0.6"
Bandpower + SVM,69.4007648375177%, 13/19,L,[6],"freq bands 4-8,8-13,13-30, nu=0.6"
Bandpower + SVM,65.79504878124045%, 13/19,L,[7],"freq bands 4-8,8-13,13-30, nu=0.6"
Bandpower + SVM,37.60458917278215%, 8/19,L,[8],"freq bands 4-8,8-13,13-30, nu=0.6"
Bandpower + SVM,71.91439562846901%, 14/19,L,[9],"freq bands 4-8,8-13,13-30, nu=0.6"
Bandpower + SVM,54.45473283448583%, 11/19,L,[10],"freq bands 4-8,8-13,13-30, nu=0.6"
Bandpower + SVM,72.90092069647447%, 14/19,L,[11],"freq bands 4-8,8-13,13-30, nu=0.6"
Bandpower + SVM,57.79841964809663%, 12/19,L,[12],"freq bands 4-8,8-13,13-30, nu=0.6"
Bandpower + SVM,69.64850558287468%, 13/19,L,[13],"freq bands 4-8,8-13,13-30, nu=0.6"
Bandpower + SVM,74.6320414234791%, 14/19,L,[14],"freq bands 4-8,8-13,13-30, nu=0.6"
Bandpower + SVM,70.11534546141081%, 14/19,L,[15],"freq bands 4-8,8-13,13-30, nu=0.6"
Bandpower + SVM,72.39885313744722%, 14/19,L,[16],"freq bands 4-8,8-13,13-30, nu=0.6"
Bandpower + SVM,42.799229004360676%, 7/19,L,[17],"freq bands 4-8,8-13,13-30, nu=0.6"
Bandpower + SVM,71.76519570996818%, 13/19,L,[18],"freq bands 4-8,8-13,13-30, nu=0.6"
Bandpower + SVM,75.61300867016175%, 15/19,L,[19],"freq bands 4-8,8-13,13-30, nu=0.6"
Bandpower + SVM,73.14515561623283%, 13/19,L,[20],"freq bands 4-8,8-13,13-30, nu=0.6"
Bandpower + SVM,75.18559174195791%, 14/19,L,[21],"freq bands 4-8,8-13,13-30, nu=0.6"
Bandpower + SVM,74.01996123140314%, 14/19,L,[22],"freq bands 4-8,8-13,13-30, nu=0.6"
Bandpower + SVM,75.76693498141984%, 13/19,L,[23],"freq bands 4-8,8-13,13-30, nu=0.6"
Bandpower + SVM,74.49448647939198%, 14/19,L,[24],"freq bands 4-8,8-13,13-30, nu=0.6"
Bandpower + SVM,63.09232255388736%, 12/19,L,[25],"freq bands 4-8,8-13,13-30, nu=0.6"
Bandpower + SVM,48.94137710851575%, 9/19,L,[26],"freq bands 4-8,8-13,13-30, nu=0.6"
Bandpower + SVM,77.18737762138349%, 17/19,L,[27],"freq bands 4-8,8-13,13-30, nu=0.6"
Bandpower + SVM,59.82675334572642%, 12/19,L,[28],"freq bands 4-8,8-13,13-30, nu=0.6"
Bandpower + SVM,77.8455587836392%, 15/19,L,[29],"freq bands 4-8,8-13,13-30, nu=0.6"
Bandpower + SVM,63.68272103125676%, 12/19,L,[30],"freq bands 4-8,8-13,13-30, nu=0.6"
Bandpower + SVM,74.76934445959597%, 14/19,L,[31],"freq bands 4-8,8-13,13-30, nu=0.6"
Bandpower + SVM,78.11112979202275%, 15/19,L,[32],"freq bands 4-8,8-13,13-30, nu=0.6"
Bandpower + SVM,70.72828911452214%, 13/19,L,[33],"freq bands 4-8,8-13,13-30, nu=0.6"
Bandpower + SVM,74.05004416196111%, 14/19,L,[34],"freq bands 4-8,8-13,13-30, nu=0.6"
Bandpower + SVM,67.43530216197571%, 13/19,L,[35],"freq bands 4-8,8-13,13-30, nu=0.6"
Bandpower + SVM,76.32372738554301%, 15/19,L,[36],"freq bands 4-8,8-13,13-30, nu=0.6"
Bandpower + SVM,76.27965975950201%, 14/19,L,[37],"freq bands 4-8,8-13,13-30, nu=0.6"
Bandpower + SVM,75.17407677410174%, 13/19,L,[38],"freq bands 4-8,8-13,13-30, nu=0.6"
Bandpower + SVM,78.84908523777362%, 15/19,L,[39],"freq bands 4-8,8-13,13-30, nu=0.6"
Bandpower + SVM,74.13955465044936%, 14/19,L,[40],"freq bands 4-8,8-13,13-30, nu=0.6"
Bandpower + SVM,76.57620198310082%, 15/19,L,[41],"freq bands 4-8,8-13,13-30, nu=0.6"
Bandpower + SVM,75.18396882209358%, 15/19,L,[42],"freq bands 4-8,8-13,13-30, nu=0.6"
Bandpower + SVM,75.27568796712707%, 15/19,L,[43],"freq bands 4-8,8-13,13-30, nu=0.6"
Bandpower + SVM,73.13129124956694%, 15/19,L,[44],"freq bands 4-8,8-13,13-30, nu=0.6"
Bandpower + SVM,77.16403870399112%, 16/19,L,[45],"freq bands 4-8,8-13,13-30, nu=0.6"
Bandpower + SVM,79.57222900141579%, 16/19,L,[46],"freq bands 4-8,8-13,13-30, nu=0.6"
Bandpower + SVM,78.23272094848345%, 16/19,L,[47],"freq bands 4-8,8-13,13-30, nu=0.6"
Bandpower + SVM,78.66686031481048%, 15/19,L,[48],"freq bands 4-8,8-13,13-30, nu=0.6"
Bandpower + SVM,75.01621787043719%, 14/19,L,[49],"freq bands 4-8,8-13,13-30, nu=0.6"
Bandpower + SVM,79.33900435614699%, 16/19,L,[50],"freq bands 4-8,8-13,13-30, nu=0.6"
Bandpower + SVM,79.64502645021395%, 16/19,L,[51],"freq bands 4-8,8-13,13-30, nu=0.6"
Bandpower + SVM,75.3355500799305%, 16/19,L,[52],"freq bands 4-8,8-13,13-30, nu=0.6"
Bandpower + SVM,72.7870119350081%, 14/19,L,[53],"freq bands 4-8,8-13,13-30, nu=0.6"
Bandpower + SVM,70.12535014916374%, 13/19,L,[54],"freq bands 4-8,8-13,13-30, nu=0.6"
Bandpower + SVM,72.25902361759954%, 14/19,L,[55],"freq bands 4-8,8-13,13-30, nu=0.6"
Bandpower + SVM,69.93990948073693%, 13/19,L,[56],"freq bands 4-8,8-13,13-30, nu=0.6"
Bandpower + SVM,66.32358871658971%, 13/19,L,[57],"freq bands 4-8,8-13,13-30, nu=0.6"
Bandpower + SVM,66.6908420540976%, 13/19,L,[58],"freq bands 4-8,8-13,13-30, nu=0.6"
Bandpower + SVM,73.29902869069078%, 15/19,L,[59],"freq bands 4-8,8-13,13-30, nu=0.6"
Bandpower + SVM,49.80231900387425%, 9/19,L,[60],"freq bands 4-8,8-13,13-30, nu=0.6"
Bandpower + SVM,79.1717614911554%, 16/19,L,"[51, 0]","freq bands 4-8,8-13,13-30, nu=0.6"
Bandpower + SVM,80.27399874021869%, 16/19,L,"[51, 1]","freq bands 4-8,8-13,13-30, nu=0.6"
Bandpower + SVM,79.22318039972677%, 15/19,L,"[51, 2]","freq bands 4-8,8-13,13-30, nu=0.6"
Bandpower + SVM,81.18839554714373%, 15/19,L,"[51, 3]","freq bands 4-8,8-13,13-30, nu=0.6"
Bandpower + SVM,78.58511367524765%, 15/19,L,"[51, 4]","freq bands 4-8,8-13,13-30, nu=0.6"
Bandpower + SVM,80.49203586680812%, 15/19,L,"[51, 5]","freq bands 4-8,8-13,13-30, nu=0.6"
Bandpower + SVM,79.35828638151573%, 15/19,L,"[51, 6]","freq bands 4-8,8-13,13-30, nu=0.6"
Bandpower + SVM,76.91323929731426%, 16/19,L,"[51, 7]","freq bands 4-8,8-13,13-30, nu=0.6"
Bandpower + SVM,70.91342371274311%, 14/19,L,"[51, 8]","freq bands 4-8,8-13,13-30, nu=0.6"
Bandpower + SVM,77.9906290300495%, 17/19,L,"[51, 9]","freq bands 4-8,8-13,13-30, nu=0.6"
Bandpower + SVM,79.58784278200584%, 17/19,L,"[51, 10]","freq bands 4-8,8-13,13-30, nu=0.6"
Bandpower + SVM,78.99998594030711%, 16/19,L,"[51, 11]","freq bands 4-8,8-13,13-30, nu=0.6"
Bandpower + SVM,81.74126208847001%, 15/19,L,"[51, 12]","freq bands 4-8,8-13,13-30, nu=0.6"
Bandpower + SVM,77.93123025883887%, 15/19,L,"[51, 13]","freq bands 4-8,8-13,13-30, nu=0.6"
Bandpower + SVM,80.29413194442353%, 15/19,L,"[51, 14]","freq bands 4-8,8-13,13-30, nu=0.6"
Bandpower + SVM,78.34195819270712%, 15/19,L,"[51, 15]","freq bands 4-8,8-13,13-30, nu=0.6"
Bandpower + SVM,77.66719534268093%, 15/19,L,"[51, 16]","freq bands 4-8,8-13,13-30, nu=0.6"
Bandpower + SVM,76.7851561544828%, 15/19,L,"[51, 17]","freq bands 4-8,8-13,13-30, nu=0.6"
Bandpower + SVM,79.48237032547766%, 15/19,L,"[51, 18]","freq bands 4-8,8-13,13-30, nu=0.6"
Bandpower + SVM,81.12605501647975%, 15/19,L,"[51, 19]","freq bands 4-8,8-13,13-30, nu=0.6"
Bandpower + SVM,78.83298978113429%, 15/19,L,"[51, 20]","freq bands 4-8,8-13,13-30, nu=0.6"
Bandpower + SVM,80.64038421178181%, 15/19,L,"[51, 21]","freq bands 4-8,8-13,13-30, nu=0.6"
Bandpower + SVM,78.25279344833339%, 15/19,L,"[51, 22]","freq bands 4-8,8-13,13-30, nu=0.6"
Bandpower + SVM,80.40229199546816%, 15/19,L,"[51, 23]","freq bands 4-8,8-13,13-30, nu=0.6"
Bandpower + SVM,79.11063135640926%, 15/19,L,"[51, 24]","freq bands 4-8,8-13,13-30, nu=0.6"
Bandpower + SVM,76.49466582768646%, 16/19,L,"[51, 25]","freq bands 4-8,8-13,13-30, nu=0.6"
Bandpower + SVM,77.45214227615695%, 15/19,L,"[51, 26]","freq bands 4-8,8-13,13-30, nu=0.6"
Bandpower + SVM,79.07588510487224%, 16/19,L,"[51, 27]","freq bands 4-8,8-13,13-30, nu=0.6"
Bandpower + SVM,80.09512074164536%, 17/19,L,"[51, 28]","freq bands 4-8,8-13,13-30, nu=0.6"
Bandpower + SVM,79.74868993871233%, 16/19,L,"[51, 29]","freq bands 4-8,8-13,13-30, nu=0.6"
Bandpower + SVM,80.72541161484388%, 15/19,L,"[51, 30]","freq bands 4-8,8-13,13-30, nu=0.6"
Bandpower + SVM,77.74797509028379%, 14/19,L,"[51, 31]","freq bands 4-8,8-13,13-30, nu=0.6"
Bandpower + SVM,80.34047535799283%, 15/19,L,"[51, 32]","freq bands 4-8,8-13,13-30, nu=0.6"
Bandpower + SVM,76.34571242236642%, 14/19,L,"[51, 33]","freq bands 4-8,8-13,13-30, nu=0.6"
Bandpower + SVM,77.29261924132726%, 15/19,L,"[51, 34]","freq bands 4-8,8-13,13-30, nu=0.6"
Bandpower + SVM,76.59990536375102%, 14/19,L,"[51, 35]","freq bands 4-8,8-13,13-30, nu=0.6"
Bandpower + SVM,78.96134667652368%, 16/19,L,"[51, 36]","freq bands 4-8,8-13,13-30, nu=0.6"
Bandpower + SVM,78.69577578579757%, 15/19,L,"[51, 37]","freq bands 4-8,8-13,13-30, nu=0.6"
Bandpower + SVM,77.4743559381336%, 15/19,L,"[51, 38]","freq bands 4-8,8-13,13-30, nu=0.6"
Bandpower + SVM,79.86126243159589%, 15/19,L,"[51, 39]","freq bands 4-8,8-13,13-30, nu=0.6"
Bandpower + SVM,76.78650110984093%, 16/19,L,"[51, 40]","freq bands 4-8,8-13,13-30, nu=0.6"
Bandpower + SVM,76.77030004054825%, 15/19,L,"[51, 41]","freq bands 4-8,8-13,13-30, nu=0.6"
Bandpower + SVM,77.17008667796297%, 15/19,L,"[51, 42]","freq bands 4-8,8-13,13-30, nu=0.6"
Bandpower + SVM,76.78534177932197%, 15/19,L,"[51, 43]","freq bands 4-8,8-13,13-30, nu=0.6"
Bandpower + SVM,76.87435550289179%, 15/19,L,"[51, 44]","freq bands 4-8,8-13,13-30, nu=0.6"
Bandpower + SVM,80.40257108136083%, 16/19,L,"[51, 45]","freq bands 4-8,8-13,13-30, nu=0.6"
Bandpower + SVM,80.93912230529541%, 16/19,L,"[51, 46]","freq bands 4-8,8-13,13-30, nu=0.6"
Bandpower + SVM,79.47994632020684%, 16/19,L,"[51, 47]","freq bands 4-8,8-13,13-30, nu=0.6"
Bandpower + SVM,80.01403770756824%, 15/19,L,"[51, 48]","freq bands 4-8,8-13,13-30, nu=0.6"
Bandpower + SVM,78.7152911695711%, 14/19,L,"[51, 49]","freq bands 4-8,8-13,13-30, nu=0.6"
Bandpower + SVM,80.60707285727291%, 16/19,L,"[51, 50]","freq bands 4-8,8-13,13-30, nu=0.6"
Bandpower + SVM,79.64502645021395%, 16/19,L,"[51, 51]","freq bands 4-8,8-13,13-30, nu=0.6"
Bandpower + SVM,77.79093244353871%, 16/19,L,"[51, 52]","freq bands 4-8,8-13,13-30, nu=0.6"
Bandpower + SVM,74.74726067886172%, 15/19,L,"[51, 53]","freq bands 4-8,8-13,13-30, nu=0.6"
Bandpower + SVM,72.9470133882512%, 14/19,L,"[51, 54]","freq bands 4-8,8-13,13-30, nu=0.6"
Bandpower + SVM,73.40122783117508%, 15/19,L,"[51, 55]","freq bands 4-8,8-13,13-30, nu=0.6"
Bandpower + SVM,73.17426884113884%, 15/19,L,"[51, 56]","freq bands 4-8,8-13,13-30, nu=0.6"
Bandpower + SVM,78.56038212827589%, 15/19,L,"[51, 57]","freq bands 4-8,8-13,13-30, nu=0.6"
Bandpower + SVM,78.22370112704601%, 16/19,L,"[51, 58]","freq bands 4-8,8-13,13-30, nu=0.6"
Bandpower + SVM,76.15272318980801%, 16/19,L,"[51, 59]","freq bands 4-8,8-13,13-30, nu=0.6"
Bandpower + SVM,80.42697979389376%, 16/19,L,"[51, 60]","freq bands 4-8,8-13,13-30, nu=0.6"
Bandpower + SVM,81.24028942858519%, 15/19,L,"[12, 51, 0]","freq bands 4-8,8-13,13-30, nu=0.6"
Bandpower + SVM,81.24028942858519%, 15/19,L,"[12, 51, 1]","freq bands 4-8,8-13,13-30, nu=0.6"
Bandpower + SVM,81.32248503728763%, 15/19,L,"[12, 51, 2]","freq bands 4-8,8-13,13-30, nu=0.6"
Bandpower + SVM,81.3406394240541%, 15/19,L,"[12, 51, 3]","freq bands 4-8,8-13,13-30, nu=0.6"
Bandpower + SVM,80.106367344047%, 15/19,L,"[12, 51, 4]","freq bands 4-8,8-13,13-30, nu=0.6"
Bandpower + SVM,80.31545147402885%, 15/19,L,"[12, 51, 5]","freq bands 4-8,8-13,13-30, nu=0.6"
Bandpower + SVM,80.0033400485234%, 15/19,L,"[12, 51, 6]","freq bands 4-8,8-13,13-30, nu=0.6"
Bandpower + SVM,79.1480628998574%, 15/19,L,"[12, 51, 7]","freq bands 4-8,8-13,13-30, nu=0.6"
Bandpower + SVM,72.92005050677928%, 14/19,L,"[12, 51, 8]","freq bands 4-8,8-13,13-30, nu=0.6"
Bandpower + SVM,79.85358402232144%, 16/19,L,"[12, 51, 9]","freq bands 4-8,8-13,13-30, nu=0.6"
Bandpower + SVM,80.50386553944794%, 16/19,L,"[12, 51, 10]","freq bands 4-8,8-13,13-30, nu=0.6"
Bandpower + SVM,80.50923311343506%, 15/19,L,"[12, 51, 11]","freq bands 4-8,8-13,13-30, nu=0.6"
Bandpower + SVM,80.7861875405471%, 15/19,L,"[12, 51, 12]","freq bands 4-8,8-13,13-30, nu=0.6"
Bandpower + SVM,80.05784215409545%, 15/19,L,"[12, 51, 13]","freq bands 4-8,8-13,13-30, nu=0.6"
Bandpower + SVM,80.93201019548029%, 15/19,L,"[12, 51, 14]","freq bands 4-8,8-13,13-30, nu=0.6"
Bandpower + SVM,80.09323289759841%, 15/19,L,"[12, 51, 15]","freq bands 4-8,8-13,13-30, nu=0.6"
Bandpower + SVM,78.98157571421727%, 15/19,L,"[12, 51, 16]","freq bands 4-8,8-13,13-30, nu=0.6"
Bandpower + SVM,79.66926990320331%, 15/19,L,"[12, 51, 17]","freq bands 4-8,8-13,13-30, nu=0.6"
Bandpower + SVM,80.7652540340383%, 15/19,L,"[12, 51, 18]","freq bands 4-8,8-13,13-30, nu=0.6"
Bandpower + SVM,81.05093310882062%, 15/19,L,"[12, 51, 19]","freq bands 4-8,8-13,13-30, nu=0.6"
Bandpower + SVM,79.89124454466499%, 15/19,L,"[12, 51, 20]","freq bands 4-8,8-13,13-30, nu=0.6"
Bandpower + SVM,80.4929232818984%, 15/19,L,"[12, 51, 21]","freq bands 4-8,8-13,13-30, nu=0.6"
Bandpower + SVM,78.63916599395564%, 15/19,L,"[12, 51, 22]","freq bands 4-8,8-13,13-30, nu=0.6"
Bandpower + SVM,80.6047686761129%, 15/19,L,"[12, 51, 23]","freq bands 4-8,8-13,13-30, nu=0.6"
Bandpower + SVM,78.91556667163628%, 15/19,L,"[12, 51, 24]","freq bands 4-8,8-13,13-30, nu=0.6"
Bandpower + SVM,79.43251926404976%, 15/19,L,"[12, 51, 25]","freq bands 4-8,8-13,13-30, nu=0.6"
Bandpower + SVM,72.74481456128082%, 14/19,L,"[12, 51, 26]","freq bands 4-8,8-13,13-30, nu=0.6"
Bandpower + SVM,80.99475158775604%, 16/19,L,"[12, 51, 27]","freq bands 4-8,8-13,13-30, nu=0.6"
Bandpower + SVM,81.28599670941405%, 16/19,L,"[12, 51, 28]","freq bands 4-8,8-13,13-30, nu=0.6"
Bandpower + SVM,80.93577109783939%, 16/19,L,"[12, 51, 29]","freq bands 4-8,8-13,13-30, nu=0.6"
Bandpower + SVM,80.97479102240895%, 15/19,L,"[12, 51, 30]","freq bands 4-8,8-13,13-30, nu=0.6"
Bandpower + SVM,79.90862389868776%, 15/19,L,"[12, 51, 31]","freq bands 4-8,8-13,13-30, nu=0.6"
Bandpower + SVM,80.29050186537916%, 15/19,L,"[12, 51, 32]","freq bands 4-8,8-13,13-30, nu=0.6"
Bandpower + SVM,78.8427434994855%, 15/19,L,"[12, 51, 33]","freq bands 4-8,8-13,13-30, nu=0.6"
Bandpower + SVM,79.92571677864146%, 15/19,L,"[12, 51, 34]","freq bands 4-8,8-13,13-30, nu=0.6"
Bandpower + SVM,79.25230825731492%, 16/19,L,"[12, 51, 35]","freq bands 4-8,8-13,13-30, nu=0.6"
Bandpower + SVM,79.21863178719705%, 15/19,L,"[12, 51, 36]","freq bands 4-8,8-13,13-30, nu=0.6"
Bandpower + SVM,79.52746476973337%, 15/19,L,"[12, 51, 37]","freq bands 4-8,8-13,13-30, nu=0.6"
Bandpower + SVM,78.70309631260477%, 15/19,L,"[12, 51, 38]","freq bands 4-8,8-13,13-30, nu=0.6"
Bandpower + SVM,79.99237516327626%, 15/19,L,"[12, 51, 39]","freq bands 4-8,8-13,13-30, nu=0.6"
Bandpower + SVM,78.03511153311868%, 15/19,L,"[12, 51, 40]","freq bands 4-8,8-13,13-30, nu=0.6"
Bandpower + SVM,78.1994586298196%, 14/19,L,"[12, 51, 41]","freq bands 4-8,8-13,13-30, nu=0.6"
Bandpower + SVM,78.80978052154771%, 16/19,L,"[12, 51, 42]","freq bands 4-8,8-13,13-30, nu=0.6"
Bandpower + SVM,79.0116618888037%, 16/19,L,"[12, 51, 43]","freq bands 4-8,8-13,13-30, nu=0.6"
Bandpower + SVM,79.70423087723177%, 16/19,L,"[12, 51, 44]","freq bands 4-8,8-13,13-30, nu=0.6"
Bandpower + SVM,81.70112649187482%, 16/19,L,"[12, 51, 45]","freq bands 4-8,8-13,13-30, nu=0.6"
Bandpower + SVM,81.13797906044401%, 16/19,L,"[12, 51, 46]","freq bands 4-8,8-13,13-30, nu=0.6"
Bandpower + SVM,81.33717904299836%, 15/19,L,"[12, 51, 47]","freq bands 4-8,8-13,13-30, nu=0.6"
Bandpower + SVM,81.03580362319404%, 15/19,L,"[12, 51, 48]","freq bands 4-8,8-13,13-30, nu=0.6"
Bandpower + SVM,79.79590728492761%, 16/19,L,"[12, 51, 49]","freq bands 4-8,8-13,13-30, nu=0.6"
Bandpower + SVM,81.46770133617974%, 16/19,L,"[12, 51, 50]","freq bands 4-8,8-13,13-30, nu=0.6"
Bandpower + SVM,81.23065138005443%, 15/19,L,"[12, 51, 51]","freq bands 4-8,8-13,13-30, nu=0.6"
Bandpower + SVM,78.23724677524672%, 16/19,L,"[12, 51, 52]","freq bands 4-8,8-13,13-30, nu=0.6"
Bandpower + SVM,75.60891180201413%, 15/19,L,"[12, 51, 53]","freq bands 4-8,8-13,13-30, nu=0.6"
Bandpower + SVM,75.04229785801381%, 13/19,L,"[12, 51, 54]","freq bands 4-8,8-13,13-30, nu=0.6"
Bandpower + SVM,76.08148955274643%, 15/19,L,"[12, 51, 55]","freq bands 4-8,8-13,13-30, nu=0.6"
Bandpower + SVM,76.36929621516526%, 16/19,L,"[12, 51, 56]","freq bands 4-8,8-13,13-30, nu=0.6"
Bandpower + SVM,79.77328930867348%, 15/19,L,"[12, 51, 57]","freq bands 4-8,8-13,13-30, nu=0.6"
Bandpower + SVM,79.32220593722057%, 15/19,L,"[12, 51, 58]","freq bands 4-8,8-13,13-30, nu=0.6"
Bandpower + SVM,78.55883797651039%, 16/19,L,"[12, 51, 59]","freq bands 4-8,8-13,13-30, nu=0.6"
Bandpower + SVM,82.10524925537192%, 16/19,L,"[12, 51, 60]","freq bands 4-8,8-13,13-30, nu=0.6"
Bandpower + SVM,81.76100363094253%, 15/19,L,"[12, 51, 60, 0]","freq bands 4-8,8-13,13-30, nu=0.6"
Bandpower + SVM,81.95701089047066%, 16/19,L,"[12, 51, 60, 1]","freq bands 4-8,8-13,13-30, nu=0.6"
Bandpower + SVM,81.67185153109217%, 15/19,L,"[12, 51, 60, 2]","freq bands 4-8,8-13,13-30, nu=0.6"
Bandpower + SVM,81.50654712973427%, 16/19,L,"[12, 51, 60, 3]","freq bands 4-8,8-13,13-30, nu=0.6"
Bandpower + SVM,80.09442465878308%, 15/19,L,"[12, 51, 60, 4]","freq bands 4-8,8-13,13-30, nu=0.6"
Bandpower + SVM,80.83129679023713%, 15/19,L,"[12, 51, 60, 5]","freq bands 4-8,8-13,13-30, nu=0.6"
Bandpower + SVM,80.00681751479577%, 15/19,L,"[12, 51, 60, 6]","freq bands 4-8,8-13,13-30, nu=0.6"
Bandpower + SVM,79.4487622005567%, 15/19,L,"[12, 51, 60, 7]","freq bands 4-8,8-13,13-30, nu=0.6"
Bandpower + SVM,73.16342362353933%, 14/19,L,"[12, 51, 60, 8]","freq bands 4-8,8-13,13-30, nu=0.6"
Bandpower + SVM,80.07981062548207%, 16/19,L,"[12, 51, 60, 9]","freq bands 4-8,8-13,13-30, nu=0.6"
Bandpower + SVM,80.69930168225251%, 16/19,L,"[12, 51, 60, 10]","freq bands 4-8,8-13,13-30, nu=0.6"
Bandpower + SVM,80.93818232909953%, 15/19,L,"[12, 51, 60, 11]","freq bands 4-8,8-13,13-30, nu=0.6"
Bandpower + SVM,80.88592990344736%, 16/19,L,"[12, 51, 60, 12]","freq bands 4-8,8-13,13-30, nu=0.6"
Bandpower + SVM,80.49126906632574%, 15/19,L,"[12, 51, 60, 13]","freq bands 4-8,8-13,13-30, nu=0.6"
Bandpower + SVM,80.5665406918887%, 15/19,L,"[12, 51, 60, 14]","freq bands 4-8,8-13,13-30, nu=0.6"
Bandpower + SVM,80.53886428803082%, 15/19,L,"[12, 51, 60, 15]","freq bands 4-8,8-13,13-30, nu=0.6"
Bandpower + SVM,79.65269419677907%, 15/19,L,"[12, 51, 60, 16]","freq bands 4-8,8-13,13-30, nu=0.6"
Bandpower + SVM,74.61504632247289%, 14/19,L,"[12, 51, 60, 17]","freq bands 4-8,8-13,13-30, nu=0.6"
Bandpower + SVM,81.15391087660669%, 15/19,L,"[12, 51, 60, 18]","freq bands 4-8,8-13,13-30, nu=0.6"
Bandpower + SVM,81.47039373861652%, 15/19,L,"[12, 51, 60, 19]","freq bands 4-8,8-13,13-30, nu=0.6"
Bandpower + SVM,80.20241431862968%, 15/19,L,"[12, 51, 60, 20]","freq bands 4-8,8-13,13-30, nu=0.6"
Bandpower + SVM,81.05686467448837%, 15/19,L,"[12, 51, 60, 21]","freq bands 4-8,8-13,13-30, nu=0.6"
Bandpower + SVM,78.77710507669575%, 15/19,L,"[12, 51, 60, 22]","freq bands 4-8,8-13,13-30, nu=0.6"
Bandpower + SVM,80.78625687937966%, 15/19,L,"[12, 51, 60, 23]","freq bands 4-8,8-13,13-30, nu=0.6"
Bandpower + SVM,78.85254881657735%, 15/19,L,"[12, 51, 60, 24]","freq bands 4-8,8-13,13-30, nu=0.6"
Bandpower + SVM,79.72974109847667%, 15/19,L,"[12, 51, 60, 25]","freq bands 4-8,8-13,13-30, nu=0.6"
Bandpower + SVM,72.93689302759752%, 14/19,L,"[12, 51, 60, 26]","freq bands 4-8,8-13,13-30, nu=0.6"
Bandpower + SVM,81.04381137858606%, 16/19,L,"[12, 51, 60, 27]","freq bands 4-8,8-13,13-30, nu=0.6"
Bandpower + SVM,81.38169048931834%, 16/19,L,"[12, 51, 60, 28]","freq bands 4-8,8-13,13-30, nu=0.6"
Bandpower + SVM,81.04431254824169%, 16/19,L,"[12, 51, 60, 29]","freq bands 4-8,8-13,13-30, nu=0.6"
Bandpower + SVM,80.96836913213951%, 15/19,L,"[12, 51, 60, 30]","freq bands 4-8,8-13,13-30, nu=0.6"
Bandpower + SVM,80.13011242048587%, 16/19,L,"[12, 51, 60, 31]","freq bands 4-8,8-13,13-30, nu=0.6"
Bandpower + SVM,80.19975776374577%, 15/19,L,"[12, 51, 60, 32]","freq bands 4-8,8-13,13-30, nu=0.6"
Bandpower + SVM,79.05879061026944%, 16/19,L,"[12, 51, 60, 33]","freq bands 4-8,8-13,13-30, nu=0.6"
Bandpower + SVM,80.01282306795214%, 15/19,L,"[12, 51, 60, 34]","freq bands 4-8,8-13,13-30, nu=0.6"
Bandpower + SVM,79.25782905230939%, 16/19,L,"[12, 51, 60, 35]","freq bands 4-8,8-13,13-30, nu=0.6"
Bandpower + SVM,79.32884462336271%, 15/19,L,"[12, 51, 60, 36]","freq bands 4-8,8-13,13-30, nu=0.6"
Bandpower + SVM,79.8320928636441%, 15/19,L,"[12, 51, 60, 37]","freq bands 4-8,8-13,13-30, nu=0.6"
Bandpower + SVM,78.70804599087569%, 15/19,L,"[12, 51, 60, 38]","freq bands 4-8,8-13,13-30, nu=0.6"
Bandpower + SVM,80.10168690416695%, 15/19,L,"[12, 51, 60, 39]","freq bands 4-8,8-13,13-30, nu=0.6"
Bandpower + SVM,78.24288295891195%, 15/19,L,"[12, 51, 60, 40]","freq bands 4-8,8-13,13-30, nu=0.6"
Bandpower + SVM,78.53913595584919%, 14/19,L,"[12, 51, 60, 41]","freq bands 4-8,8-13,13-30, nu=0.6"
Bandpower + SVM,79.0353970103221%, 16/19,L,"[12, 51, 60, 42]","freq bands 4-8,8-13,13-30, nu=0.6"
Bandpower + SVM,79.22159643310358%, 16/19,L,"[12, 51, 60, 43]","freq bands 4-8,8-13,13-30, nu=0.6"
Bandpower + SVM,79.72517182376254%, 16/19,L,"[12, 51, 60, 44]","freq bands 4-8,8-13,13-30, nu=0.6"
Bandpower + SVM,81.82169231522703%, 17/19,L,"[12, 51, 60, 45]","freq bands 4-8,8-13,13-30, nu=0.6"
Bandpower + SVM,81.45170455064009%, 17/19,L,"[12, 51, 60, 46]","freq bands 4-8,8-13,13-30, nu=0.6"
Bandpower + SVM,81.35721889425419%, 16/19,L,"[12, 51, 60, 47]","freq bands 4-8,8-13,13-30, nu=0.6"
Bandpower + SVM,81.33650292389335%, 15/19,L,"[12, 51, 60, 48]","freq bands 4-8,8-13,13-30, nu=0.6"
Bandpower + SVM,79.60946940338992%, 16/19,L,"[12, 51, 60, 49]","freq bands 4-8,8-13,13-30, nu=0.6"
Bandpower + SVM,81.64903080115938%, 15/19,L,"[12, 51, 60, 50]","freq bands 4-8,8-13,13-30, nu=0.6"
Bandpower + SVM,81.74608592558945%, 16/19,L,"[12, 51, 60, 51]","freq bands 4-8,8-13,13-30, nu=0.6"
Bandpower + SVM,78.53183350946195%, 16/19,L,"[12, 51, 60, 52]","freq bands 4-8,8-13,13-30, nu=0.6"
Bandpower + SVM,75.33190349176482%, 15/19,L,"[12, 51, 60, 53]","freq bands 4-8,8-13,13-30, nu=0.6"
Bandpower + SVM,75.18023694075391%, 13/19,L,"[12, 51, 60, 54]","freq bands 4-8,8-13,13-30, nu=0.6"
Bandpower + SVM,76.29064048785018%, 15/19,L,"[12, 51, 60, 55]","freq bands 4-8,8-13,13-30, nu=0.6"
Bandpower + SVM,76.17733753863308%, 16/19,L,"[12, 51, 60, 56]","freq bands 4-8,8-13,13-30, nu=0.6"
Bandpower + SVM,79.884585649072%, 15/19,L,"[12, 51, 60, 57]","freq bands 4-8,8-13,13-30, nu=0.6"
Bandpower + SVM,79.2314618355872%, 15/19,L,"[12, 51, 60, 58]","freq bands 4-8,8-13,13-30, nu=0.6"
Bandpower + SVM,79.12525429320989%, 16/19,L,"[12, 51, 60, 59]","freq bands 4-8,8-13,13-30, nu=0.6"
Bandpower + SVM,76.66186766241748%, 15/19,L,"[12, 51, 60, 60]","freq bands 4-8,8-13,13-30, nu=0.6"
Bandpower + SVM,40.64320730384865%, 8/19,L,[36],"freq bands 4-8,8-13,13-30, nu=0.1"
Bandpower + SVM,73.12075712394692%, 14/19,L,[36],"freq bands 4-8,8-13,13-30, nu=0.11"
Bandpower + SVM,60.663310392409855%, 12/19,L,[36],"freq bands 4-8,8-13,13-30, nu=0.12"
Bandpower + SVM,54.23630593470605%, 10/19,L,[36],"freq bands 4-8,8-13,13-30, nu=0.13"
Bandpower + SVM,51.83710617217905%, 9/19,L,[36],"freq bands 4-8,8-13,13-30, nu=0.13999999999999999"
Bandpower + SVM,50.92813122812105%, 9/19,L,[36],"freq bands 4-8,8-13,13-30, nu=0.14999999999999997"
Bandpower + SVM,36.366567578697165%, 6/19,L,[36],"freq bands 4-8,8-13,13-30, nu=0.15999999999999998"
Bandpower + SVM,59.95422261027446%, 11/19,L,[36],"freq bands 4-8,8-13,13-30, nu=0.16999999999999998"
Bandpower + SVM,59.10622839948027%, 11/19,L,[36],"freq bands 4-8,8-13,13-30, nu=0.17999999999999997"
Bandpower + SVM,64.32049002230808%, 12/19,L,[36],"freq bands 4-8,8-13,13-30, nu=0.18999999999999995"
Bandpower + SVM,63.25756622151367%, 11/19,L,[36],"freq bands 4-8,8-13,13-30, nu=0.19999999999999996"
Bandpower + SVM,62.40109493618282%, 13/19,L,[36],"freq bands 4-8,8-13,13-30, nu=0.20999999999999996"
Bandpower + SVM,66.15727253781093%, 12/19,L,[36],"freq bands 4-8,8-13,13-30, nu=0.21999999999999995"
Bandpower + SVM,68.4356539794668%, 14/19,L,[36],"freq bands 4-8,8-13,13-30, nu=0.22999999999999995"
Bandpower + SVM,67.16294119385833%, 12/19,L,[36],"freq bands 4-8,8-13,13-30, nu=0.23999999999999994"
Bandpower + SVM,56.570638960312046%, 11/19,L,[36],"freq bands 4-8,8-13,13-30, nu=0.24999999999999992"
Bandpower + SVM,57.30941984756718%, 11/19,L,[36],"freq bands 4-8,8-13,13-30, nu=0.2599999999999999"
Bandpower + SVM,57.97298777720394%, 11/19,L,[36],"freq bands 4-8,8-13,13-30, nu=0.2699999999999999"
Bandpower + SVM,54.09164933638604%, 10/19,L,[36],"freq bands 4-8,8-13,13-30, nu=0.2799999999999999"
Bandpower + SVM,55.48147800366215%, 10/19,L,[36],"freq bands 4-8,8-13,13-30, nu=0.2899999999999999"
Bandpower + SVM,51.5407609120929%, 9/19,L,[36],"freq bands 4-8,8-13,13-30, nu=0.29999999999999993"
Bandpower + SVM,61.523135618691526%, 11/19,L,[36],"freq bands 4-8,8-13,13-30, nu=0.30999999999999994"
Bandpower + SVM,55.176299356777314%, 10/19,L,[36],"freq bands 4-8,8-13,13-30, nu=0.3199999999999999"
Bandpower + SVM,55.035447673599705%, 10/19,L,[36],"freq bands 4-8,8-13,13-30, nu=0.32999999999999985"
Bandpower + SVM,54.628542811086604%, 10/19,L,[36],"freq bands 4-8,8-13,13-30, nu=0.33999999999999986"
Bandpower + SVM,69.76205483623671%, 13/19,L,[36],"freq bands 4-8,8-13,13-30, nu=0.34999999999999987"
Bandpower + SVM,51.79742397921655%, 10/19,L,[36],"freq bands 4-8,8-13,13-30, nu=0.3599999999999999"
Bandpower + SVM,47.58802193790398%, 9/19,L,[36],"freq bands 4-8,8-13,13-30, nu=0.3699999999999999"
Bandpower + SVM,40.91250327382972%, 7/19,L,[36],"freq bands 4-8,8-13,13-30, nu=0.3799999999999999"
Bandpower + SVM,64.46964643455094%, 13/19,L,[36],"freq bands 4-8,8-13,13-30, nu=0.3899999999999999"
Bandpower + SVM,61.420713358777576%, 13/19,L,[36],"freq bands 4-8,8-13,13-30, nu=0.3999999999999998"
Bandpower + SVM,62.228618149166095%, 12/19,L,[36],"freq bands 4-8,8-13,13-30, nu=0.4099999999999998"
Bandpower + SVM,56.11916756847758%, 10/19,L,[36],"freq bands 4-8,8-13,13-30, nu=0.4199999999999998"
Bandpower + SVM,57.787612252950574%, 13/19,L,[36],"freq bands 4-8,8-13,13-30, nu=0.4299999999999998"
Bandpower + SVM,76.5480668696957%, 15/19,L,[36],"freq bands 4-8,8-13,13-30, nu=0.43999999999999984"
Bandpower + SVM,76.34437075678329%, 14/19,L,[36],"freq bands 4-8,8-13,13-30, nu=0.44999999999999984"
Bandpower + SVM,76.59387727741918%, 15/19,L,[36],"freq bands 4-8,8-13,13-30, nu=0.45999999999999985"
Bandpower + SVM,77.25038807564452%, 15/19,L,[36],"freq bands 4-8,8-13,13-30, nu=0.46999999999999986"
Bandpower + SVM,60.55211882937313%, 12/19,L,[36],"freq bands 4-8,8-13,13-30, nu=0.47999999999999976"
Bandpower + SVM,71.48863434100035%, 14/19,L,[36],"freq bands 4-8,8-13,13-30, nu=0.48999999999999977"
Bandpower + SVM,64.93858300973602%, 13/19,L,[36],"freq bands 4-8,8-13,13-30, nu=0.4999999999999998"
Bandpower + SVM,62.35657294542952%, 11/19,L,[36],"freq bands 4-8,8-13,13-30, nu=0.5099999999999998"
Bandpower + SVM,65.76622201421935%, 12/19,L,[36],"freq bands 4-8,8-13,13-30, nu=0.5199999999999998"
Bandpower + SVM,41.516469482577236%, 7/19,L,[36],"freq bands 4-8,8-13,13-30, nu=0.5299999999999998"
Bandpower + SVM,39.89245279655447%, 8/19,L,[36],"freq bands 4-8,8-13,13-30, nu=0.5399999999999998"
Bandpower + SVM,59.65545679309311%, 12/19,L,[36],"freq bands 4-8,8-13,13-30, nu=0.5499999999999998"
Bandpower + SVM,73.29038840770788%, 15/19,L,[36],"freq bands 4-8,8-13,13-30, nu=0.5599999999999997"
Bandpower + SVM,66.36215851282674%, 13/19,L,[36],"freq bands 4-8,8-13,13-30, nu=0.5699999999999997"
Bandpower + SVM,59.055930665855726%, 12/19,L,[36],"freq bands 4-8,8-13,13-30, nu=0.5799999999999997"
Bandpower + SVM,68.3847860725438%, 14/19,L,[36],"freq bands 4-8,8-13,13-30, nu=0.5899999999999997"
Bandpower + SVM,76.32372738554301%, 15/19,L,[36],"freq bands 4-8,8-13,13-30, nu=0.5999999999999998"
Bandpower + SVM,75.46623641990863%, 14/19,L,[36],"freq bands 4-8,8-13,13-30, nu=0.6099999999999998"
Bandpower + SVM,78.40587782762852%, 15/19,L,[36],"freq bands 4-8,8-13,13-30, nu=0.6199999999999998"
Bandpower + SVM,74.24830365969586%, 14/19,L,[36],"freq bands 4-8,8-13,13-30, nu=0.6299999999999997"
Bandpower + SVM,78.5458363500943%, 15/19,L,[36],"freq bands 4-8,8-13,13-30, nu=0.6399999999999997"
Bandpower + SVM,77.06567898292145%, 16/19,L,[36],"freq bands 4-8,8-13,13-30, nu=0.6499999999999997"
Bandpower + SVM,82.33611909683837%, 16/19,L,[36],"freq bands 4-8,8-13,13-30, nu=0.6599999999999997"
Bandpower + SVM,79.7507172304646%, 17/19,L,[36],"freq bands 4-8,8-13,13-30, nu=0.6699999999999997"
Bandpower + SVM,82.23007019416656%, 16/19,L,[36],"freq bands 4-8,8-13,13-30, nu=0.6799999999999997"
Bandpower + SVM,79.52658117803479%, 17/19,L,[36],"freq bands 4-8,8-13,13-30, nu=0.6899999999999997"
Bandpower + SVM,70.82821534132803%, 15/19,L,[36],"freq bands 4-8,8-13,13-30, nu=0.6999999999999996"
Bandpower + SVM,71.55053691008048%, 13/19,L,[36],"freq bands 4-8,8-13,13-30, nu=0.7099999999999996"
Bandpower + SVM,74.13191180057521%, 14/19,L,[36],"freq bands 4-8,8-13,13-30, nu=0.7199999999999996"
Bandpower + SVM,73.86285454284854%, 14/19,L,[36],"freq bands 4-8,8-13,13-30, nu=0.7299999999999996"
Bandpower + SVM,77.84539672740337%, 14/19,L,[36],"freq bands 4-8,8-13,13-30, nu=0.7399999999999997"
Bandpower + SVM,67.75426391800431%, 12/19,L,[36],"freq bands 4-8,8-13,13-30, nu=0.7499999999999997"
Bandpower + SVM,80.73406709789795%, 15/19,L,[36],"freq bands 4-8,8-13,13-30, nu=0.7599999999999997"
Bandpower + SVM,57.774672144556405%, 11/19,L,[36],"freq bands 4-8,8-13,13-30, nu=0.7699999999999997"
Bandpower + SVM,51.47565661062762%, 10/19,L,[36],"freq bands 4-8,8-13,13-30, nu=0.7799999999999997"
Bandpower + SVM,47.03442477776385%, 9/19,L,[36],"freq bands 4-8,8-13,13-30, nu=0.7899999999999996"
Bandpower + SVM,84.21068487818584%, 16/19,L,[36],"freq bands 4-8,8-13,13-30, nu=0.645"
Bandpower + SVM,84.21068487818584%, 16/19,L,[36],"freq bands 4-8,8-13,13-30, nu=0.6451"
Bandpower + SVM,84.21068487818584%, 16/19,L,[36],"freq bands 4-8,8-13,13-30, nu=0.6452"
Bandpower + SVM,84.21068487818584%, 16/19,L,[36],"freq bands 4-8,8-13,13-30, nu=0.6453"
Bandpower + SVM,84.21068487818584%, 16/19,L,[36],"freq bands 4-8,8-13,13-30, nu=0.6454"
Bandpower + SVM,84.02919667491908%, 16/19,L,[36],"freq bands 4-8,8-13,13-30, nu=0.6455"
Bandpower + SVM,82.92687794102139%, 16/19,L,[36],"freq bands 4-8,8-13,13-30, nu=0.6456"
Bandpower + SVM,82.92687794102139%, 16/19,L,[36],"freq bands 4-8,8-13,13-30, nu=0.6456999999999999"
Bandpower + SVM,82.92687794102139%, 16/19,L,[36],"freq bands 4-8,8-13,13-30, nu=0.6457999999999999"
Bandpower + SVM,82.92687794102139%, 16/19,L,[36],"freq bands 4-8,8-13,13-30, nu=0.6458999999999999"
Bandpower + SVM,82.92687794102139%, 16/19,L,[36],"freq bands 4-8,8-13,13-30, nu=0.6459999999999999"
Bandpower + SVM,82.92687794102139%, 16/19,L,[36],"freq bands 4-8,8-13,13-30, nu=0.6460999999999999"
Bandpower + SVM,83.37290827108384%, 16/19,L,[36],"freq bands 4-8,8-13,13-30, nu=0.6461999999999999"
Bandpower + SVM,83.37290827108384%, 16/19,L,[36],"freq bands 4-8,8-13,13-30, nu=0.6462999999999999"
Bandpower + SVM,84.84659248161014%, 16/19,L,[36],"freq bands 4-8,8-13,13-30, nu=0.6463999999999999"
Bandpower + SVM,84.84659248161014%, 16/19,L,[36],"freq bands 4-8,8-13,13-30, nu=0.6464999999999999"
Bandpower + SVM,84.84659248161014%, 16/19,L,[36],"freq bands 4-8,8-13,13-30, nu=0.6465999999999998"
Bandpower + SVM,84.84659248161014%, 16/19,L,[36],"freq bands 4-8,8-13,13-30, nu=0.6466999999999998"
Bandpower + SVM,84.84659248161014%, 16/19,L,[36],"freq bands 4-8,8-13,13-30, nu=0.6467999999999998"
Bandpower + SVM,84.10790365427867%, 16/19,L,[36],"freq bands 4-8,8-13,13-30, nu=0.6468999999999998"
Bandpower + SVM,84.0104377673391%, 16/19,L,[36],"freq bands 4-8,8-13,13-30, nu=0.6469999999999998"
Bandpower + SVM,84.0104377673391%, 16/19,L,[36],"freq bands 4-8,8-13,13-30, nu=0.6470999999999998"
Bandpower + SVM,84.0104377673391%, 16/19,L,[36],"freq bands 4-8,8-13,13-30, nu=0.6471999999999998"
Bandpower + SVM,84.0104377673391%, 16/19,L,[36],"freq bands 4-8,8-13,13-30, nu=0.6472999999999998"
Bandpower + SVM,84.0104377673391%, 16/19,L,[36],"freq bands 4-8,8-13,13-30, nu=0.6473999999999998"
Bandpower + SVM,84.0104377673391%, 16/19,L,[36],"freq bands 4-8,8-13,13-30, nu=0.6474999999999997"
Bandpower + SVM,83.8289495640723%, 16/19,L,[36],"freq bands 4-8,8-13,13-30, nu=0.6475999999999997"
Bandpower + SVM,81.47341036642784%, 16/19,L,[36],"freq bands 4-8,8-13,13-30, nu=0.6476999999999997"
Bandpower + SVM,81.47341036642784%, 16/19,L,[36],"freq bands 4-8,8-13,13-30, nu=0.6477999999999997"
Bandpower + SVM,81.47341036642784%, 16/19,L,[36],"freq bands 4-8,8-13,13-30, nu=0.6478999999999997"
Bandpower + SVM,81.47341036642784%, 16/19,L,[36],"freq bands 4-8,8-13,13-30, nu=0.6479999999999997"
Bandpower + SVM,81.47341036642784%, 16/19,L,[36],"freq bands 4-8,8-13,13-30, nu=0.6480999999999997"
Bandpower + SVM,81.47341036642784%, 16/19,L,[36],"freq bands 4-8,8-13,13-30, nu=0.6481999999999997"
Bandpower + SVM,81.38420430041536%, 16/19,L,[36],"freq bands 4-8,8-13,13-30, nu=0.6482999999999997"
Bandpower + SVM,81.38420430041536%, 16/19,L,[36],"freq bands 4-8,8-13,13-30, nu=0.6483999999999996"
Bandpower + SVM,79.59473061620483%, 16/19,L,[36],"freq bands 4-8,8-13,13-30, nu=0.6484999999999996"
Bandpower + SVM,78.82451238770676%, 16/19,L,[36],"freq bands 4-8,8-13,13-30, nu=0.6485999999999996"
Bandpower + SVM,78.82451238770676%, 16/19,L,[36],"freq bands 4-8,8-13,13-30, nu=0.6486999999999996"
Bandpower + SVM,78.82451238770676%, 16/19,L,[36],"freq bands 4-8,8-13,13-30, nu=0.6487999999999996"
Bandpower + SVM,78.82451238770676%, 16/19,L,[36],"freq bands 4-8,8-13,13-30, nu=0.6488999999999996"
Bandpower + SVM,79.10152069795608%, 16/19,L,[36],"freq bands 4-8,8-13,13-30, nu=0.6489999999999996"
Bandpower + SVM,81.96373561241325%, 16/19,L,[0],"freq bands 4-8,8-13,13-30, nu=0.6464"
Bandpower + SVM,83.1893226333001%, 16/19,L,[1],"freq bands 4-8,8-13,13-30, nu=0.6464"
Bandpower + SVM,74.29721202595269%, 14/19,L,[2],"freq bands 4-8,8-13,13-30, nu=0.6464"
Bandpower + SVM,79.91057088152112%, 16/19,L,[3],"freq bands 4-8,8-13,13-30, nu=0.6464"
Bandpower + SVM,76.2728743136288%, 15/19,L,[4],"freq bands 4-8,8-13,13-30, nu=0.6464"
Bandpower + SVM,77.30111874958799%, 14/19,L,[5],"freq bands 4-8,8-13,13-30, nu=0.6464"
Bandpower + SVM,71.80567327851645%, 13/19,L,[6],"freq bands 4-8,8-13,13-30, nu=0.6464"
Bandpower + SVM,74.05090157290265%, 14/19,L,[7],"freq bands 4-8,8-13,13-30, nu=0.6464"
Bandpower + SVM,31.185081524151492%, 5/19,L,[8],"freq bands 4-8,8-13,13-30, nu=0.6464"
Bandpower + SVM,80.51920509557343%, 15/19,L,[9],"freq bands 4-8,8-13,13-30, nu=0.6464"
Bandpower + SVM,63.64420180209653%, 12/19,L,[10],"freq bands 4-8,8-13,13-30, nu=0.6464"
Bandpower + SVM,83.08262692429041%, 15/19,L,[11],"freq bands 4-8,8-13,13-30, nu=0.6464"
Bandpower + SVM,73.23163225159595%, 14/19,L,[12],"freq bands 4-8,8-13,13-30, nu=0.6464"
Bandpower + SVM,79.04487004879064%, 16/19,L,[13],"freq bands 4-8,8-13,13-30, nu=0.6464"
Bandpower + SVM,80.78923254603836%, 15/19,L,[14],"freq bands 4-8,8-13,13-30, nu=0.6464"
Bandpower + SVM,74.31168183279847%, 14/19,L,[15],"freq bands 4-8,8-13,13-30, nu=0.6464"
Bandpower + SVM,79.19788683716797%, 15/19,L,[16],"freq bands 4-8,8-13,13-30, nu=0.6464"
Bandpower + SVM,59.58865006799853%, 11/19,L,[17],"freq bands 4-8,8-13,13-30, nu=0.6464"
Bandpower + SVM,80.502497503672%, 16/19,L,[18],"freq bands 4-8,8-13,13-30, nu=0.6464"
Bandpower + SVM,81.02684383417221%, 16/19,L,[19],"freq bands 4-8,8-13,13-30, nu=0.6464"
Bandpower + SVM,79.7513673524917%, 16/19,L,[20],"freq bands 4-8,8-13,13-30, nu=0.6464"
Bandpower + SVM,80.54998914652852%, 16/19,L,[21],"freq bands 4-8,8-13,13-30, nu=0.6464"
Bandpower + SVM,80.60953755641906%, 16/19,L,[22],"freq bands 4-8,8-13,13-30, nu=0.6464"
Bandpower + SVM,73.0961256215887%, 14/19,L,[23],"freq bands 4-8,8-13,13-30, nu=0.6464"
Bandpower + SVM,81.6325507916407%, 17/19,L,[24],"freq bands 4-8,8-13,13-30, nu=0.6464"
Bandpower + SVM,63.575393181526316%, 12/19,L,[25],"freq bands 4-8,8-13,13-30, nu=0.6464"
Bandpower + SVM,48.33761940462244%, 9/19,L,[26],"freq bands 4-8,8-13,13-30, nu=0.6464"
Bandpower + SVM,83.2112578009099%, 16/19,L,[27],"freq bands 4-8,8-13,13-30, nu=0.6464"
Bandpower + SVM,62.52238989081095%, 12/19,L,[28],"freq bands 4-8,8-13,13-30, nu=0.6464"
Bandpower + SVM,85.99144669257036%, 17/19,L,[29],"freq bands 4-8,8-13,13-30, nu=0.6464"
Bandpower + SVM,73.52578556752786%, 14/19,L,[30],"freq bands 4-8,8-13,13-30, nu=0.6464"
Bandpower + SVM,83.6674047029108%, 16/19,L,[31],"freq bands 4-8,8-13,13-30, nu=0.6464"
Bandpower + SVM,82.98570610004367%, 16/19,L,[32],"freq bands 4-8,8-13,13-30, nu=0.6464"
Bandpower + SVM,79.59432682305312%, 15/19,L,[33],"freq bands 4-8,8-13,13-30, nu=0.6464"
Bandpower + SVM,79.66192428261394%, 15/19,L,[34],"freq bands 4-8,8-13,13-30, nu=0.6464"
Bandpower + SVM,78.9060536314473%, 16/19,L,[35],"freq bands 4-8,8-13,13-30, nu=0.6464"
Bandpower + SVM,84.84659248161014%, 16/19,L,[36],"freq bands 4-8,8-13,13-30, nu=0.6464"
Bandpower + SVM,80.2939671873091%, 16/19,L,[37],"freq bands 4-8,8-13,13-30, nu=0.6464"
Bandpower + SVM,85.15982848544489%, 16/19,L,[38],"freq bands 4-8,8-13,13-30, nu=0.6464"
Bandpower + SVM,80.93578118487521%, 15/19,L,[39],"freq bands 4-8,8-13,13-30, nu=0.6464"
Bandpower + SVM,84.77084166432508%, 17/19,L,[40],"freq bands 4-8,8-13,13-30, nu=0.6464"
Bandpower + SVM,82.40637908760577%, 16/19,L,[41],"freq bands 4-8,8-13,13-30, nu=0.6464"
Bandpower + SVM,81.10040308693475%, 16/19,L,[42],"freq bands 4-8,8-13,13-30, nu=0.6464"
Bandpower + SVM,81.21028828527554%, 16/19,L,[43],"freq bands 4-8,8-13,13-30, nu=0.6464"
Bandpower + SVM,75.52720035860737%, 14/19,L,[44],"freq bands 4-8,8-13,13-30, nu=0.6464"
Bandpower + SVM,82.00673562404161%, 16/19,L,[45],"freq bands 4-8,8-13,13-30, nu=0.6464"
Bandpower + SVM,81.97433171117382%, 16/19,L,[46],"freq bands 4-8,8-13,13-30, nu=0.6464"
Bandpower + SVM,84.40810733183163%, 17/19,L,[47],"freq bands 4-8,8-13,13-30, nu=0.6464"
Bandpower + SVM,83.4719135136558%, 16/19,L,[48],"freq bands 4-8,8-13,13-30, nu=0.6464"
Bandpower + SVM,83.04788023620094%, 16/19,L,[49],"freq bands 4-8,8-13,13-30, nu=0.6464"
Bandpower + SVM,83.44017775596724%, 16/19,L,[50],"freq bands 4-8,8-13,13-30, nu=0.6464"
Bandpower + SVM,84.8060106309279%, 17/19,L,[51],"freq bands 4-8,8-13,13-30, nu=0.6464"
Bandpower + SVM,81.83727933011812%, 16/19,L,[52],"freq bands 4-8,8-13,13-30, nu=0.6464"
Bandpower + SVM,79.8522749754959%, 15/19,L,[53],"freq bands 4-8,8-13,13-30, nu=0.6464"
Bandpower + SVM,78.04418356425683%, 15/19,L,[54],"freq bands 4-8,8-13,13-30, nu=0.6464"
Bandpower + SVM,69.60883163509405%, 13/19,L,[55],"freq bands 4-8,8-13,13-30, nu=0.6464"
Bandpower + SVM,72.84326903035921%, 14/19,L,[56],"freq bands 4-8,8-13,13-30, nu=0.6464"
Bandpower + SVM,71.66762418446568%, 14/19,L,[57],"freq bands 4-8,8-13,13-30, nu=0.6464"
Bandpower + SVM,70.61348000816346%, 13/19,L,[58],"freq bands 4-8,8-13,13-30, nu=0.6464"
Bandpower + SVM,71.61526643950383%, 14/19,L,[59],"freq bands 4-8,8-13,13-30, nu=0.6464"
Bandpower + SVM,51.40894198827144%, 10/19,L,[60],"freq bands 4-8,8-13,13-30, nu=0.6464"
Bandpower + SVM,85.90366446525105%, 17/19,L,"[29, 0]","freq bands 4-8,8-13,13-30, nu=0.6464"
Bandpower + SVM,86.14404908063567%, 17/19,L,"[29, 1]","freq bands 4-8,8-13,13-30, nu=0.6464"
Bandpower + SVM,86.20434631563333%, 17/19,L,"[29, 2]","freq bands 4-8,8-13,13-30, nu=0.6464"
Bandpower + SVM,85.57966677510092%, 17/19,L,"[29, 3]","freq bands 4-8,8-13,13-30, nu=0.6464"
Bandpower + SVM,84.3146305413894%, 17/19,L,"[29, 4]","freq bands 4-8,8-13,13-30, nu=0.6464"
Bandpower + SVM,85.45378232395268%, 17/19,L,"[29, 5]","freq bands 4-8,8-13,13-30, nu=0.6464"
Bandpower + SVM,85.75079953605253%, 17/19,L,"[29, 6]","freq bands 4-8,8-13,13-30, nu=0.6464"
Bandpower + SVM,83.45717094984586%, 16/19,L,"[29, 7]","freq bands 4-8,8-13,13-30, nu=0.6464"
Bandpower + SVM,73.89221991604616%, 15/19,L,"[29, 8]","freq bands 4-8,8-13,13-30, nu=0.6464"
Bandpower + SVM,83.23688251761612%, 16/19,L,"[29, 9]","freq bands 4-8,8-13,13-30, nu=0.6464"
Bandpower + SVM,84.18722631207109%, 16/19,L,"[29, 10]","freq bands 4-8,8-13,13-30, nu=0.6464"
Bandpower + SVM,85.24091916107042%, 17/19,L,"[29, 11]","freq bands 4-8,8-13,13-30, nu=0.6464"
Bandpower + SVM,85.29272904953486%, 16/19,L,"[29, 12]","freq bands 4-8,8-13,13-30, nu=0.6464"
Bandpower + SVM,85.67035217909836%, 17/19,L,"[29, 13]","freq bands 4-8,8-13,13-30, nu=0.6464"
Bandpower + SVM,85.56026550581905%, 17/19,L,"[29, 14]","freq bands 4-8,8-13,13-30, nu=0.6464"
Bandpower + SVM,85.26144529650725%, 17/19,L,"[29, 15]","freq bands 4-8,8-13,13-30, nu=0.6464"
Bandpower + SVM,83.53327072201844%, 16/19,L,"[29, 16]","freq bands 4-8,8-13,13-30, nu=0.6464"
Bandpower + SVM,84.6136833484613%, 17/19,L,"[29, 17]","freq bands 4-8,8-13,13-30, nu=0.6464"
Bandpower + SVM,86.68414862750522%, 17/19,L,"[29, 18]","freq bands 4-8,8-13,13-30, nu=0.6464"
Bandpower + SVM,86.45759216187385%, 17/19,L,"[29, 19]","freq bands 4-8,8-13,13-30, nu=0.6464"
Bandpower + SVM,86.16257232753554%, 17/19,L,"[29, 20]","freq bands 4-8,8-13,13-30, nu=0.6464"
Bandpower + SVM,85.4115680861311%, 17/19,L,"[29, 21]","freq bands 4-8,8-13,13-30, nu=0.6464"
Bandpower + SVM,85.04787691614304%, 17/19,L,"[29, 22]","freq bands 4-8,8-13,13-30, nu=0.6464"
Bandpower + SVM,83.60864143020986%, 17/19,L,"[29, 23]","freq bands 4-8,8-13,13-30, nu=0.6464"
Bandpower + SVM,85.43506402853046%, 17/19,L,"[29, 24]","freq bands 4-8,8-13,13-30, nu=0.6464"
Bandpower + SVM,82.32161901908137%, 16/19,L,"[29, 25]","freq bands 4-8,8-13,13-30, nu=0.6464"
Bandpower + SVM,78.93358145209255%, 16/19,L,"[29, 26]","freq bands 4-8,8-13,13-30, nu=0.6464"
Bandpower + SVM,85.11431048517943%, 17/19,L,"[29, 27]","freq bands 4-8,8-13,13-30, nu=0.6464"
Bandpower + SVM,84.66192335843816%, 16/19,L,"[29, 28]","freq bands 4-8,8-13,13-30, nu=0.6464"
Bandpower + SVM,85.99144669257036%, 17/19,L,"[29, 29]","freq bands 4-8,8-13,13-30, nu=0.6464"
Bandpower + SVM,85.5638191209879%, 16/19,L,"[29, 30]","freq bands 4-8,8-13,13-30, nu=0.6464"
Bandpower + SVM,84.80572749734972%, 16/19,L,"[29, 31]","freq bands 4-8,8-13,13-30, nu=0.6464"
Bandpower + SVM,85.20255606462503%, 16/19,L,"[29, 32]","freq bands 4-8,8-13,13-30, nu=0.6464"
Bandpower + SVM,83.38804047068925%, 16/19,L,"[29, 33]","freq bands 4-8,8-13,13-30, nu=0.6464"
Bandpower + SVM,83.56124274999048%, 17/19,L,"[29, 34]","freq bands 4-8,8-13,13-30, nu=0.6464"
Bandpower + SVM,83.54346910770637%, 16/19,L,"[29, 35]","freq bands 4-8,8-13,13-30, nu=0.6464"
Bandpower + SVM,85.84916172756462%, 17/19,L,"[29, 36]","freq bands 4-8,8-13,13-30, nu=0.6464"
Bandpower + SVM,84.2227846738545%, 17/19,L,"[29, 37]","freq bands 4-8,8-13,13-30, nu=0.6464"
Bandpower + SVM,86.35501884685188%, 17/19,L,"[29, 38]","freq bands 4-8,8-13,13-30, nu=0.6464"
Bandpower + SVM,83.36567882956028%, 16/19,L,"[29, 39]","freq bands 4-8,8-13,13-30, nu=0.6464"
Bandpower + SVM,85.87684341003664%, 17/19,L,"[29, 40]","freq bands 4-8,8-13,13-30, nu=0.6464"
Bandpower + SVM,83.17706750377015%, 16/19,L,"[29, 41]","freq bands 4-8,8-13,13-30, nu=0.6464"
Bandpower + SVM,82.98689494314674%, 16/19,L,"[29, 42]","freq bands 4-8,8-13,13-30, nu=0.6464"
Bandpower + SVM,82.81958497867653%, 16/19,L,"[29, 43]","freq bands 4-8,8-13,13-30, nu=0.6464"
Bandpower + SVM,79.601826870907%, 15/19,L,"[29, 44]","freq bands 4-8,8-13,13-30, nu=0.6464"
Bandpower + SVM,84.93914258748613%, 17/19,L,"[29, 45]","freq bands 4-8,8-13,13-30, nu=0.6464"
Bandpower + SVM,84.55221489119793%, 16/19,L,"[29, 46]","freq bands 4-8,8-13,13-30, nu=0.6464"
Bandpower + SVM,85.72382301439234%, 17/19,L,"[29, 47]","freq bands 4-8,8-13,13-30, nu=0.6464"
Bandpower + SVM,85.3794245681723%, 17/19,L,"[29, 48]","freq bands 4-8,8-13,13-30, nu=0.6464"
Bandpower + SVM,84.80173605338658%, 16/19,L,"[29, 49]","freq bands 4-8,8-13,13-30, nu=0.6464"
Bandpower + SVM,85.74791377876677%, 16/19,L,"[29, 50]","freq bands 4-8,8-13,13-30, nu=0.6464"
Bandpower + SVM,86.06817864531114%, 17/19,L,"[29, 51]","freq bands 4-8,8-13,13-30, nu=0.6464"
Bandpower + SVM,82.43352518952189%, 16/19,L,"[29, 52]","freq bands 4-8,8-13,13-30, nu=0.6464"
Bandpower + SVM,80.65824288672698%, 15/19,L,"[29, 53]","freq bands 4-8,8-13,13-30, nu=0.6464"
Bandpower + SVM,79.22582824924191%, 16/19,L,"[29, 54]","freq bands 4-8,8-13,13-30, nu=0.6464"
Bandpower + SVM,71.06508665172058%, 13/19,L,"[29, 55]","freq bands 4-8,8-13,13-30, nu=0.6464"
Bandpower + SVM,75.30008716258877%, 14/19,L,"[29, 56]","freq bands 4-8,8-13,13-30, nu=0.6464"
Bandpower + SVM,72.94395019763378%, 14/19,L,"[29, 57]","freq bands 4-8,8-13,13-30, nu=0.6464"
Bandpower + SVM,72.86070818418422%, 14/19,L,"[29, 58]","freq bands 4-8,8-13,13-30, nu=0.6464"
Bandpower + SVM,81.39070988519967%, 16/19,L,"[29, 59]","freq bands 4-8,8-13,13-30, nu=0.6464"
Bandpower + SVM,85.60564704788733%, 17/19,L,"[29, 60]","freq bands 4-8,8-13,13-30, nu=0.6464"
Bandpower + SVM,86.78929199561543%, 17/19,L,"[18, 29, 0]","freq bands 4-8,8-13,13-30, nu=0.6464"
Bandpower + SVM,86.89050657051422%, 17/19,L,"[18, 29, 1]","freq bands 4-8,8-13,13-30, nu=0.6464"
Bandpower + SVM,86.68010004450927%, 17/19,L,"[18, 29, 2]","freq bands 4-8,8-13,13-30, nu=0.6464"
Bandpower + SVM,87.01425409372683%, 17/19,L,"[18, 29, 3]","freq bands 4-8,8-13,13-30, nu=0.6464"
Bandpower + SVM,85.32032745806745%, 17/19,L,"[18, 29, 4]","freq bands 4-8,8-13,13-30, nu=0.6464"
Bandpower + SVM,85.55235470423167%, 17/19,L,"[18, 29, 5]","freq bands 4-8,8-13,13-30, nu=0.6464"
Bandpower + SVM,86.81975556204232%, 17/19,L,"[18, 29, 6]","freq bands 4-8,8-13,13-30, nu=0.6464"
Bandpower + SVM,84.33269608730492%, 16/19,L,"[18, 29, 7]","freq bands 4-8,8-13,13-30, nu=0.6464"
Bandpower + SVM,85.15940192780528%, 17/19,L,"[18, 29, 8]","freq bands 4-8,8-13,13-30, nu=0.6464"
Bandpower + SVM,85.73742747207262%, 17/19,L,"[18, 29, 9]","freq bands 4-8,8-13,13-30, nu=0.6464"
Bandpower + SVM,86.00573098376134%, 17/19,L,"[18, 29, 10]","freq bands 4-8,8-13,13-30, nu=0.6464"
Bandpower + SVM,86.73432201097212%, 17/19,L,"[18, 29, 11]","freq bands 4-8,8-13,13-30, nu=0.6464"
Bandpower + SVM,86.52386633330373%, 17/19,L,"[18, 29, 12]","freq bands 4-8,8-13,13-30, nu=0.6464"
Bandpower + SVM,86.10815044238723%, 17/19,L,"[18, 29, 13]","freq bands 4-8,8-13,13-30, nu=0.6464"
Bandpower + SVM,86.36650463873696%, 17/19,L,"[18, 29, 14]","freq bands 4-8,8-13,13-30, nu=0.6464"
Bandpower + SVM,85.44954656894672%, 17/19,L,"[18, 29, 15]","freq bands 4-8,8-13,13-30, nu=0.6464"
Bandpower + SVM,84.69909763557676%, 16/19,L,"[18, 29, 16]","freq bands 4-8,8-13,13-30, nu=0.6464"
Bandpower + SVM,84.98226598533662%, 17/19,L,"[18, 29, 17]","freq bands 4-8,8-13,13-30, nu=0.6464"
Bandpower + SVM,87.06372393486731%, 17/19,L,"[18, 29, 18]","freq bands 4-8,8-13,13-30, nu=0.6464"
Bandpower + SVM,87.19357917848703%, 17/19,L,"[18, 29, 19]","freq bands 4-8,8-13,13-30, nu=0.6464"
Bandpower + SVM,86.29113920915967%, 17/19,L,"[18, 29, 20]","freq bands 4-8,8-13,13-30, nu=0.6464"
Bandpower + SVM,85.38498407300375%, 17/19,L,"[18, 29, 21]","freq bands 4-8,8-13,13-30, nu=0.6464"
Bandpower + SVM,85.31315428849847%, 17/19,L,"[18, 29, 22]","freq bands 4-8,8-13,13-30, nu=0.6464"
Bandpower + SVM,84.08288963241681%, 17/19,L,"[18, 29, 23]","freq bands 4-8,8-13,13-30, nu=0.6464"
Bandpower + SVM,85.18985653362175%, 17/19,L,"[18, 29, 24]","freq bands 4-8,8-13,13-30, nu=0.6464"
Bandpower + SVM,82.61323109830784%, 17/19,L,"[18, 29, 25]","freq bands 4-8,8-13,13-30, nu=0.6464"
Bandpower + SVM,84.79797295895229%, 17/19,L,"[18, 29, 26]","freq bands 4-8,8-13,13-30, nu=0.6464"
Bandpower + SVM,86.1953464365347%, 17/19,L,"[18, 29, 27]","freq bands 4-8,8-13,13-30, nu=0.6464"
Bandpower + SVM,86.07973259515909%, 17/19,L,"[18, 29, 28]","freq bands 4-8,8-13,13-30, nu=0.6464"
Bandpower + SVM,86.57189246261747%, 17/19,L,"[18, 29, 29]","freq bands 4-8,8-13,13-30, nu=0.6464"
Bandpower + SVM,86.48579188506594%, 17/19,L,"[18, 29, 30]","freq bands 4-8,8-13,13-30, nu=0.6464"
Bandpower + SVM,86.18245431455863%, 17/19,L,"[18, 29, 31]","freq bands 4-8,8-13,13-30, nu=0.6464"
Bandpower + SVM,86.22022260860736%, 17/19,L,"[18, 29, 32]","freq bands 4-8,8-13,13-30, nu=0.6464"
Bandpower + SVM,84.92645998253028%, 17/19,L,"[18, 29, 33]","freq bands 4-8,8-13,13-30, nu=0.6464"
Bandpower + SVM,84.45855596309316%, 16/19,L,"[18, 29, 34]","freq bands 4-8,8-13,13-30, nu=0.6464"
Bandpower + SVM,84.77124871498738%, 17/19,L,"[18, 29, 35]","freq bands 4-8,8-13,13-30, nu=0.6464"
Bandpower + SVM,85.4617669082279%, 17/19,L,"[18, 29, 36]","freq bands 4-8,8-13,13-30, nu=0.6464"
Bandpower + SVM,84.29336665263001%, 17/19,L,"[18, 29, 37]","freq bands 4-8,8-13,13-30, nu=0.6464"
Bandpower + SVM,86.24390491541126%, 17/19,L,"[18, 29, 38]","freq bands 4-8,8-13,13-30, nu=0.6464"
Bandpower + SVM,83.5928064119152%, 16/19,L,"[18, 29, 39]","freq bands 4-8,8-13,13-30, nu=0.6464"
Bandpower + SVM,85.78478496063748%, 17/19,L,"[18, 29, 40]","freq bands 4-8,8-13,13-30, nu=0.6464"
Bandpower + SVM,83.36173971060302%, 16/19,L,"[18, 29, 41]","freq bands 4-8,8-13,13-30, nu=0.6464"
Bandpower + SVM,84.1832020977116%, 17/19,L,"[18, 29, 42]","freq bands 4-8,8-13,13-30, nu=0.6464"
Bandpower + SVM,83.5411131924648%, 16/19,L,"[18, 29, 43]","freq bands 4-8,8-13,13-30, nu=0.6464"
Bandpower + SVM,80.89098093014417%, 15/19,L,"[18, 29, 44]","freq bands 4-8,8-13,13-30, nu=0.6464"
Bandpower + SVM,86.9695475081676%, 17/19,L,"[18, 29, 45]","freq bands 4-8,8-13,13-30, nu=0.6464"
Bandpower + SVM,85.86271764130203%, 16/19,L,"[18, 29, 46]","freq bands 4-8,8-13,13-30, nu=0.6464"
Bandpower + SVM,86.91044889774471%, 17/19,L,"[18, 29, 47]","freq bands 4-8,8-13,13-30, nu=0.6464"
Bandpower + SVM,86.09896818245275%, 17/19,L,"[18, 29, 48]","freq bands 4-8,8-13,13-30, nu=0.6464"
Bandpower + SVM,85.73280621374995%, 17/19,L,"[18, 29, 49]","freq bands 4-8,8-13,13-30, nu=0.6464"
Bandpower + SVM,86.65389527458493%, 17/19,L,"[18, 29, 50]","freq bands 4-8,8-13,13-30, nu=0.6464"
Bandpower + SVM,87.08641630601703%, 17/19,L,"[18, 29, 51]","freq bands 4-8,8-13,13-30, nu=0.6464"
Bandpower + SVM,82.6345812623394%, 16/19,L,"[18, 29, 52]","freq bands 4-8,8-13,13-30, nu=0.6464"
Bandpower + SVM,81.36851701805374%, 15/19,L,"[18, 29, 53]","freq bands 4-8,8-13,13-30, nu=0.6464"
Bandpower + SVM,80.40135306661128%, 16/19,L,"[18, 29, 54]","freq bands 4-8,8-13,13-30, nu=0.6464"
Bandpower + SVM,77.01976721940424%, 15/19,L,"[18, 29, 55]","freq bands 4-8,8-13,13-30, nu=0.6464"
Bandpower + SVM,76.20175687230802%, 14/19,L,"[18, 29, 56]","freq bands 4-8,8-13,13-30, nu=0.6464"
Bandpower + SVM,73.83162679895892%, 14/19,L,"[18, 29, 57]","freq bands 4-8,8-13,13-30, nu=0.6464"
Bandpower + SVM,76.6936313669526%, 15/19,L,"[18, 29, 58]","freq bands 4-8,8-13,13-30, nu=0.6464"
Bandpower + SVM,81.70010847630486%, 16/19,L,"[18, 29, 59]","freq bands 4-8,8-13,13-30, nu=0.6464"
Bandpower + SVM,87.13610346096733%, 17/19,L,"[18, 29, 60]","freq bands 4-8,8-13,13-30, nu=0.6464"
Bandpower + SVM,86.52155960065025%, 17/19,L,"[18, 19, 29, 0]","freq bands 4-8,8-13,13-30, nu=0.6464"
Bandpower + SVM,86.9208971052509%, 17/19,L,"[18, 19, 29, 1]","freq bands 4-8,8-13,13-30, nu=0.6464"
Bandpower + SVM,86.81506283063261%, 17/19,L,"[18, 19, 29, 2]","freq bands 4-8,8-13,13-30, nu=0.6464"
Bandpower + SVM,86.74100090376716%, 17/19,L,"[18, 19, 29, 3]","freq bands 4-8,8-13,13-30, nu=0.6464"
Bandpower + SVM,85.03783486866877%, 17/19,L,"[18, 19, 29, 4]","freq bands 4-8,8-13,13-30, nu=0.6464"
Bandpower + SVM,85.65909007412496%, 17/19,L,"[18, 19, 29, 5]","freq bands 4-8,8-13,13-30, nu=0.6464"
Bandpower + SVM,85.83296739558082%, 17/19,L,"[18, 19, 29, 6]","freq bands 4-8,8-13,13-30, nu=0.6464"
Bandpower + SVM,84.0514655211379%, 16/19,L,"[18, 19, 29, 7]","freq bands 4-8,8-13,13-30, nu=0.6464"
Bandpower + SVM,84.8721308512399%, 17/19,L,"[18, 19, 29, 8]","freq bands 4-8,8-13,13-30, nu=0.6464"
Bandpower + SVM,85.78323815834563%, 17/19,L,"[18, 19, 29, 9]","freq bands 4-8,8-13,13-30, nu=0.6464"
Bandpower + SVM,86.825918056217%, 17/19,L,"[18, 19, 29, 10]","freq bands 4-8,8-13,13-30, nu=0.6464"
Bandpower + SVM,86.45059834774707%, 17/19,L,"[18, 19, 29, 11]","freq bands 4-8,8-13,13-30, nu=0.6464"
Bandpower + SVM,86.74723642963208%, 17/19,L,"[18, 19, 29, 12]","freq bands 4-8,8-13,13-30, nu=0.6464"
Bandpower + SVM,85.38298130054744%, 17/19,L,"[18, 19, 29, 13]","freq bands 4-8,8-13,13-30, nu=0.6464"
Bandpower + SVM,86.30774307362327%, 17/19,L,"[18, 19, 29, 14]","freq bands 4-8,8-13,13-30, nu=0.6464"
Bandpower + SVM,85.7725392383908%, 17/19,L,"[18, 19, 29, 15]","freq bands 4-8,8-13,13-30, nu=0.6464"
Bandpower + SVM,84.6388638584646%, 16/19,L,"[18, 19, 29, 16]","freq bands 4-8,8-13,13-30, nu=0.6464"
Bandpower + SVM,85.20404407988194%, 17/19,L,"[18, 19, 29, 17]","freq bands 4-8,8-13,13-30, nu=0.6464"
Bandpower + SVM,86.38884785019833%, 17/19,L,"[18, 19, 29, 18]","freq bands 4-8,8-13,13-30, nu=0.6464"
Bandpower + SVM,86.82712530568104%, 17/19,L,"[18, 19, 29, 19]","freq bands 4-8,8-13,13-30, nu=0.6464"
Bandpower + SVM,85.9861111896296%, 17/19,L,"[18, 19, 29, 20]","freq bands 4-8,8-13,13-30, nu=0.6464"
Bandpower + SVM,85.88553615250319%, 17/19,L,"[18, 19, 29, 21]","freq bands 4-8,8-13,13-30, nu=0.6464"
Bandpower + SVM,85.30546789317981%, 17/19,L,"[18, 19, 29, 22]","freq bands 4-8,8-13,13-30, nu=0.6464"
Bandpower + SVM,83.97534108441339%, 17/19,L,"[18, 19, 29, 23]","freq bands 4-8,8-13,13-30, nu=0.6464"
Bandpower + SVM,85.20437558988307%, 17/19,L,"[18, 19, 29, 24]","freq bands 4-8,8-13,13-30, nu=0.6464"
Bandpower + SVM,82.6337615891444%, 17/19,L,"[18, 19, 29, 25]","freq bands 4-8,8-13,13-30, nu=0.6464"
Bandpower + SVM,84.68808761952049%, 17/19,L,"[18, 19, 29, 26]","freq bands 4-8,8-13,13-30, nu=0.6464"
Bandpower + SVM,86.42543831816923%, 17/19,L,"[18, 19, 29, 27]","freq bands 4-8,8-13,13-30, nu=0.6464"
Bandpower + SVM,86.59627594291841%, 17/19,L,"[18, 19, 29, 28]","freq bands 4-8,8-13,13-30, nu=0.6464"
Bandpower + SVM,86.59124140736519%, 17/19,L,"[18, 19, 29, 29]","freq bands 4-8,8-13,13-30, nu=0.6464"
Bandpower + SVM,86.79495640475677%, 17/19,L,"[18, 19, 29, 30]","freq bands 4-8,8-13,13-30, nu=0.6464"
Bandpower + SVM,86.39751705612818%, 17/19,L,"[18, 19, 29, 31]","freq bands 4-8,8-13,13-30, nu=0.6464"
Bandpower + SVM,86.33337986877008%, 17/19,L,"[18, 19, 29, 32]","freq bands 4-8,8-13,13-30, nu=0.6464"
Bandpower + SVM,84.87714800562254%, 17/19,L,"[18, 19, 29, 33]","freq bands 4-8,8-13,13-30, nu=0.6464"
Bandpower + SVM,84.767720482784%, 16/19,L,"[18, 19, 29, 34]","freq bands 4-8,8-13,13-30, nu=0.6464"
Bandpower + SVM,84.97867894437559%, 17/19,L,"[18, 19, 29, 35]","freq bands 4-8,8-13,13-30, nu=0.6464"
Bandpower + SVM,85.47775817648777%, 17/19,L,"[18, 19, 29, 36]","freq bands 4-8,8-13,13-30, nu=0.6464"
Bandpower + SVM,84.41393017227654%, 17/19,L,"[18, 19, 29, 37]","freq bands 4-8,8-13,13-30, nu=0.6464"
Bandpower + SVM,86.08392877539885%, 17/19,L,"[18, 19, 29, 38]","freq bands 4-8,8-13,13-30, nu=0.6464"
Bandpower + SVM,83.91232161508691%, 16/19,L,"[18, 19, 29, 39]","freq bands 4-8,8-13,13-30, nu=0.6464"
Bandpower + SVM,85.88047874054178%, 17/19,L,"[18, 19, 29, 40]","freq bands 4-8,8-13,13-30, nu=0.6464"
Bandpower + SVM,83.27651640396411%, 16/19,L,"[18, 19, 29, 41]","freq bands 4-8,8-13,13-30, nu=0.6464"
Bandpower + SVM,84.29488714587579%, 17/19,L,"[18, 19, 29, 42]","freq bands 4-8,8-13,13-30, nu=0.6464"
Bandpower + SVM,83.37954505066934%, 16/19,L,"[18, 19, 29, 43]","freq bands 4-8,8-13,13-30, nu=0.6464"
Bandpower + SVM,81.89227162672573%, 16/19,L,"[18, 19, 29, 44]","freq bands 4-8,8-13,13-30, nu=0.6464"
Bandpower + SVM,87.17100973906781%, 17/19,L,"[18, 19, 29, 45]","freq bands 4-8,8-13,13-30, nu=0.6464"
Bandpower + SVM,86.58403336261775%, 17/19,L,"[18, 19, 29, 46]","freq bands 4-8,8-13,13-30, nu=0.6464"
Bandpower + SVM,87.22456309570646%, 17/19,L,"[18, 19, 29, 47]","freq bands 4-8,8-13,13-30, nu=0.6464"
Bandpower + SVM,86.80747020674427%, 17/19,L,"[18, 19, 29, 48]","freq bands 4-8,8-13,13-30, nu=0.6464"
Bandpower + SVM,86.04839262371023%, 17/19,L,"[18, 19, 29, 49]","freq bands 4-8,8-13,13-30, nu=0.6464"
Bandpower + SVM,86.97905106253563%, 17/19,L,"[18, 19, 29, 50]","freq bands 4-8,8-13,13-30, nu=0.6464"
Bandpower + SVM,87.30978640234538%, 17/19,L,"[18, 19, 29, 51]","freq bands 4-8,8-13,13-30, nu=0.6464"
Bandpower + SVM,82.64010205733389%, 16/19,L,"[18, 19, 29, 52]","freq bands 4-8,8-13,13-30, nu=0.6464"
Bandpower + SVM,82.07701904234523%, 15/19,L,"[18, 19, 29, 53]","freq bands 4-8,8-13,13-30, nu=0.6464"
Bandpower + SVM,81.00373124353727%, 16/19,L,"[18, 19, 29, 54]","freq bands 4-8,8-13,13-30, nu=0.6464"
Bandpower + SVM,77.42087683104018%, 15/19,L,"[18, 19, 29, 55]","freq bands 4-8,8-13,13-30, nu=0.6464"
Bandpower + SVM,76.81240843051903%, 14/19,L,"[18, 19, 29, 56]","freq bands 4-8,8-13,13-30, nu=0.6464"
Bandpower + SVM,79.11077596195564%, 15/19,L,"[18, 19, 29, 57]","freq bands 4-8,8-13,13-30, nu=0.6464"
Bandpower + SVM,77.09848966654775%, 15/19,L,"[18, 19, 29, 58]","freq bands 4-8,8-13,13-30, nu=0.6464"
Bandpower + SVM,82.1154372491654%, 16/19,L,"[18, 19, 29, 59]","freq bands 4-8,8-13,13-30, nu=0.6464"
Bandpower + SVM,87.16694376403996%, 17/19,L,"[18, 19, 29, 60]","freq bands 4-8,8-13,13-30, nu=0.6464"
Bandpower + SVM,87.21466373916465%, 17/19,L,"[18, 19, 29, 51, 0]","freq bands 4-8,8-13,13-30, nu=0.6464"
Bandpower + SVM,87.41652177223864%, 17/19,L,"[18, 19, 29, 51, 1]","freq bands 4-8,8-13,13-30, nu=0.6464"
Bandpower + SVM,87.41100097724417%, 17/19,L,"[18, 19, 29, 51, 2]","freq bands 4-8,8-13,13-30, nu=0.6464"
Bandpower + SVM,87.42699224550404%, 17/19,L,"[18, 19, 29, 51, 3]","freq bands 4-8,8-13,13-30, nu=0.6464"
Bandpower + SVM,86.4655235871207%, 17/19,L,"[18, 19, 29, 51, 4]","freq bands 4-8,8-13,13-30, nu=0.6464"
Bandpower + SVM,86.9334331729976%, 17/19,L,"[18, 19, 29, 51, 5]","freq bands 4-8,8-13,13-30, nu=0.6464"
Bandpower + SVM,86.94975441980887%, 17/19,L,"[18, 19, 29, 51, 6]","freq bands 4-8,8-13,13-30, nu=0.6464"
Bandpower + SVM,86.02896196362619%, 17/19,L,"[18, 19, 29, 51, 7]","freq bands 4-8,8-13,13-30, nu=0.6464"
Bandpower + SVM,86.98074021061052%, 17/19,L,"[18, 19, 29, 51, 8]","freq bands 4-8,8-13,13-30, nu=0.6464"
Bandpower + SVM,86.0963537370071%, 17/19,L,"[18, 19, 29, 51, 9]","freq bands 4-8,8-13,13-30, nu=0.6464"
Bandpower + SVM,86.59195613823563%, 17/19,L,"[18, 19, 29, 51, 10]","freq bands 4-8,8-13,13-30, nu=0.6464"
Bandpower + SVM,86.93196096099909%, 17/19,L,"[18, 19, 29, 51, 11]","freq bands 4-8,8-13,13-30, nu=0.6464"
Bandpower + SVM,87.00728491109618%, 17/19,L,"[18, 19, 29, 51, 12]","freq bands 4-8,8-13,13-30, nu=0.6464"
Bandpower + SVM,86.93633952254642%, 17/19,L,"[18, 19, 29, 51, 13]","freq bands 4-8,8-13,13-30, nu=0.6464"
Bandpower + SVM,87.02327617935603%, 17/19,L,"[18, 19, 29, 51, 14]","freq bands 4-8,8-13,13-30, nu=0.6464"
Bandpower + SVM,86.72581320675692%, 17/19,L,"[18, 19, 29, 51, 15]","freq bands 4-8,8-13,13-30, nu=0.6464"
Bandpower + SVM,85.84681380325664%, 17/19,L,"[18, 19, 29, 51, 16]","freq bands 4-8,8-13,13-30, nu=0.6464"
Bandpower + SVM,86.71444163821658%, 17/19,L,"[18, 19, 29, 51, 17]","freq bands 4-8,8-13,13-30, nu=0.6464"
Bandpower + SVM,87.52325714213191%, 17/19,L,"[18, 19, 29, 51, 18]","freq bands 4-8,8-13,13-30, nu=0.6464"
Bandpower + SVM,87.51221555214296%, 17/19,L,"[18, 19, 29, 51, 19]","freq bands 4-8,8-13,13-30, nu=0.6464"
Bandpower + SVM,86.81860063711244%, 17/19,L,"[18, 19, 29, 51, 20]","freq bands 4-8,8-13,13-30, nu=0.6464"
Bandpower + SVM,86.87205716243828%, 17/19,L,"[18, 19, 29, 51, 21]","freq bands 4-8,8-13,13-30, nu=0.6464"
Bandpower + SVM,86.48041069638165%, 17/19,L,"[18, 19, 29, 51, 22]","freq bands 4-8,8-13,13-30, nu=0.6464"
Bandpower + SVM,86.46867107484168%, 17/19,L,"[18, 19, 29, 51, 23]","freq bands 4-8,8-13,13-30, nu=0.6464"
Bandpower + SVM,86.87557270315892%, 17/19,L,"[18, 19, 29, 51, 24]","freq bands 4-8,8-13,13-30, nu=0.6464"
Bandpower + SVM,86.00540657164977%, 17/19,L,"[18, 19, 29, 51, 25]","freq bands 4-8,8-13,13-30, nu=0.6464"
Bandpower + SVM,86.32613550850901%, 17/19,L,"[18, 19, 29, 51, 26]","freq bands 4-8,8-13,13-30, nu=0.6464"
Bandpower + SVM,86.48839833957803%, 17/19,L,"[18, 19, 29, 51, 27]","freq bands 4-8,8-13,13-30, nu=0.6464"
Bandpower + SVM,86.36624281814844%, 17/19,L,"[18, 19, 29, 51, 28]","freq bands 4-8,8-13,13-30, nu=0.6464"
Bandpower + SVM,87.12334852080768%, 17/19,L,"[18, 19, 29, 51, 29]","freq bands 4-8,8-13,13-30, nu=0.6464"
Bandpower + SVM,86.67660832815099%, 17/19,L,"[18, 19, 29, 51, 30]","freq bands 4-8,8-13,13-30, nu=0.6464"
Bandpower + SVM,86.4302666480525%, 17/19,L,"[18, 19, 29, 51, 31]","freq bands 4-8,8-13,13-30, nu=0.6464"
Bandpower + SVM,86.59747693323011%, 17/19,L,"[18, 19, 29, 51, 32]","freq bands 4-8,8-13,13-30, nu=0.6464"
Bandpower + SVM,86.12200322363663%, 17/19,L,"[18, 19, 29, 51, 33]","freq bands 4-8,8-13,13-30, nu=0.6464"
Bandpower + SVM,85.90700950592058%, 17/19,L,"[18, 19, 29, 51, 34]","freq bands 4-8,8-13,13-30, nu=0.6464"
Bandpower + SVM,85.99579911921109%, 17/19,L,"[18, 19, 29, 51, 35]","freq bands 4-8,8-13,13-30, nu=0.6464"
Bandpower + SVM,86.96721790006727%, 17/19,L,"[18, 19, 29, 51, 36]","freq bands 4-8,8-13,13-30, nu=0.6464"
Bandpower + SVM,85.41060754127908%, 17/19,L,"[18, 19, 29, 51, 37]","freq bands 4-8,8-13,13-30, nu=0.6464"
Bandpower + SVM,86.71133222494383%, 17/19,L,"[18, 19, 29, 51, 38]","freq bands 4-8,8-13,13-30, nu=0.6464"
Bandpower + SVM,85.16442447688269%, 17/19,L,"[18, 19, 29, 51, 39]","freq bands 4-8,8-13,13-30, nu=0.6464"
Bandpower + SVM,86.7353008694111%, 17/19,L,"[18, 19, 29, 51, 40]","freq bands 4-8,8-13,13-30, nu=0.6464"
Bandpower + SVM,83.22298534400933%, 16/19,L,"[18, 19, 29, 51, 41]","freq bands 4-8,8-13,13-30, nu=0.6464"
Bandpower + SVM,85.08459256716016%, 17/19,L,"[18, 19, 29, 51, 42]","freq bands 4-8,8-13,13-30, nu=0.6464"
Bandpower + SVM,84.64502392814553%, 16/19,L,"[18, 19, 29, 51, 43]","freq bands 4-8,8-13,13-30, nu=0.6464"
Bandpower + SVM,83.05969556423275%, 16/19,L,"[18, 19, 29, 51, 44]","freq bands 4-8,8-13,13-30, nu=0.6464"
Bandpower + SVM,87.16986750562069%, 17/19,L,"[18, 19, 29, 51, 45]","freq bands 4-8,8-13,13-30, nu=0.6464"
Bandpower + SVM,86.24726486795453%, 17/19,L,"[18, 19, 29, 51, 46]","freq bands 4-8,8-13,13-30, nu=0.6464"
Bandpower + SVM,87.00062188265456%, 17/19,L,"[18, 19, 29, 51, 47]","freq bands 4-8,8-13,13-30, nu=0.6464"
Bandpower + SVM,86.48669298034089%, 17/19,L,"[18, 19, 29, 51, 48]","freq bands 4-8,8-13,13-30, nu=0.6464"
Bandpower + SVM,86.19180637873922%, 17/19,L,"[18, 19, 29, 51, 49]","freq bands 4-8,8-13,13-30, nu=0.6464"
Bandpower + SVM,87.0686529307219%, 17/19,L,"[18, 19, 29, 51, 50]","freq bands 4-8,8-13,13-30, nu=0.6464"
Bandpower + SVM,87.26124148084222%, 17/19,L,"[18, 19, 29, 51, 51]","freq bands 4-8,8-13,13-30, nu=0.6464"
Bandpower + SVM,83.31605042838208%, 16/19,L,"[18, 19, 29, 51, 52]","freq bands 4-8,8-13,13-30, nu=0.6464"
Bandpower + SVM,82.77447947664778%, 15/19,L,"[18, 19, 29, 51, 53]","freq bands 4-8,8-13,13-30, nu=0.6464"
Bandpower + SVM,81.87887087767969%, 16/19,L,"[18, 19, 29, 51, 54]","freq bands 4-8,8-13,13-30, nu=0.6464"
Bandpower + SVM,77.81074037879844%, 15/19,L,"[18, 19, 29, 51, 55]","freq bands 4-8,8-13,13-30, nu=0.6464"
Bandpower + SVM,78.95823992538101%, 15/19,L,"[18, 19, 29, 51, 56]","freq bands 4-8,8-13,13-30, nu=0.6464"
Bandpower + SVM,84.67205678639435%, 16/19,L,"[18, 19, 29, 51, 57]","freq bands 4-8,8-13,13-30, nu=0.6464"
Bandpower + SVM,82.45536476026494%, 16/19,L,"[18, 19, 29, 51, 58]","freq bands 4-8,8-13,13-30, nu=0.6464"
Bandpower + SVM,82.5812546206089%, 16/19,L,"[18, 19, 29, 51, 59]","freq bands 4-8,8-13,13-30, nu=0.6464"
Bandpower + SVM,86.9054992194738%, 17/19,L,"[18, 19, 29, 51, 60]","freq bands 4-8,8-13,13-30, nu=0.6464"
