Bandpower + SVM (rbf),52.63157894736842%, 10/19,RH,[0],"freq bands 4-7,8-12,13-30, nu=0.5"
Bandpower + SVM (rbf),52.63157894736842%, 10/19,RH,[1],"freq bands 4-7,8-12,13-30, nu=0.5"
Bandpower + SVM (rbf),52.63157894736842%, 10/19,RH,[2],"freq bands 4-7,8-12,13-30, nu=0.5"
Bandpower + SVM (rbf),52.63157894736842%, 10/19,RH,[3],"freq bands 4-7,8-12,13-30, nu=0.5"
Bandpower + SVM (rbf),52.63157894736842%, 10/19,RH,[4],"freq bands 4-7,8-12,13-30, nu=0.5"
Bandpower + SVM (rbf),52.63157894736842%, 10/19,RH,[5],"freq bands 4-7,8-12,13-30, nu=0.5"
Bandpower + SVM (rbf),52.63157894736842%, 10/19,RH,[6],"freq bands 4-7,8-12,13-30, nu=0.5"
Bandpower + SVM (rbf),52.63157894736842%, 10/19,RH,[7],"freq bands 4-7,8-12,13-30, nu=0.5"
Bandpower + SVM (rbf),52.63157894736842%, 10/19,RH,[8],"freq bands 4-7,8-12,13-30, nu=0.5"
Bandpower + SVM (rbf),52.63157894736842%, 10/19,RH,[9],"freq bands 4-7,8-12,13-30, nu=0.5"
Bandpower + SVM (rbf),52.63157894736842%, 10/19,RH,[10],"freq bands 4-7,8-12,13-30, nu=0.5"
Bandpower + SVM (rbf),52.63157894736842%, 10/19,RH,[11],"freq bands 4-7,8-12,13-30, nu=0.5"
Bandpower + SVM (rbf),52.63157894736842%, 10/19,RH,[12],"freq bands 4-7,8-12,13-30, nu=0.5"
Bandpower + SVM (rbf),52.63157894736842%, 10/19,RH,[13],"freq bands 4-7,8-12,13-30, nu=0.5"
Bandpower + SVM (rbf),52.63157894736842%, 10/19,RH,[14],"freq bands 4-7,8-12,13-30, nu=0.5"
Bandpower + SVM (rbf),52.63157894736842%, 10/19,RH,[15],"freq bands 4-7,8-12,13-30, nu=0.5"
Bandpower + SVM (rbf),52.63157894736842%, 10/19,RH,[16],"freq bands 4-7,8-12,13-30, nu=0.5"
Bandpower + SVM (rbf),52.63157894736842%, 10/19,RH,[17],"freq bands 4-7,8-12,13-30, nu=0.5"
Bandpower + SVM (rbf),52.63157894736842%, 10/19,RH,[18],"freq bands 4-7,8-12,13-30, nu=0.5"
Bandpower + SVM (rbf),52.63157894736842%, 10/19,RH,[19],"freq bands 4-7,8-12,13-30, nu=0.5"
Bandpower + SVM (rbf),52.63157894736842%, 10/19,RH,[20],"freq bands 4-7,8-12,13-30, nu=0.5"
Bandpower + SVM (rbf),52.63157894736842%, 10/19,RH,[21],"freq bands 4-7,8-12,13-30, nu=0.5"
Bandpower + SVM (rbf),52.63157894736842%, 10/19,RH,[22],"freq bands 4-7,8-12,13-30, nu=0.5"
Bandpower + SVM (rbf),52.63157894736842%, 10/19,RH,[23],"freq bands 4-7,8-12,13-30, nu=0.5"
Bandpower + SVM (rbf),52.63157894736842%, 10/19,RH,[24],"freq bands 4-7,8-12,13-30, nu=0.5"
Bandpower + SVM (rbf),52.63157894736842%, 10/19,RH,[25],"freq bands 4-7,8-12,13-30, nu=0.5"
Bandpower + SVM (rbf),52.63157894736842%, 10/19,RH,[26],"freq bands 4-7,8-12,13-30, nu=0.5"
Bandpower + SVM (rbf),52.63157894736842%, 10/19,RH,[27],"freq bands 4-7,8-12,13-30, nu=0.5"
Bandpower + SVM (rbf),52.63157894736842%, 10/19,RH,[28],"freq bands 4-7,8-12,13-30, nu=0.5"
Bandpower + SVM (rbf),52.63157894736842%, 10/19,RH,[29],"freq bands 4-7,8-12,13-30, nu=0.5"
Bandpower + SVM (rbf),52.63157894736842%, 10/19,RH,[30],"freq bands 4-7,8-12,13-30, nu=0.5"
Bandpower + SVM (rbf),52.63157894736842%, 10/19,RH,[31],"freq bands 4-7,8-12,13-30, nu=0.5"
Bandpower + SVM (rbf),52.63157894736842%, 10/19,RH,[32],"freq bands 4-7,8-12,13-30, nu=0.5"
Bandpower + SVM (rbf),52.63157894736842%, 10/19,RH,[33],"freq bands 4-7,8-12,13-30, nu=0.5"
Bandpower + SVM (rbf),52.63157894736842%, 10/19,RH,[34],"freq bands 4-7,8-12,13-30, nu=0.5"
Bandpower + SVM (rbf),52.63157894736842%, 10/19,RH,[35],"freq bands 4-7,8-12,13-30, nu=0.5"
Bandpower + SVM (rbf),52.63157894736842%, 10/19,RH,[36],"freq bands 4-7,8-12,13-30, nu=0.5"
Bandpower + SVM (rbf),52.63157894736842%, 10/19,RH,[37],"freq bands 4-7,8-12,13-30, nu=0.5"
Bandpower + SVM (rbf),52.63157894736842%, 10/19,RH,[38],"freq bands 4-7,8-12,13-30, nu=0.5"
Bandpower + SVM (rbf),52.63157894736842%, 10/19,RH,[39],"freq bands 4-7,8-12,13-30, nu=0.5"
Bandpower + SVM (rbf),52.63157894736842%, 10/19,RH,[40],"freq bands 4-7,8-12,13-30, nu=0.5"
Bandpower + SVM (rbf),52.63157894736842%, 10/19,RH,[41],"freq bands 4-7,8-12,13-30, nu=0.5"
Bandpower + SVM (rbf),52.63157894736842%, 10/19,RH,[42],"freq bands 4-7,8-12,13-30, nu=0.5"
Bandpower + SVM (rbf),52.63157894736842%, 10/19,RH,[43],"freq bands 4-7,8-12,13-30, nu=0.5"
Bandpower + SVM (rbf),52.63157894736842%, 10/19,RH,[44],"freq bands 4-7,8-12,13-30, nu=0.5"
Bandpower + SVM (rbf),52.63157894736842%, 10/19,RH,[45],"freq bands 4-7,8-12,13-30, nu=0.5"
Bandpower + SVM (rbf),52.63157894736842%, 10/19,RH,[46],"freq bands 4-7,8-12,13-30, nu=0.5"
Bandpower + SVM (rbf),52.63157894736842%, 10/19,RH,[47],"freq bands 4-7,8-12,13-30, nu=0.5"
Bandpower + SVM (rbf),52.63157894736842%, 10/19,RH,[48],"freq bands 4-7,8-12,13-30, nu=0.5"
Bandpower + SVM (rbf),52.63157894736842%, 10/19,RH,[49],"freq bands 4-7,8-12,13-30, nu=0.5"
Bandpower + SVM (rbf),52.63157894736842%, 10/19,RH,[50],"freq bands 4-7,8-12,13-30, nu=0.5"
Bandpower + SVM (rbf),52.63157894736842%, 10/19,RH,[51],"freq bands 4-7,8-12,13-30, nu=0.5"
Bandpower + SVM (rbf),52.63157894736842%, 10/19,RH,[52],"freq bands 4-7,8-12,13-30, nu=0.5"
Bandpower + SVM (rbf),52.63157894736842%, 10/19,RH,[53],"freq bands 4-7,8-12,13-30, nu=0.5"
Bandpower + SVM (rbf),52.63157894736842%, 10/19,RH,[54],"freq bands 4-7,8-12,13-30, nu=0.5"
Bandpower + SVM (rbf),52.63157894736842%, 10/19,RH,[55],"freq bands 4-7,8-12,13-30, nu=0.5"
Bandpower + SVM (rbf),52.63157894736842%, 10/19,RH,[56],"freq bands 4-7,8-12,13-30, nu=0.5"
Bandpower + SVM (rbf),52.63157894736842%, 10/19,RH,[57],"freq bands 4-7,8-12,13-30, nu=0.5"
Bandpower + SVM (rbf),52.63157894736842%, 10/19,RH,[58],"freq bands 4-7,8-12,13-30, nu=0.5"
Bandpower + SVM (rbf),52.63157894736842%, 10/19,RH,[59],"freq bands 4-7,8-12,13-30, nu=0.5"
Bandpower + SVM (rbf),52.63157894736842%, 10/19,RH,[60],"freq bands 4-7,8-12,13-30, nu=0.5"
"Bandpower + SVM (rbf), mean normalized",40.54654911718666%, 4/19,RH,[0],"freq bands 4-7,8-12,13-30, nu=0.5"
"Bandpower + SVM (rbf), mean normalized",45.75756649886112%, 8/19,RH,[1],"freq bands 4-7,8-12,13-30, nu=0.5"
"Bandpower + SVM (rbf), mean normalized",46.50801055398062%, 7/19,RH,[2],"freq bands 4-7,8-12,13-30, nu=0.5"
"Bandpower + SVM (rbf), mean normalized",50.030972075350455%, 8/19,RH,[3],"freq bands 4-7,8-12,13-30, nu=0.5"
"Bandpower + SVM (rbf), mean normalized",45.075526196292266%, 10/19,RH,[4],"freq bands 4-7,8-12,13-30, nu=0.5"
"Bandpower + SVM (rbf), mean normalized",55.02811236666262%, 10/19,RH,[5],"freq bands 4-7,8-12,13-30, nu=0.5"
"Bandpower + SVM (rbf), mean normalized",41.18198695649457%, 8/19,RH,[6],"freq bands 4-7,8-12,13-30, nu=0.5"
"Bandpower + SVM (rbf), mean normalized",45.67244091536213%, 9/19,RH,[7],"freq bands 4-7,8-12,13-30, nu=0.5"
"Bandpower + SVM (rbf), mean normalized",48.88288324799316%, 9/19,RH,[8],"freq bands 4-7,8-12,13-30, nu=0.5"
"Bandpower + SVM (rbf), mean normalized",45.341443379783456%, 7/19,RH,[9],"freq bands 4-7,8-12,13-30, nu=0.5"
"Bandpower + SVM (rbf), mean normalized",51.25191075871632%, 9/19,RH,[10],"freq bands 4-7,8-12,13-30, nu=0.5"
"Bandpower + SVM (rbf), mean normalized",54.466786331891015%, 10/19,RH,[11],"freq bands 4-7,8-12,13-30, nu=0.5"
"Bandpower + SVM (rbf), mean normalized",53.510466720251706%, 11/19,RH,[12],"freq bands 4-7,8-12,13-30, nu=0.5"
"Bandpower + SVM (rbf), mean normalized",54.37692443884151%, 10/19,RH,[13],"freq bands 4-7,8-12,13-30, nu=0.5"
"Bandpower + SVM (rbf), mean normalized",53.864832601737625%, 11/19,RH,[14],"freq bands 4-7,8-12,13-30, nu=0.5"
"Bandpower + SVM (rbf), mean normalized",52.941245150495575%, 10/19,RH,[15],"freq bands 4-7,8-12,13-30, nu=0.5"
"Bandpower + SVM (rbf), mean normalized",48.512533668523275%, 10/19,RH,[16],"freq bands 4-7,8-12,13-30, nu=0.5"
"Bandpower + SVM (rbf), mean normalized",53.71579412329649%, 11/19,RH,[17],"freq bands 4-7,8-12,13-30, nu=0.5"
"Bandpower + SVM (rbf), mean normalized",41.49574032418193%, 9/19,RH,[18],"freq bands 4-7,8-12,13-30, nu=0.5"
"Bandpower + SVM (rbf), mean normalized",46.19487977416769%, 8/19,RH,[19],"freq bands 4-7,8-12,13-30, nu=0.5"
"Bandpower + SVM (rbf), mean normalized",45.85837748303872%, 9/19,RH,[20],"freq bands 4-7,8-12,13-30, nu=0.5"
"Bandpower + SVM (rbf), mean normalized",48.44499506924926%, 9/19,RH,[21],"freq bands 4-7,8-12,13-30, nu=0.5"
"Bandpower + SVM (rbf), mean normalized",47.53400593385593%, 9/19,RH,[22],"freq bands 4-7,8-12,13-30, nu=0.5"
"Bandpower + SVM (rbf), mean normalized",53.40513771870259%, 10/19,RH,[23],"freq bands 4-7,8-12,13-30, nu=0.5"
"Bandpower + SVM (rbf), mean normalized",49.1951753909249%, 9/19,RH,[24],"freq bands 4-7,8-12,13-30, nu=0.5"
"Bandpower + SVM (rbf), mean normalized",51.35306199030454%, 10/19,RH,[25],"freq bands 4-7,8-12,13-30, nu=0.5"
"Bandpower + SVM (rbf), mean normalized",52.37381231449607%, 8/19,RH,[26],"freq bands 4-7,8-12,13-30, nu=0.5"
"Bandpower + SVM (rbf), mean normalized",47.791012560714705%, 7/19,RH,[27],"freq bands 4-7,8-12,13-30, nu=0.5"
"Bandpower + SVM (rbf), mean normalized",50.22678913327396%, 10/19,RH,[28],"freq bands 4-7,8-12,13-30, nu=0.5"
"Bandpower + SVM (rbf), mean normalized",49.43904542108989%, 9/19,RH,[29],"freq bands 4-7,8-12,13-30, nu=0.5"
"Bandpower + SVM (rbf), mean normalized",48.95192369097766%, 10/19,RH,[30],"freq bands 4-7,8-12,13-30, nu=0.5"
"Bandpower + SVM (rbf), mean normalized",56.5915762895841%, 12/19,RH,[31],"freq bands 4-7,8-12,13-30, nu=0.5"
"Bandpower + SVM (rbf), mean normalized",47.001186497783884%, 10/19,RH,[32],"freq bands 4-7,8-12,13-30, nu=0.5"
"Bandpower + SVM (rbf), mean normalized",57.979860006215254%, 12/19,RH,[33],"freq bands 4-7,8-12,13-30, nu=0.5"
"Bandpower + SVM (rbf), mean normalized",46.67739793682109%, 9/19,RH,[34],"freq bands 4-7,8-12,13-30, nu=0.5"
"Bandpower + SVM (rbf), mean normalized",54.669752601505515%, 10/19,RH,[35],"freq bands 4-7,8-12,13-30, nu=0.5"
"Bandpower + SVM (rbf), mean normalized",49.954795339778%, 10/19,RH,[36],"freq bands 4-7,8-12,13-30, nu=0.5"
"Bandpower + SVM (rbf), mean normalized",48.056728412735254%, 10/19,RH,[37],"freq bands 4-7,8-12,13-30, nu=0.5"
"Bandpower + SVM (rbf), mean normalized",50.594204694124755%, 10/19,RH,[38],"freq bands 4-7,8-12,13-30, nu=0.5"
"Bandpower + SVM (rbf), mean normalized",48.57017851225933%, 9/19,RH,[39],"freq bands 4-7,8-12,13-30, nu=0.5"
"Bandpower + SVM (rbf), mean normalized",49.63105281585135%, 9/19,RH,[40],"freq bands 4-7,8-12,13-30, nu=0.5"
"Bandpower + SVM (rbf), mean normalized",49.68810501754366%, 8/19,RH,[41],"freq bands 4-7,8-12,13-30, nu=0.5"
"Bandpower + SVM (rbf), mean normalized",50.57207018146727%, 9/19,RH,[42],"freq bands 4-7,8-12,13-30, nu=0.5"
"Bandpower + SVM (rbf), mean normalized",51.95794315439864%, 9/19,RH,[43],"freq bands 4-7,8-12,13-30, nu=0.5"
"Bandpower + SVM (rbf), mean normalized",52.403254790652554%, 8/19,RH,[44],"freq bands 4-7,8-12,13-30, nu=0.5"
"Bandpower + SVM (rbf), mean normalized",47.342412047772434%, 9/19,RH,[45],"freq bands 4-7,8-12,13-30, nu=0.5"
"Bandpower + SVM (rbf), mean normalized",49.19282921049846%, 11/19,RH,[46],"freq bands 4-7,8-12,13-30, nu=0.5"
"Bandpower + SVM (rbf), mean normalized",48.23525952607879%, 10/19,RH,[47],"freq bands 4-7,8-12,13-30, nu=0.5"
"Bandpower + SVM (rbf), mean normalized",47.74664287365913%, 10/19,RH,[48],"freq bands 4-7,8-12,13-30, nu=0.5"
"Bandpower + SVM (rbf), mean normalized",49.8857654482008%, 10/19,RH,[49],"freq bands 4-7,8-12,13-30, nu=0.5"
"Bandpower + SVM (rbf), mean normalized",48.66774209150169%, 10/19,RH,[50],"freq bands 4-7,8-12,13-30, nu=0.5"
"Bandpower + SVM (rbf), mean normalized",47.661808630804444%, 10/19,RH,[51],"freq bands 4-7,8-12,13-30, nu=0.5"
"Bandpower + SVM (rbf), mean normalized",48.97263202828992%, 9/19,RH,[52],"freq bands 4-7,8-12,13-30, nu=0.5"
"Bandpower + SVM (rbf), mean normalized",50.41535399546756%, 9/19,RH,[53],"freq bands 4-7,8-12,13-30, nu=0.5"
"Bandpower + SVM (rbf), mean normalized",47.638201276007855%, 9/19,RH,[54],"freq bands 4-7,8-12,13-30, nu=0.5"
"Bandpower + SVM (rbf), mean normalized",56.274376224251654%, 10/19,RH,[55],"freq bands 4-7,8-12,13-30, nu=0.5"
"Bandpower + SVM (rbf), mean normalized",58.15028766963749%, 10/19,RH,[56],"freq bands 4-7,8-12,13-30, nu=0.5"
"Bandpower + SVM (rbf), mean normalized",53.622081681297914%, 11/19,RH,[57],"freq bands 4-7,8-12,13-30, nu=0.5"
"Bandpower + SVM (rbf), mean normalized",56.74335353633517%, 13/19,RH,[58],"freq bands 4-7,8-12,13-30, nu=0.5"
"Bandpower + SVM (rbf), mean normalized",52.25117619018079%, 10/19,RH,[59],"freq bands 4-7,8-12,13-30, nu=0.5"
"Bandpower + SVM (rbf), mean normalized",54.323910276580825%, 12/19,RH,[60],"freq bands 4-7,8-12,13-30, nu=0.5"
"Bandpower + SVM (rbf), mean normalized",43.32122585271947%, 6/19,RH,[0],"freq bands 4-7,8-12,13-30, nu=0.5"
"Bandpower + SVM (rbf), mean normalized",46.05837083590932%, 7/19,RH,[1],"freq bands 4-7,8-12,13-30, nu=0.5"
"Bandpower + SVM (rbf), mean normalized",50.115997918315436%, 10/19,RH,[2],"freq bands 4-7,8-12,13-30, nu=0.5"
"Bandpower + SVM (rbf), mean normalized",54.26294232624148%, 12/19,RH,[3],"freq bands 4-7,8-12,13-30, nu=0.5"
"Bandpower + SVM (rbf), mean normalized",54.307531608012546%, 13/19,RH,[4],"freq bands 4-7,8-12,13-30, nu=0.5"
"Bandpower + SVM (rbf), mean normalized",54.16826190477856%, 12/19,RH,[5],"freq bands 4-7,8-12,13-30, nu=0.5"
"Bandpower + SVM (rbf), mean normalized",54.38954687392247%, 10/19,RH,[6],"freq bands 4-7,8-12,13-30, nu=0.5"
"Bandpower + SVM (rbf), mean normalized",42.551809522675136%, 6/19,RH,[7],"freq bands 4-7,8-12,13-30, nu=0.5"
"Bandpower + SVM (rbf), mean normalized",39.48982002951282%, 6/19,RH,[8],"freq bands 4-7,8-12,13-30, nu=0.5"
"Bandpower + SVM (rbf), mean normalized",48.483821876295565%, 8/19,RH,[9],"freq bands 4-7,8-12,13-30, nu=0.5"
"Bandpower + SVM (rbf), mean normalized",52.24271501105304%, 11/19,RH,[10],"freq bands 4-7,8-12,13-30, nu=0.5"
"Bandpower + SVM (rbf), mean normalized",56.5896782321397%, 9/19,RH,[11],"freq bands 4-7,8-12,13-30, nu=0.5"
"Bandpower + SVM (rbf), mean normalized",52.64435249006538%, 11/19,RH,[12],"freq bands 4-7,8-12,13-30, nu=0.5"
"Bandpower + SVM (rbf), mean normalized",44.622975679739405%, 9/19,RH,[13],"freq bands 4-7,8-12,13-30, nu=0.5"
"Bandpower + SVM (rbf), mean normalized",52.15093496230943%, 10/19,RH,[14],"freq bands 4-7,8-12,13-30, nu=0.5"
"Bandpower + SVM (rbf), mean normalized",55.889554419085684%, 11/19,RH,[15],"freq bands 4-7,8-12,13-30, nu=0.5"
"Bandpower + SVM (rbf), mean normalized",41.344491212947595%, 7/19,RH,[16],"freq bands 4-7,8-12,13-30, nu=0.5"
"Bandpower + SVM (rbf), mean normalized",51.737017124886165%, 10/19,RH,[17],"freq bands 4-7,8-12,13-30, nu=0.5"
"Bandpower + SVM (rbf), mean normalized",43.66069040963582%, 8/19,RH,[18],"freq bands 4-7,8-12,13-30, nu=0.5"
"Bandpower + SVM (rbf), mean normalized",53.2164617472357%, 11/19,RH,[19],"freq bands 4-7,8-12,13-30, nu=0.5"
"Bandpower + SVM (rbf), mean normalized",48.87156497190241%, 9/19,RH,[20],"freq bands 4-7,8-12,13-30, nu=0.5"
"Bandpower + SVM (rbf), mean normalized",51.85660654256178%, 12/19,RH,[21],"freq bands 4-7,8-12,13-30, nu=0.5"
"Bandpower + SVM (rbf), mean normalized",50.25934681181335%, 11/19,RH,[22],"freq bands 4-7,8-12,13-30, nu=0.5"
"Bandpower + SVM (rbf), mean normalized",50.51830562385783%, 8/19,RH,[23],"freq bands 4-7,8-12,13-30, nu=0.5"
"Bandpower + SVM (rbf), mean normalized",50.515457025701785%, 10/19,RH,[24],"freq bands 4-7,8-12,13-30, nu=0.5"
"Bandpower + SVM (rbf), mean normalized",46.01100590757783%, 9/19,RH,[25],"freq bands 4-7,8-12,13-30, nu=0.5"
"Bandpower + SVM (rbf), mean normalized",40.55888130399507%, 5/19,RH,[26],"freq bands 4-7,8-12,13-30, nu=0.5"
"Bandpower + SVM (rbf), mean normalized",41.32062564331084%, 7/19,RH,[27],"freq bands 4-7,8-12,13-30, nu=0.5"
"Bandpower + SVM (rbf), mean normalized",45.541731172809094%, 9/19,RH,[28],"freq bands 4-7,8-12,13-30, nu=0.5"
"Bandpower + SVM (rbf), mean normalized",44.664557463052006%, 8/19,RH,[29],"freq bands 4-7,8-12,13-30, nu=0.5"
"Bandpower + SVM (rbf), mean normalized",54.72689072791156%, 10/19,RH,[30],"freq bands 4-7,8-12,13-30, nu=0.5"
"Bandpower + SVM (rbf), mean normalized",54.70009235983536%, 12/19,RH,[31],"freq bands 4-7,8-12,13-30, nu=0.5"
"Bandpower + SVM (rbf), mean normalized",53.57277645353453%, 11/19,RH,[32],"freq bands 4-7,8-12,13-30, nu=0.5"
"Bandpower + SVM (rbf), mean normalized",62.00611639759388%, 12/19,RH,[33],"freq bands 4-7,8-12,13-30, nu=0.5"
"Bandpower + SVM (rbf), mean normalized",52.274280224539304%, 10/19,RH,[34],"freq bands 4-7,8-12,13-30, nu=0.5"
"Bandpower + SVM (rbf), mean normalized",60.09355400272375%, 13/19,RH,[35],"freq bands 4-7,8-12,13-30, nu=0.5"
"Bandpower + SVM (rbf), mean normalized",48.95736281761284%, 9/19,RH,[36],"freq bands 4-7,8-12,13-30, nu=0.5"
"Bandpower + SVM (rbf), mean normalized",53.819816661908405%, 10/19,RH,[37],"freq bands 4-7,8-12,13-30, nu=0.5"
"Bandpower + SVM (rbf), mean normalized",50.463634119267596%, 10/19,RH,[38],"freq bands 4-7,8-12,13-30, nu=0.5"
"Bandpower + SVM (rbf), mean normalized",57.03946723393688%, 10/19,RH,[39],"freq bands 4-7,8-12,13-30, nu=0.5"
"Bandpower + SVM (rbf), mean normalized",55.048069781023855%, 11/19,RH,[40],"freq bands 4-7,8-12,13-30, nu=0.5"
"Bandpower + SVM (rbf), mean normalized",45.16476922636573%, 7/19,RH,[41],"freq bands 4-7,8-12,13-30, nu=0.5"
"Bandpower + SVM (rbf), mean normalized",53.35301963392398%, 9/19,RH,[42],"freq bands 4-7,8-12,13-30, nu=0.5"
"Bandpower + SVM (rbf), mean normalized",45.24320328369898%, 8/19,RH,[43],"freq bands 4-7,8-12,13-30, nu=0.5"
"Bandpower + SVM (rbf), mean normalized",51.52690381460063%, 10/19,RH,[44],"freq bands 4-7,8-12,13-30, nu=0.5"
"Bandpower + SVM (rbf), mean normalized",49.59506660331288%, 9/19,RH,[45],"freq bands 4-7,8-12,13-30, nu=0.5"
"Bandpower + SVM (rbf), mean normalized",53.74657940970678%, 10/19,RH,[46],"freq bands 4-7,8-12,13-30, nu=0.5"
"Bandpower + SVM (rbf), mean normalized",56.961417972294726%, 11/19,RH,[47],"freq bands 4-7,8-12,13-30, nu=0.5"
"Bandpower + SVM (rbf), mean normalized",49.70588966304762%, 10/19,RH,[48],"freq bands 4-7,8-12,13-30, nu=0.5"
"Bandpower + SVM (rbf), mean normalized",60.902362198610284%, 14/19,RH,[49],"freq bands 4-7,8-12,13-30, nu=0.5"
"Bandpower + SVM (rbf), mean normalized",50.0512906898242%, 10/19,RH,[50],"freq bands 4-7,8-12,13-30, nu=0.5"
"Bandpower + SVM (rbf), mean normalized",51.098504447050445%, 10/19,RH,[51],"freq bands 4-7,8-12,13-30, nu=0.5"
"Bandpower + SVM (rbf), mean normalized",51.01705156978602%, 10/19,RH,[52],"freq bands 4-7,8-12,13-30, nu=0.5"
"Bandpower + SVM (rbf), mean normalized",54.63046980960633%, 10/19,RH,[53],"freq bands 4-7,8-12,13-30, nu=0.5"
"Bandpower + SVM (rbf), mean normalized",45.89081668740966%, 8/19,RH,[54],"freq bands 4-7,8-12,13-30, nu=0.5"
"Bandpower + SVM (rbf), mean normalized",50.372377826065%, 9/19,RH,[55],"freq bands 4-7,8-12,13-30, nu=0.5"
"Bandpower + SVM (rbf), mean normalized",57.58249742329402%, 11/19,RH,[56],"freq bands 4-7,8-12,13-30, nu=0.5"
"Bandpower + SVM (rbf), mean normalized",45.04388367838787%, 8/19,RH,[57],"freq bands 4-7,8-12,13-30, nu=0.5"
"Bandpower + SVM (rbf), mean normalized",53.05215710839345%, 11/19,RH,[58],"freq bands 4-7,8-12,13-30, nu=0.5"
"Bandpower + SVM (rbf), mean normalized",42.09465347901399%, 7/19,RH,[59],"freq bands 4-7,8-12,13-30, nu=0.5"
"Bandpower + SVM (rbf), mean normalized",47.83476609675483%, 9/19,RH,[60],"freq bands 4-7,8-12,13-30, nu=0.5"
"Bandpower + SVM (rbf), mean normalized",57.25257187853452%, 12/19,RH,[33],"freq bands 4-7,8-12,13-30, nu=0.1"
"Bandpower + SVM (rbf), mean normalized",59.13588583680092%, 10/19,RH,[33],"freq bands 4-7,8-12,13-30, nu=0.11"
"Bandpower + SVM (rbf), mean normalized",59.8626108581002%, 11/19,RH,[33],"freq bands 4-7,8-12,13-30, nu=0.12"
"Bandpower + SVM (rbf), mean normalized",58.3102792315238%, 12/19,RH,[33],"freq bands 4-7,8-12,13-30, nu=0.13"
"Bandpower + SVM (rbf), mean normalized",58.61352808637639%, 12/19,RH,[33],"freq bands 4-7,8-12,13-30, nu=0.13999999999999999"
"Bandpower + SVM (rbf), mean normalized",56.449880326320425%, 11/19,RH,[33],"freq bands 4-7,8-12,13-30, nu=0.14999999999999997"
"Bandpower + SVM (rbf), mean normalized",57.242902453196244%, 11/19,RH,[33],"freq bands 4-7,8-12,13-30, nu=0.15999999999999998"
"Bandpower + SVM (rbf), mean normalized",58.13881415073683%, 12/19,RH,[33],"freq bands 4-7,8-12,13-30, nu=0.16999999999999998"
"Bandpower + SVM (rbf), mean normalized",58.210844589076075%, 11/19,RH,[33],"freq bands 4-7,8-12,13-30, nu=0.17999999999999997"
"Bandpower + SVM (rbf), mean normalized",55.35005367436535%, 12/19,RH,[33],"freq bands 4-7,8-12,13-30, nu=0.18999999999999995"
"Bandpower + SVM (rbf), mean normalized",59.38204475644123%, 12/19,RH,[33],"freq bands 4-7,8-12,13-30, nu=0.19999999999999996"
"Bandpower + SVM (rbf), mean normalized",55.43900677695546%, 11/19,RH,[33],"freq bands 4-7,8-12,13-30, nu=0.20999999999999996"
"Bandpower + SVM (rbf), mean normalized",57.965453521266%, 11/19,RH,[33],"freq bands 4-7,8-12,13-30, nu=0.21999999999999995"
"Bandpower + SVM (rbf), mean normalized",57.01351090240281%, 10/19,RH,[33],"freq bands 4-7,8-12,13-30, nu=0.22999999999999995"
"Bandpower + SVM (rbf), mean normalized",56.33711488989933%, 12/19,RH,[33],"freq bands 4-7,8-12,13-30, nu=0.23999999999999994"
"Bandpower + SVM (rbf), mean normalized",59.74643781486275%, 11/19,RH,[33],"freq bands 4-7,8-12,13-30, nu=0.24999999999999992"
"Bandpower + SVM (rbf), mean normalized",59.78379407381919%, 12/19,RH,[33],"freq bands 4-7,8-12,13-30, nu=0.2599999999999999"
"Bandpower + SVM (rbf), mean normalized",58.35834547299649%, 11/19,RH,[33],"freq bands 4-7,8-12,13-30, nu=0.2699999999999999"
"Bandpower + SVM (rbf), mean normalized",59.90842545308104%, 12/19,RH,[33],"freq bands 4-7,8-12,13-30, nu=0.2799999999999999"
"Bandpower + SVM (rbf), mean normalized",59.341744088455464%, 11/19,RH,[33],"freq bands 4-7,8-12,13-30, nu=0.2899999999999999"
"Bandpower + SVM (rbf), mean normalized",59.91940698940616%, 11/19,RH,[33],"freq bands 4-7,8-12,13-30, nu=0.29999999999999993"
"Bandpower + SVM (rbf), mean normalized",60.68790284559596%, 11/19,RH,[33],"freq bands 4-7,8-12,13-30, nu=0.30999999999999994"
"Bandpower + SVM (rbf), mean normalized",60.86629752730388%, 11/19,RH,[33],"freq bands 4-7,8-12,13-30, nu=0.3199999999999999"
"Bandpower + SVM (rbf), mean normalized",61.0690265721382%, 11/19,RH,[33],"freq bands 4-7,8-12,13-30, nu=0.32999999999999985"
"Bandpower + SVM (rbf), mean normalized",61.61598653561357%, 11/19,RH,[33],"freq bands 4-7,8-12,13-30, nu=0.33999999999999986"
"Bandpower + SVM (rbf), mean normalized",61.72380036522511%, 11/19,RH,[33],"freq bands 4-7,8-12,13-30, nu=0.34999999999999987"
"Bandpower + SVM (rbf), mean normalized",61.53536273756822%, 11/19,RH,[33],"freq bands 4-7,8-12,13-30, nu=0.3599999999999999"
"Bandpower + SVM (rbf), mean normalized",61.90414154434234%, 11/19,RH,[33],"freq bands 4-7,8-12,13-30, nu=0.3699999999999999"
"Bandpower + SVM (rbf), mean normalized",61.787777405166686%, 11/19,RH,[33],"freq bands 4-7,8-12,13-30, nu=0.3799999999999999"
"Bandpower + SVM (rbf), mean normalized",62.03659460998474%, 11/19,RH,[33],"freq bands 4-7,8-12,13-30, nu=0.3899999999999999"
"Bandpower + SVM (rbf), mean normalized",62.412149168227174%, 11/19,RH,[33],"freq bands 4-7,8-12,13-30, nu=0.3999999999999998"
"Bandpower + SVM (rbf), mean normalized",62.28421422599465%, 12/19,RH,[33],"freq bands 4-7,8-12,13-30, nu=0.4099999999999998"
"Bandpower + SVM (rbf), mean normalized",62.7513206080938%, 12/19,RH,[33],"freq bands 4-7,8-12,13-30, nu=0.4199999999999998"
"Bandpower + SVM (rbf), mean normalized",62.82654263263727%, 12/19,RH,[33],"freq bands 4-7,8-12,13-30, nu=0.4299999999999998"
"Bandpower + SVM (rbf), mean normalized",61.904325225683934%, 12/19,RH,[33],"freq bands 4-7,8-12,13-30, nu=0.43999999999999984"
"Bandpower + SVM (rbf), mean normalized",61.62072481050457%, 12/19,RH,[33],"freq bands 4-7,8-12,13-30, nu=0.44999999999999984"
"Bandpower + SVM (rbf), mean normalized",61.43428692896688%, 12/19,RH,[33],"freq bands 4-7,8-12,13-30, nu=0.45999999999999985"
"Bandpower + SVM (rbf), mean normalized",61.80428606418459%, 12/19,RH,[33],"freq bands 4-7,8-12,13-30, nu=0.46999999999999986"
"Bandpower + SVM (rbf), mean normalized",62.000926655562026%, 12/19,RH,[33],"freq bands 4-7,8-12,13-30, nu=0.47999999999999976"
"Bandpower + SVM (rbf), mean normalized",61.9913572775716%, 12/19,RH,[33],"freq bands 4-7,8-12,13-30, nu=0.48999999999999977"
"Bandpower + SVM (rbf), mean normalized",62.00611639759388%, 12/19,RH,[33],"freq bands 4-7,8-12,13-30, nu=0.4999999999999998"
"Bandpower + SVM (rbf), mean normalized",62.30118070637099%, 12/19,RH,[33],"freq bands 4-7,8-12,13-30, nu=0.5099999999999998"
"Bandpower + SVM (rbf), mean normalized",62.42215441911544%, 12/19,RH,[33],"freq bands 4-7,8-12,13-30, nu=0.5199999999999998"
"Bandpower + SVM (rbf), mean normalized",62.80222011032572%, 12/19,RH,[33],"freq bands 4-7,8-12,13-30, nu=0.5299999999999998"
"Bandpower + SVM (rbf), mean normalized",62.629218841762466%, 12/19,RH,[33],"freq bands 4-7,8-12,13-30, nu=0.5399999999999998"
"Bandpower + SVM (rbf), mean normalized",62.240591874188134%, 12/19,RH,[33],"freq bands 4-7,8-12,13-30, nu=0.5499999999999998"
"Bandpower + SVM (rbf), mean normalized",61.95004345176206%, 12/19,RH,[33],"freq bands 4-7,8-12,13-30, nu=0.5599999999999997"
"Bandpower + SVM (rbf), mean normalized",61.29199605793409%, 12/19,RH,[33],"freq bands 4-7,8-12,13-30, nu=0.5699999999999997"
"Bandpower + SVM (rbf), mean normalized",60.752153513590166%, 12/19,RH,[33],"freq bands 4-7,8-12,13-30, nu=0.5799999999999997"
"Bandpower + SVM (rbf), mean normalized",60.363512535085384%, 12/19,RH,[33],"freq bands 4-7,8-12,13-30, nu=0.5899999999999997"
"Bandpower + SVM (rbf), mean normalized",60.09767203693998%, 12/19,RH,[33],"freq bands 4-7,8-12,13-30, nu=0.5999999999999998"
"Bandpower + SVM (rbf), mean normalized",60.105264834006455%, 11/19,RH,[33],"freq bands 4-7,8-12,13-30, nu=0.6099999999999998"
"Bandpower + SVM (rbf), mean normalized",60.317512070319836%, 11/19,RH,[33],"freq bands 4-7,8-12,13-30, nu=0.6199999999999998"
"Bandpower + SVM (rbf), mean normalized",60.12612451051121%, 11/19,RH,[33],"freq bands 4-7,8-12,13-30, nu=0.6299999999999997"
"Bandpower + SVM (rbf), mean normalized",60.30136856302387%, 11/19,RH,[33],"freq bands 4-7,8-12,13-30, nu=0.6399999999999997"
"Bandpower + SVM (rbf), mean normalized",60.141900888983315%, 11/19,RH,[33],"freq bands 4-7,8-12,13-30, nu=0.6499999999999997"
"Bandpower + SVM (rbf), mean normalized",59.96041268571651%, 11/19,RH,[33],"freq bands 4-7,8-12,13-30, nu=0.6599999999999997"
"Bandpower + SVM (rbf), mean normalized",59.767253018872644%, 11/19,RH,[33],"freq bands 4-7,8-12,13-30, nu=0.6699999999999997"
"Bandpower + SVM (rbf), mean normalized",59.85919811081774%, 11/19,RH,[33],"freq bands 4-7,8-12,13-30, nu=0.6799999999999997"
"Bandpower + SVM (rbf), mean normalized",59.60223036927648%, 11/19,RH,[33],"freq bands 4-7,8-12,13-30, nu=0.6899999999999997"
"Bandpower + SVM (rbf), mean normalized",58.804921466812566%, 11/19,RH,[33],"freq bands 4-7,8-12,13-30, nu=0.6999999999999996"
"Bandpower + SVM (rbf), mean normalized",58.70568347283772%, 11/19,RH,[33],"freq bands 4-7,8-12,13-30, nu=0.7099999999999996"
"Bandpower + SVM (rbf), mean normalized",58.80917452369721%, 11/19,RH,[33],"freq bands 4-7,8-12,13-30, nu=0.7199999999999996"
"Bandpower + SVM (rbf), mean normalized",58.62006343984928%, 11/19,RH,[33],"freq bands 4-7,8-12,13-30, nu=0.7299999999999996"
"Bandpower + SVM (rbf), mean normalized",58.05270803696757%, 11/19,RH,[33],"freq bands 4-7,8-12,13-30, nu=0.7399999999999997"
"Bandpower + SVM (rbf), mean normalized",58.06227741495798%, 12/19,RH,[33],"freq bands 4-7,8-12,13-30, nu=0.7499999999999997"
"Bandpower + SVM (rbf), mean normalized",58.168069994788226%, 12/19,RH,[33],"freq bands 4-7,8-12,13-30, nu=0.7599999999999997"
"Bandpower + SVM (rbf), mean normalized",57.979860006215254%, 12/19,RH,[33],"freq bands 4-7,8-12,13-30, nu=0.7699999999999997"
"Bandpower + SVM (rbf), mean normalized",57.99214867226967%, 11/19,RH,[33],"freq bands 4-7,8-12,13-30, nu=0.7799999999999997"
"Bandpower + SVM (rbf), mean normalized",57.47499131527567%, 11/19,RH,[33],"freq bands 4-7,8-12,13-30, nu=0.7899999999999996"
"Bandpower + SVM (rbf), mean normalized",62.28421422599465%, 12/19,RH,[33],"freq bands 4-7,8-12,13-30, nu=0.41"
"Bandpower + SVM (rbf), mean normalized",62.38168011293423%, 12/19,RH,[33],"freq bands 4-7,8-12,13-30, nu=0.41009999999999996"
"Bandpower + SVM (rbf), mean normalized",62.38168011293423%, 12/19,RH,[33],"freq bands 4-7,8-12,13-30, nu=0.41019999999999995"
"Bandpower + SVM (rbf), mean normalized",62.38168011293423%, 12/19,RH,[33],"freq bands 4-7,8-12,13-30, nu=0.41029999999999994"
"Bandpower + SVM (rbf), mean normalized",62.38168011293423%, 12/19,RH,[33],"freq bands 4-7,8-12,13-30, nu=0.41039999999999993"
"Bandpower + SVM (rbf), mean normalized",62.38168011293423%, 12/19,RH,[33],"freq bands 4-7,8-12,13-30, nu=0.4104999999999999"
"Bandpower + SVM (rbf), mean normalized",62.38168011293423%, 12/19,RH,[33],"freq bands 4-7,8-12,13-30, nu=0.4105999999999999"
"Bandpower + SVM (rbf), mean normalized",62.38168011293423%, 12/19,RH,[33],"freq bands 4-7,8-12,13-30, nu=0.4106999999999999"
"Bandpower + SVM (rbf), mean normalized",62.38168011293423%, 12/19,RH,[33],"freq bands 4-7,8-12,13-30, nu=0.4107999999999999"
"Bandpower + SVM (rbf), mean normalized",62.38168011293423%, 12/19,RH,[33],"freq bands 4-7,8-12,13-30, nu=0.4108999999999999"
"Bandpower + SVM (rbf), mean normalized",62.47088617894671%, 12/19,RH,[33],"freq bands 4-7,8-12,13-30, nu=0.41099999999999987"
"Bandpower + SVM (rbf), mean normalized",62.47088617894671%, 12/19,RH,[33],"freq bands 4-7,8-12,13-30, nu=0.41109999999999985"
"Bandpower + SVM (rbf), mean normalized",62.47088617894671%, 12/19,RH,[33],"freq bands 4-7,8-12,13-30, nu=0.41119999999999984"
"Bandpower + SVM (rbf), mean normalized",62.47088617894671%, 12/19,RH,[33],"freq bands 4-7,8-12,13-30, nu=0.41129999999999983"
"Bandpower + SVM (rbf), mean normalized",62.47088617894671%, 12/19,RH,[33],"freq bands 4-7,8-12,13-30, nu=0.4113999999999998"
"Bandpower + SVM (rbf), mean normalized",62.47088617894671%, 12/19,RH,[33],"freq bands 4-7,8-12,13-30, nu=0.4114999999999998"
"Bandpower + SVM (rbf), mean normalized",62.47088617894671%, 12/19,RH,[33],"freq bands 4-7,8-12,13-30, nu=0.4115999999999998"
"Bandpower + SVM (rbf), mean normalized",62.47088617894671%, 12/19,RH,[33],"freq bands 4-7,8-12,13-30, nu=0.4116999999999998"
"Bandpower + SVM (rbf), mean normalized",62.47088617894671%, 12/19,RH,[33],"freq bands 4-7,8-12,13-30, nu=0.4117999999999998"
"Bandpower + SVM (rbf), mean normalized",62.47088617894671%, 12/19,RH,[33],"freq bands 4-7,8-12,13-30, nu=0.41189999999999977"
"Bandpower + SVM (rbf), mean normalized",62.561630280580104%, 12/19,RH,[33],"freq bands 4-7,8-12,13-30, nu=0.41199999999999976"
"Bandpower + SVM (rbf), mean normalized",62.561630280580104%, 12/19,RH,[33],"freq bands 4-7,8-12,13-30, nu=0.41209999999999974"
"Bandpower + SVM (rbf), mean normalized",62.561630280580104%, 12/19,RH,[33],"freq bands 4-7,8-12,13-30, nu=0.41219999999999973"
"Bandpower + SVM (rbf), mean normalized",62.561630280580104%, 12/19,RH,[33],"freq bands 4-7,8-12,13-30, nu=0.4122999999999997"
"Bandpower + SVM (rbf), mean normalized",62.561630280580104%, 12/19,RH,[33],"freq bands 4-7,8-12,13-30, nu=0.4123999999999997"
"Bandpower + SVM (rbf), mean normalized",62.561630280580104%, 12/19,RH,[33],"freq bands 4-7,8-12,13-30, nu=0.4124999999999997"
"Bandpower + SVM (rbf), mean normalized",62.561630280580104%, 12/19,RH,[33],"freq bands 4-7,8-12,13-30, nu=0.4125999999999997"
"Bandpower + SVM (rbf), mean normalized",62.561630280580104%, 12/19,RH,[33],"freq bands 4-7,8-12,13-30, nu=0.4126999999999997"
"Bandpower + SVM (rbf), mean normalized",62.561630280580104%, 12/19,RH,[33],"freq bands 4-7,8-12,13-30, nu=0.41279999999999967"
"Bandpower + SVM (rbf), mean normalized",62.561630280580104%, 12/19,RH,[33],"freq bands 4-7,8-12,13-30, nu=0.41289999999999966"
"Bandpower + SVM (rbf), mean normalized",62.561630280580104%, 12/19,RH,[33],"freq bands 4-7,8-12,13-30, nu=0.41299999999999965"
"Bandpower + SVM (rbf), mean normalized",62.561630280580104%, 12/19,RH,[33],"freq bands 4-7,8-12,13-30, nu=0.41309999999999963"
"Bandpower + SVM (rbf), mean normalized",62.561630280580104%, 12/19,RH,[33],"freq bands 4-7,8-12,13-30, nu=0.4131999999999996"
"Bandpower + SVM (rbf), mean normalized",62.561630280580104%, 12/19,RH,[33],"freq bands 4-7,8-12,13-30, nu=0.4132999999999996"
"Bandpower + SVM (rbf), mean normalized",62.561630280580104%, 12/19,RH,[33],"freq bands 4-7,8-12,13-30, nu=0.4133999999999996"
"Bandpower + SVM (rbf), mean normalized",62.561630280580104%, 12/19,RH,[33],"freq bands 4-7,8-12,13-30, nu=0.4134999999999996"
"Bandpower + SVM (rbf), mean normalized",62.561630280580104%, 12/19,RH,[33],"freq bands 4-7,8-12,13-30, nu=0.4135999999999996"
"Bandpower + SVM (rbf), mean normalized",62.652374382213495%, 12/19,RH,[33],"freq bands 4-7,8-12,13-30, nu=0.41369999999999957"
"Bandpower + SVM (rbf), mean normalized",62.743118483846885%, 12/19,RH,[33],"freq bands 4-7,8-12,13-30, nu=0.41379999999999956"
"Bandpower + SVM (rbf), mean normalized",62.743118483846885%, 12/19,RH,[33],"freq bands 4-7,8-12,13-30, nu=0.41389999999999955"
"Bandpower + SVM (rbf), mean normalized",62.743118483846885%, 12/19,RH,[33],"freq bands 4-7,8-12,13-30, nu=0.41399999999999954"
"Bandpower + SVM (rbf), mean normalized",62.743118483846885%, 12/19,RH,[33],"freq bands 4-7,8-12,13-30, nu=0.4140999999999995"
"Bandpower + SVM (rbf), mean normalized",62.743118483846885%, 12/19,RH,[33],"freq bands 4-7,8-12,13-30, nu=0.4141999999999995"
"Bandpower + SVM (rbf), mean normalized",62.743118483846885%, 12/19,RH,[33],"freq bands 4-7,8-12,13-30, nu=0.4142999999999995"
"Bandpower + SVM (rbf), mean normalized",62.743118483846885%, 12/19,RH,[33],"freq bands 4-7,8-12,13-30, nu=0.4143999999999995"
"Bandpower + SVM (rbf), mean normalized",62.743118483846885%, 12/19,RH,[33],"freq bands 4-7,8-12,13-30, nu=0.4144999999999995"
"Bandpower + SVM (rbf), mean normalized",62.743118483846885%, 12/19,RH,[33],"freq bands 4-7,8-12,13-30, nu=0.41459999999999947"
"Bandpower + SVM (rbf), mean normalized",62.743118483846885%, 12/19,RH,[33],"freq bands 4-7,8-12,13-30, nu=0.41469999999999946"
"Bandpower + SVM (rbf), mean normalized",62.743118483846885%, 12/19,RH,[33],"freq bands 4-7,8-12,13-30, nu=0.41479999999999945"
"Bandpower + SVM (rbf), mean normalized",62.743118483846885%, 12/19,RH,[33],"freq bands 4-7,8-12,13-30, nu=0.41489999999999944"
"Bandpower + SVM (rbf), mean normalized",62.743118483846885%, 12/19,RH,[33],"freq bands 4-7,8-12,13-30, nu=0.4149999999999994"
"Bandpower + SVM (rbf), mean normalized",62.743118483846885%, 12/19,RH,[33],"freq bands 4-7,8-12,13-30, nu=0.4150999999999994"
"Bandpower + SVM (rbf), mean normalized",62.83232454985937%, 12/19,RH,[33],"freq bands 4-7,8-12,13-30, nu=0.4151999999999994"
"Bandpower + SVM (rbf), mean normalized",62.83232454985937%, 12/19,RH,[33],"freq bands 4-7,8-12,13-30, nu=0.4152999999999994"
"Bandpower + SVM (rbf), mean normalized",62.92153061587186%, 12/19,RH,[33],"freq bands 4-7,8-12,13-30, nu=0.4153999999999994"
"Bandpower + SVM (rbf), mean normalized",62.92153061587186%, 12/19,RH,[33],"freq bands 4-7,8-12,13-30, nu=0.41549999999999937"
"Bandpower + SVM (rbf), mean normalized",62.92153061587186%, 12/19,RH,[33],"freq bands 4-7,8-12,13-30, nu=0.41559999999999936"
"Bandpower + SVM (rbf), mean normalized",62.92153061587186%, 12/19,RH,[33],"freq bands 4-7,8-12,13-30, nu=0.41569999999999935"
"Bandpower + SVM (rbf), mean normalized",62.92153061587186%, 12/19,RH,[33],"freq bands 4-7,8-12,13-30, nu=0.41579999999999934"
"Bandpower + SVM (rbf), mean normalized",62.92153061587186%, 12/19,RH,[33],"freq bands 4-7,8-12,13-30, nu=0.4158999999999993"
"Bandpower + SVM (rbf), mean normalized",62.92153061587186%, 12/19,RH,[33],"freq bands 4-7,8-12,13-30, nu=0.4159999999999993"
"Bandpower + SVM (rbf), mean normalized",62.92153061587186%, 12/19,RH,[33],"freq bands 4-7,8-12,13-30, nu=0.4160999999999993"
"Bandpower + SVM (rbf), mean normalized",62.92153061587186%, 12/19,RH,[33],"freq bands 4-7,8-12,13-30, nu=0.4161999999999993"
"Bandpower + SVM (rbf), mean normalized",62.92153061587186%, 12/19,RH,[33],"freq bands 4-7,8-12,13-30, nu=0.4162999999999993"
"Bandpower + SVM (rbf), mean normalized",62.92153061587186%, 12/19,RH,[33],"freq bands 4-7,8-12,13-30, nu=0.41639999999999927"
"Bandpower + SVM (rbf), mean normalized",63.0267937737666%, 12/19,RH,[33],"freq bands 4-7,8-12,13-30, nu=0.41649999999999926"
"Bandpower + SVM (rbf), mean normalized",63.0267937737666%, 12/19,RH,[33],"freq bands 4-7,8-12,13-30, nu=0.41659999999999925"
"Bandpower + SVM (rbf), mean normalized",63.0267937737666%, 12/19,RH,[33],"freq bands 4-7,8-12,13-30, nu=0.41669999999999924"
"Bandpower + SVM (rbf), mean normalized",63.0267937737666%, 12/19,RH,[33],"freq bands 4-7,8-12,13-30, nu=0.4167999999999992"
"Bandpower + SVM (rbf), mean normalized",63.0267937737666%, 12/19,RH,[33],"freq bands 4-7,8-12,13-30, nu=0.4168999999999992"
"Bandpower + SVM (rbf), mean normalized",63.0267937737666%, 12/19,RH,[33],"freq bands 4-7,8-12,13-30, nu=0.4169999999999992"
"Bandpower + SVM (rbf), mean normalized",62.93604967213321%, 12/19,RH,[33],"freq bands 4-7,8-12,13-30, nu=0.4170999999999992"
"Bandpower + SVM (rbf), mean normalized",62.93604967213321%, 12/19,RH,[33],"freq bands 4-7,8-12,13-30, nu=0.4171999999999992"
"Bandpower + SVM (rbf), mean normalized",62.93604967213321%, 12/19,RH,[33],"freq bands 4-7,8-12,13-30, nu=0.41729999999999917"
"Bandpower + SVM (rbf), mean normalized",62.93604967213321%, 12/19,RH,[33],"freq bands 4-7,8-12,13-30, nu=0.41739999999999916"
"Bandpower + SVM (rbf), mean normalized",62.93604967213321%, 12/19,RH,[33],"freq bands 4-7,8-12,13-30, nu=0.41749999999999915"
"Bandpower + SVM (rbf), mean normalized",62.93604967213321%, 12/19,RH,[33],"freq bands 4-7,8-12,13-30, nu=0.41759999999999914"
"Bandpower + SVM (rbf), mean normalized",62.84530557049981%, 12/19,RH,[33],"freq bands 4-7,8-12,13-30, nu=0.4176999999999991"
"Bandpower + SVM (rbf), mean normalized",62.84530557049981%, 12/19,RH,[33],"freq bands 4-7,8-12,13-30, nu=0.4177999999999991"
"Bandpower + SVM (rbf), mean normalized",62.84530557049981%, 12/19,RH,[33],"freq bands 4-7,8-12,13-30, nu=0.4178999999999991"
"Bandpower + SVM (rbf), mean normalized",62.84530557049981%, 12/19,RH,[33],"freq bands 4-7,8-12,13-30, nu=0.4179999999999991"
"Bandpower + SVM (rbf), mean normalized",62.84530557049981%, 12/19,RH,[33],"freq bands 4-7,8-12,13-30, nu=0.4180999999999991"
"Bandpower + SVM (rbf), mean normalized",62.84530557049981%, 12/19,RH,[33],"freq bands 4-7,8-12,13-30, nu=0.4181999999999991"
"Bandpower + SVM (rbf), mean normalized",62.84530557049981%, 12/19,RH,[33],"freq bands 4-7,8-12,13-30, nu=0.41829999999999906"
"Bandpower + SVM (rbf), mean normalized",62.84530557049981%, 12/19,RH,[33],"freq bands 4-7,8-12,13-30, nu=0.41839999999999905"
"Bandpower + SVM (rbf), mean normalized",62.84530557049981%, 12/19,RH,[33],"freq bands 4-7,8-12,13-30, nu=0.41849999999999904"
"Bandpower + SVM (rbf), mean normalized",62.84530557049981%, 12/19,RH,[33],"freq bands 4-7,8-12,13-30, nu=0.41859999999999903"
"Bandpower + SVM (rbf), mean normalized",62.84530557049981%, 12/19,RH,[33],"freq bands 4-7,8-12,13-30, nu=0.418699999999999"
"Bandpower + SVM (rbf), mean normalized",62.84530557049981%, 12/19,RH,[33],"freq bands 4-7,8-12,13-30, nu=0.418799999999999"
"Bandpower + SVM (rbf), mean normalized",62.84530557049981%, 12/19,RH,[33],"freq bands 4-7,8-12,13-30, nu=0.418899999999999"
"Bandpower + SVM (rbf), mean normalized",62.84530557049981%, 12/19,RH,[33],"freq bands 4-7,8-12,13-30, nu=0.418999999999999"
"Bandpower + SVM (rbf), mean normalized",62.84530557049981%, 12/19,RH,[33],"freq bands 4-7,8-12,13-30, nu=0.419099999999999"
"Bandpower + SVM (rbf), mean normalized",62.84530557049981%, 12/19,RH,[33],"freq bands 4-7,8-12,13-30, nu=0.41919999999999896"
"Bandpower + SVM (rbf), mean normalized",62.74783968356024%, 12/19,RH,[33],"freq bands 4-7,8-12,13-30, nu=0.41929999999999895"
"Bandpower + SVM (rbf), mean normalized",62.74783968356024%, 12/19,RH,[33],"freq bands 4-7,8-12,13-30, nu=0.41939999999999894"
"Bandpower + SVM (rbf), mean normalized",62.74783968356024%, 12/19,RH,[33],"freq bands 4-7,8-12,13-30, nu=0.41949999999999893"
"Bandpower + SVM (rbf), mean normalized",62.74783968356024%, 12/19,RH,[33],"freq bands 4-7,8-12,13-30, nu=0.4195999999999989"
"Bandpower + SVM (rbf), mean normalized",62.74783968356024%, 12/19,RH,[33],"freq bands 4-7,8-12,13-30, nu=0.4196999999999989"
"Bandpower + SVM (rbf), mean normalized",62.84530557049981%, 12/19,RH,[33],"freq bands 4-7,8-12,13-30, nu=0.4197999999999989"
"Bandpower + SVM (rbf), mean normalized",62.74783968356024%, 12/19,RH,[33],"freq bands 4-7,8-12,13-30, nu=0.4198999999999989"
"Bandpower + SVM (rbf), mean normalized",62.7513206080938%, 12/19,RH,[33],"freq bands 4-7,8-12,13-30, nu=0.4199999999999989"
"Bandpower + SVM (rbf), mean normalized",62.7513206080938%, 12/19,RH,[33],"freq bands 4-7,8-12,13-30, nu=0.42009999999999886"
"Bandpower + SVM (rbf), mean normalized",62.653854721154225%, 12/19,RH,[33],"freq bands 4-7,8-12,13-30, nu=0.42019999999999885"
"Bandpower + SVM (rbf), mean normalized",62.7513206080938%, 12/19,RH,[33],"freq bands 4-7,8-12,13-30, nu=0.42029999999999884"
"Bandpower + SVM (rbf), mean normalized",62.653854721154225%, 12/19,RH,[33],"freq bands 4-7,8-12,13-30, nu=0.42039999999999883"
"Bandpower + SVM (rbf), mean normalized",62.74306078716671%, 12/19,RH,[33],"freq bands 4-7,8-12,13-30, nu=0.4204999999999988"
"Bandpower + SVM (rbf), mean normalized",62.74306078716671%, 12/19,RH,[33],"freq bands 4-7,8-12,13-30, nu=0.4205999999999988"
"Bandpower + SVM (rbf), mean normalized",62.74306078716671%, 12/19,RH,[33],"freq bands 4-7,8-12,13-30, nu=0.4206999999999988"
"Bandpower + SVM (rbf), mean normalized",62.74306078716671%, 12/19,RH,[33],"freq bands 4-7,8-12,13-30, nu=0.4207999999999988"
"Bandpower + SVM (rbf), mean normalized",62.74306078716671%, 12/19,RH,[33],"freq bands 4-7,8-12,13-30, nu=0.4208999999999988"
"Bandpower + SVM (rbf), mean normalized",62.74306078716671%, 12/19,RH,[33],"freq bands 4-7,8-12,13-30, nu=0.42099999999999876"
"Bandpower + SVM (rbf), mean normalized",62.74306078716671%, 12/19,RH,[33],"freq bands 4-7,8-12,13-30, nu=0.42109999999999875"
"Bandpower + SVM (rbf), mean normalized",62.74306078716671%, 12/19,RH,[33],"freq bands 4-7,8-12,13-30, nu=0.42119999999999874"
"Bandpower + SVM (rbf), mean normalized",62.74306078716671%, 12/19,RH,[33],"freq bands 4-7,8-12,13-30, nu=0.42129999999999873"
"Bandpower + SVM (rbf), mean normalized",62.840526674106286%, 12/19,RH,[33],"freq bands 4-7,8-12,13-30, nu=0.4213999999999987"
"Bandpower + SVM (rbf), mean normalized",63.018938806131274%, 12/19,RH,[33],"freq bands 4-7,8-12,13-30, nu=0.4214999999999987"
"Bandpower + SVM (rbf), mean normalized",63.018938806131274%, 12/19,RH,[33],"freq bands 4-7,8-12,13-30, nu=0.4215999999999987"
"Bandpower + SVM (rbf), mean normalized",62.9214729191917%, 12/19,RH,[33],"freq bands 4-7,8-12,13-30, nu=0.4216999999999987"
"Bandpower + SVM (rbf), mean normalized",62.9214729191917%, 12/19,RH,[33],"freq bands 4-7,8-12,13-30, nu=0.4217999999999987"
"Bandpower + SVM (rbf), mean normalized",62.9214729191917%, 12/19,RH,[33],"freq bands 4-7,8-12,13-30, nu=0.42189999999999866"
"Bandpower + SVM (rbf), mean normalized",62.9214729191917%, 12/19,RH,[33],"freq bands 4-7,8-12,13-30, nu=0.42199999999999865"
"Bandpower + SVM (rbf), mean normalized",62.9214729191917%, 12/19,RH,[33],"freq bands 4-7,8-12,13-30, nu=0.42209999999999864"
"Bandpower + SVM (rbf), mean normalized",62.9214729191917%, 12/19,RH,[33],"freq bands 4-7,8-12,13-30, nu=0.42219999999999863"
"Bandpower + SVM (rbf), mean normalized",62.8307288175583%, 12/19,RH,[33],"freq bands 4-7,8-12,13-30, nu=0.4222999999999986"
"Bandpower + SVM (rbf), mean normalized",62.8307288175583%, 12/19,RH,[33],"freq bands 4-7,8-12,13-30, nu=0.4223999999999986"
"Bandpower + SVM (rbf), mean normalized",62.8307288175583%, 12/19,RH,[33],"freq bands 4-7,8-12,13-30, nu=0.4224999999999986"
"Bandpower + SVM (rbf), mean normalized",62.8307288175583%, 12/19,RH,[33],"freq bands 4-7,8-12,13-30, nu=0.4225999999999986"
"Bandpower + SVM (rbf), mean normalized",62.8307288175583%, 12/19,RH,[33],"freq bands 4-7,8-12,13-30, nu=0.4226999999999986"
"Bandpower + SVM (rbf), mean normalized",62.8307288175583%, 12/19,RH,[33],"freq bands 4-7,8-12,13-30, nu=0.42279999999999857"
"Bandpower + SVM (rbf), mean normalized",62.8307288175583%, 12/19,RH,[33],"freq bands 4-7,8-12,13-30, nu=0.42289999999999855"
"Bandpower + SVM (rbf), mean normalized",62.8307288175583%, 12/19,RH,[33],"freq bands 4-7,8-12,13-30, nu=0.42299999999999854"
"Bandpower + SVM (rbf), mean normalized",62.8307288175583%, 12/19,RH,[33],"freq bands 4-7,8-12,13-30, nu=0.42309999999999853"
"Bandpower + SVM (rbf), mean normalized",62.8307288175583%, 12/19,RH,[33],"freq bands 4-7,8-12,13-30, nu=0.4231999999999985"
"Bandpower + SVM (rbf), mean normalized",62.8307288175583%, 12/19,RH,[33],"freq bands 4-7,8-12,13-30, nu=0.4232999999999985"
"Bandpower + SVM (rbf), mean normalized",62.8307288175583%, 12/19,RH,[33],"freq bands 4-7,8-12,13-30, nu=0.4233999999999985"
"Bandpower + SVM (rbf), mean normalized",62.8307288175583%, 12/19,RH,[33],"freq bands 4-7,8-12,13-30, nu=0.4234999999999985"
"Bandpower + SVM (rbf), mean normalized",62.8307288175583%, 12/19,RH,[33],"freq bands 4-7,8-12,13-30, nu=0.4235999999999985"
"Bandpower + SVM (rbf), mean normalized",62.8307288175583%, 12/19,RH,[33],"freq bands 4-7,8-12,13-30, nu=0.42369999999999847"
"Bandpower + SVM (rbf), mean normalized",62.8307288175583%, 12/19,RH,[33],"freq bands 4-7,8-12,13-30, nu=0.42379999999999846"
"Bandpower + SVM (rbf), mean normalized",62.8307288175583%, 12/19,RH,[33],"freq bands 4-7,8-12,13-30, nu=0.42389999999999844"
"Bandpower + SVM (rbf), mean normalized",62.8307288175583%, 12/19,RH,[33],"freq bands 4-7,8-12,13-30, nu=0.42399999999999843"
"Bandpower + SVM (rbf), mean normalized",62.8307288175583%, 12/19,RH,[33],"freq bands 4-7,8-12,13-30, nu=0.4240999999999984"
"Bandpower + SVM (rbf), mean normalized",62.8307288175583%, 12/19,RH,[33],"freq bands 4-7,8-12,13-30, nu=0.4241999999999984"
"Bandpower + SVM (rbf), mean normalized",62.8307288175583%, 12/19,RH,[33],"freq bands 4-7,8-12,13-30, nu=0.4242999999999984"
"Bandpower + SVM (rbf), mean normalized",62.8307288175583%, 12/19,RH,[33],"freq bands 4-7,8-12,13-30, nu=0.4243999999999984"
"Bandpower + SVM (rbf), mean normalized",62.8307288175583%, 12/19,RH,[33],"freq bands 4-7,8-12,13-30, nu=0.4244999999999984"
"Bandpower + SVM (rbf), mean normalized",62.93003368349673%, 12/19,RH,[33],"freq bands 4-7,8-12,13-30, nu=0.42459999999999837"
"Bandpower + SVM (rbf), mean normalized",62.93003368349673%, 12/19,RH,[33],"freq bands 4-7,8-12,13-30, nu=0.42469999999999836"
"Bandpower + SVM (rbf), mean normalized",62.93003368349673%, 12/19,RH,[33],"freq bands 4-7,8-12,13-30, nu=0.42479999999999835"
"Bandpower + SVM (rbf), mean normalized",62.93003368349673%, 12/19,RH,[33],"freq bands 4-7,8-12,13-30, nu=0.42489999999999833"
"Bandpower + SVM (rbf), mean normalized",62.93003368349673%, 12/19,RH,[33],"freq bands 4-7,8-12,13-30, nu=0.4249999999999983"
"Bandpower + SVM (rbf), mean normalized",62.93003368349673%, 12/19,RH,[33],"freq bands 4-7,8-12,13-30, nu=0.4250999999999983"
"Bandpower + SVM (rbf), mean normalized",62.93003368349673%, 12/19,RH,[33],"freq bands 4-7,8-12,13-30, nu=0.4251999999999983"
"Bandpower + SVM (rbf), mean normalized",62.93003368349673%, 12/19,RH,[33],"freq bands 4-7,8-12,13-30, nu=0.4252999999999983"
"Bandpower + SVM (rbf), mean normalized",62.93003368349673%, 12/19,RH,[33],"freq bands 4-7,8-12,13-30, nu=0.4253999999999983"
"Bandpower + SVM (rbf), mean normalized",62.93003368349673%, 12/19,RH,[33],"freq bands 4-7,8-12,13-30, nu=0.42549999999999827"
"Bandpower + SVM (rbf), mean normalized",62.93003368349673%, 12/19,RH,[33],"freq bands 4-7,8-12,13-30, nu=0.42559999999999826"
"Bandpower + SVM (rbf), mean normalized",62.93003368349673%, 12/19,RH,[33],"freq bands 4-7,8-12,13-30, nu=0.42569999999999825"
"Bandpower + SVM (rbf), mean normalized",62.93003368349673%, 12/19,RH,[33],"freq bands 4-7,8-12,13-30, nu=0.42579999999999824"
"Bandpower + SVM (rbf), mean normalized",62.93003368349673%, 12/19,RH,[33],"freq bands 4-7,8-12,13-30, nu=0.4258999999999982"
"Bandpower + SVM (rbf), mean normalized",62.834339903592436%, 12/19,RH,[33],"freq bands 4-7,8-12,13-30, nu=0.4259999999999982"
"Bandpower + SVM (rbf), mean normalized",62.834339903592436%, 12/19,RH,[33],"freq bands 4-7,8-12,13-30, nu=0.4260999999999982"
"Bandpower + SVM (rbf), mean normalized",62.834339903592436%, 12/19,RH,[33],"freq bands 4-7,8-12,13-30, nu=0.4261999999999982"
"Bandpower + SVM (rbf), mean normalized",62.834339903592436%, 12/19,RH,[33],"freq bands 4-7,8-12,13-30, nu=0.4262999999999982"
"Bandpower + SVM (rbf), mean normalized",62.834339903592436%, 12/19,RH,[33],"freq bands 4-7,8-12,13-30, nu=0.42639999999999817"
"Bandpower + SVM (rbf), mean normalized",62.834339903592436%, 12/19,RH,[33],"freq bands 4-7,8-12,13-30, nu=0.42649999999999816"
"Bandpower + SVM (rbf), mean normalized",62.834339903592436%, 12/19,RH,[33],"freq bands 4-7,8-12,13-30, nu=0.42659999999999815"
"Bandpower + SVM (rbf), mean normalized",62.834339903592436%, 12/19,RH,[33],"freq bands 4-7,8-12,13-30, nu=0.42669999999999814"
"Bandpower + SVM (rbf), mean normalized",62.834339903592436%, 12/19,RH,[33],"freq bands 4-7,8-12,13-30, nu=0.4267999999999981"
"Bandpower + SVM (rbf), mean normalized",62.834339903592436%, 12/19,RH,[33],"freq bands 4-7,8-12,13-30, nu=0.4268999999999981"
"Bandpower + SVM (rbf), mean normalized",62.834339903592436%, 12/19,RH,[33],"freq bands 4-7,8-12,13-30, nu=0.4269999999999981"
"Bandpower + SVM (rbf), mean normalized",62.834339903592436%, 12/19,RH,[33],"freq bands 4-7,8-12,13-30, nu=0.4270999999999981"
"Bandpower + SVM (rbf), mean normalized",62.834339903592436%, 12/19,RH,[33],"freq bands 4-7,8-12,13-30, nu=0.4271999999999981"
"Bandpower + SVM (rbf), mean normalized",62.834339903592436%, 12/19,RH,[33],"freq bands 4-7,8-12,13-30, nu=0.42729999999999807"
"Bandpower + SVM (rbf), mean normalized",62.834339903592436%, 12/19,RH,[33],"freq bands 4-7,8-12,13-30, nu=0.42739999999999806"
"Bandpower + SVM (rbf), mean normalized",62.735035037653994%, 12/19,RH,[33],"freq bands 4-7,8-12,13-30, nu=0.42749999999999805"
"Bandpower + SVM (rbf), mean normalized",62.735035037653994%, 12/19,RH,[33],"freq bands 4-7,8-12,13-30, nu=0.42759999999999804"
"Bandpower + SVM (rbf), mean normalized",62.834339903592436%, 12/19,RH,[33],"freq bands 4-7,8-12,13-30, nu=0.427699999999998"
"Bandpower + SVM (rbf), mean normalized",62.834339903592436%, 12/19,RH,[33],"freq bands 4-7,8-12,13-30, nu=0.427799999999998"
"Bandpower + SVM (rbf), mean normalized",62.93180579053201%, 12/19,RH,[33],"freq bands 4-7,8-12,13-30, nu=0.427899999999998"
"Bandpower + SVM (rbf), mean normalized",62.93180579053201%, 12/19,RH,[33],"freq bands 4-7,8-12,13-30, nu=0.427999999999998"
"Bandpower + SVM (rbf), mean normalized",62.93180579053201%, 12/19,RH,[33],"freq bands 4-7,8-12,13-30, nu=0.428099999999998"
"Bandpower + SVM (rbf), mean normalized",62.93180579053201%, 12/19,RH,[33],"freq bands 4-7,8-12,13-30, nu=0.42819999999999797"
"Bandpower + SVM (rbf), mean normalized",62.82654263263727%, 12/19,RH,[33],"freq bands 4-7,8-12,13-30, nu=0.42829999999999796"
"Bandpower + SVM (rbf), mean normalized",62.82654263263727%, 12/19,RH,[33],"freq bands 4-7,8-12,13-30, nu=0.42839999999999795"
"Bandpower + SVM (rbf), mean normalized",62.82654263263727%, 12/19,RH,[33],"freq bands 4-7,8-12,13-30, nu=0.42849999999999794"
"Bandpower + SVM (rbf), mean normalized",62.82654263263727%, 12/19,RH,[33],"freq bands 4-7,8-12,13-30, nu=0.4285999999999979"
"Bandpower + SVM (rbf), mean normalized",62.82654263263727%, 12/19,RH,[33],"freq bands 4-7,8-12,13-30, nu=0.4286999999999979"
"Bandpower + SVM (rbf), mean normalized",62.82654263263727%, 12/19,RH,[33],"freq bands 4-7,8-12,13-30, nu=0.4287999999999979"
"Bandpower + SVM (rbf), mean normalized",62.82654263263727%, 12/19,RH,[33],"freq bands 4-7,8-12,13-30, nu=0.4288999999999979"
"Bandpower + SVM (rbf), mean normalized",62.82654263263727%, 12/19,RH,[33],"freq bands 4-7,8-12,13-30, nu=0.4289999999999979"
"Bandpower + SVM (rbf), mean normalized",62.82654263263727%, 12/19,RH,[33],"freq bands 4-7,8-12,13-30, nu=0.42909999999999787"
"Bandpower + SVM (rbf), mean normalized",62.82654263263727%, 12/19,RH,[33],"freq bands 4-7,8-12,13-30, nu=0.42919999999999786"
"Bandpower + SVM (rbf), mean normalized",62.82654263263727%, 12/19,RH,[33],"freq bands 4-7,8-12,13-30, nu=0.42929999999999785"
"Bandpower + SVM (rbf), mean normalized",62.82654263263727%, 12/19,RH,[33],"freq bands 4-7,8-12,13-30, nu=0.42939999999999784"
"Bandpower + SVM (rbf), mean normalized",62.82654263263727%, 12/19,RH,[33],"freq bands 4-7,8-12,13-30, nu=0.42949999999999783"
"Bandpower + SVM (rbf), mean normalized",62.82654263263727%, 12/19,RH,[33],"freq bands 4-7,8-12,13-30, nu=0.4295999999999978"
"Bandpower + SVM (rbf), mean normalized",62.82654263263727%, 12/19,RH,[33],"freq bands 4-7,8-12,13-30, nu=0.4296999999999978"
"Bandpower + SVM (rbf), mean normalized",62.82654263263727%, 12/19,RH,[33],"freq bands 4-7,8-12,13-30, nu=0.4297999999999978"
"Bandpower + SVM (rbf), mean normalized",62.82654263263727%, 12/19,RH,[33],"freq bands 4-7,8-12,13-30, nu=0.4298999999999978"
"Bandpower + SVM (rbf), mean normalized",62.82654263263727%, 12/19,RH,[33],"freq bands 4-7,8-12,13-30, nu=0.4299999999999978"
"Bandpower + SVM (rbf), mean normalized",62.82654263263727%, 12/19,RH,[33],"freq bands 4-7,8-12,13-30, nu=0.43009999999999776"
"Bandpower + SVM (rbf), mean normalized",62.82654263263727%, 12/19,RH,[33],"freq bands 4-7,8-12,13-30, nu=0.43019999999999775"
"Bandpower + SVM (rbf), mean normalized",62.82654263263727%, 12/19,RH,[33],"freq bands 4-7,8-12,13-30, nu=0.43029999999999774"
"Bandpower + SVM (rbf), mean normalized",62.82654263263727%, 12/19,RH,[33],"freq bands 4-7,8-12,13-30, nu=0.43039999999999773"
"Bandpower + SVM (rbf), mean normalized",62.82654263263727%, 12/19,RH,[33],"freq bands 4-7,8-12,13-30, nu=0.4304999999999977"
"Bandpower + SVM (rbf), mean normalized",62.82654263263727%, 12/19,RH,[33],"freq bands 4-7,8-12,13-30, nu=0.4305999999999977"
"Bandpower + SVM (rbf), mean normalized",62.82654263263727%, 12/19,RH,[33],"freq bands 4-7,8-12,13-30, nu=0.4306999999999977"
"Bandpower + SVM (rbf), mean normalized",62.82654263263727%, 12/19,RH,[33],"freq bands 4-7,8-12,13-30, nu=0.4307999999999977"
"Bandpower + SVM (rbf), mean normalized",62.73084885273297%, 12/19,RH,[33],"freq bands 4-7,8-12,13-30, nu=0.4308999999999977"
"Bandpower + SVM (rbf), mean normalized",62.73084885273297%, 12/19,RH,[33],"freq bands 4-7,8-12,13-30, nu=0.43099999999999766"
"Bandpower + SVM (rbf), mean normalized",62.73084885273297%, 12/19,RH,[33],"freq bands 4-7,8-12,13-30, nu=0.43109999999999765"
"Bandpower + SVM (rbf), mean normalized",62.63515507282867%, 12/19,RH,[33],"freq bands 4-7,8-12,13-30, nu=0.43119999999999764"
"Bandpower + SVM (rbf), mean normalized",62.63515507282867%, 12/19,RH,[33],"freq bands 4-7,8-12,13-30, nu=0.43129999999999763"
"Bandpower + SVM (rbf), mean normalized",62.63515507282867%, 12/19,RH,[33],"freq bands 4-7,8-12,13-30, nu=0.4313999999999976"
"Bandpower + SVM (rbf), mean normalized",62.63515507282867%, 12/19,RH,[33],"freq bands 4-7,8-12,13-30, nu=0.4314999999999976"
"Bandpower + SVM (rbf), mean normalized",62.63515507282867%, 12/19,RH,[33],"freq bands 4-7,8-12,13-30, nu=0.4315999999999976"
"Bandpower + SVM (rbf), mean normalized",62.72436113884115%, 12/19,RH,[33],"freq bands 4-7,8-12,13-30, nu=0.4316999999999976"
"Bandpower + SVM (rbf), mean normalized",62.72436113884115%, 12/19,RH,[33],"freq bands 4-7,8-12,13-30, nu=0.4317999999999976"
"Bandpower + SVM (rbf), mean normalized",62.72436113884115%, 12/19,RH,[33],"freq bands 4-7,8-12,13-30, nu=0.43189999999999756"
"Bandpower + SVM (rbf), mean normalized",62.61909798094641%, 12/19,RH,[33],"freq bands 4-7,8-12,13-30, nu=0.43199999999999755"
"Bandpower + SVM (rbf), mean normalized",62.61909798094641%, 12/19,RH,[33],"freq bands 4-7,8-12,13-30, nu=0.43209999999999754"
"Bandpower + SVM (rbf), mean normalized",62.61909798094641%, 12/19,RH,[33],"freq bands 4-7,8-12,13-30, nu=0.43219999999999753"
"Bandpower + SVM (rbf), mean normalized",62.61909798094641%, 12/19,RH,[33],"freq bands 4-7,8-12,13-30, nu=0.4322999999999975"
"Bandpower + SVM (rbf), mean normalized",62.61909798094641%, 12/19,RH,[33],"freq bands 4-7,8-12,13-30, nu=0.4323999999999975"
"Bandpower + SVM (rbf), mean normalized",62.61909798094641%, 12/19,RH,[33],"freq bands 4-7,8-12,13-30, nu=0.4324999999999975"
"Bandpower + SVM (rbf), mean normalized",62.71143408436285%, 12/19,RH,[33],"freq bands 4-7,8-12,13-30, nu=0.4325999999999975"
"Bandpower + SVM (rbf), mean normalized",62.71143408436285%, 12/19,RH,[33],"freq bands 4-7,8-12,13-30, nu=0.4326999999999975"
"Bandpower + SVM (rbf), mean normalized",62.71143408436285%, 12/19,RH,[33],"freq bands 4-7,8-12,13-30, nu=0.43279999999999746"
"Bandpower + SVM (rbf), mean normalized",62.71143408436285%, 12/19,RH,[33],"freq bands 4-7,8-12,13-30, nu=0.43289999999999745"
"Bandpower + SVM (rbf), mean normalized",62.71143408436285%, 12/19,RH,[33],"freq bands 4-7,8-12,13-30, nu=0.43299999999999744"
"Bandpower + SVM (rbf), mean normalized",62.71143408436285%, 12/19,RH,[33],"freq bands 4-7,8-12,13-30, nu=0.43309999999999743"
"Bandpower + SVM (rbf), mean normalized",62.71143408436285%, 12/19,RH,[33],"freq bands 4-7,8-12,13-30, nu=0.4331999999999974"
"Bandpower + SVM (rbf), mean normalized",62.60617092646811%, 12/19,RH,[33],"freq bands 4-7,8-12,13-30, nu=0.4332999999999974"
"Bandpower + SVM (rbf), mean normalized",62.50090776857336%, 12/19,RH,[33],"freq bands 4-7,8-12,13-30, nu=0.4333999999999974"
"Bandpower + SVM (rbf), mean normalized",62.50090776857336%, 12/19,RH,[33],"freq bands 4-7,8-12,13-30, nu=0.4334999999999974"
"Bandpower + SVM (rbf), mean normalized",62.50090776857336%, 12/19,RH,[33],"freq bands 4-7,8-12,13-30, nu=0.4335999999999974"
"Bandpower + SVM (rbf), mean normalized",62.41016366693998%, 12/19,RH,[33],"freq bands 4-7,8-12,13-30, nu=0.43369999999999737"
"Bandpower + SVM (rbf), mean normalized",62.50090776857336%, 12/19,RH,[33],"freq bands 4-7,8-12,13-30, nu=0.43379999999999735"
"Bandpower + SVM (rbf), mean normalized",62.50090776857336%, 12/19,RH,[33],"freq bands 4-7,8-12,13-30, nu=0.43389999999999734"
"Bandpower + SVM (rbf), mean normalized",62.50585744684428%, 12/19,RH,[33],"freq bands 4-7,8-12,13-30, nu=0.43399999999999733"
"Bandpower + SVM (rbf), mean normalized",62.50585744684428%, 12/19,RH,[33],"freq bands 4-7,8-12,13-30, nu=0.4340999999999973"
"Bandpower + SVM (rbf), mean normalized",62.50585744684428%, 12/19,RH,[33],"freq bands 4-7,8-12,13-30, nu=0.4341999999999973"
"Bandpower + SVM (rbf), mean normalized",62.50585744684428%, 12/19,RH,[33],"freq bands 4-7,8-12,13-30, nu=0.4342999999999973"
"Bandpower + SVM (rbf), mean normalized",62.50585744684428%, 12/19,RH,[33],"freq bands 4-7,8-12,13-30, nu=0.4343999999999973"
"Bandpower + SVM (rbf), mean normalized",62.50585744684428%, 12/19,RH,[33],"freq bands 4-7,8-12,13-30, nu=0.4344999999999973"
"Bandpower + SVM (rbf), mean normalized",62.50585744684428%, 12/19,RH,[33],"freq bands 4-7,8-12,13-30, nu=0.43459999999999727"
"Bandpower + SVM (rbf), mean normalized",62.50585744684428%, 12/19,RH,[33],"freq bands 4-7,8-12,13-30, nu=0.43469999999999726"
"Bandpower + SVM (rbf), mean normalized",62.40059428894955%, 12/19,RH,[33],"freq bands 4-7,8-12,13-30, nu=0.43479999999999724"
"Bandpower + SVM (rbf), mean normalized",62.30985018731615%, 12/19,RH,[33],"freq bands 4-7,8-12,13-30, nu=0.43489999999999723"
"Bandpower + SVM (rbf), mean normalized",62.30985018731615%, 12/19,RH,[33],"freq bands 4-7,8-12,13-30, nu=0.4349999999999972"
"Bandpower + SVM (rbf), mean normalized",62.30985018731615%, 12/19,RH,[33],"freq bands 4-7,8-12,13-30, nu=0.4350999999999972"
"Bandpower + SVM (rbf), mean normalized",62.30985018731615%, 12/19,RH,[33],"freq bands 4-7,8-12,13-30, nu=0.4351999999999972"
"Bandpower + SVM (rbf), mean normalized",62.30985018731615%, 12/19,RH,[33],"freq bands 4-7,8-12,13-30, nu=0.4352999999999972"
"Bandpower + SVM (rbf), mean normalized",62.30985018731615%, 12/19,RH,[33],"freq bands 4-7,8-12,13-30, nu=0.4353999999999972"
"Bandpower + SVM (rbf), mean normalized",62.30985018731615%, 12/19,RH,[33],"freq bands 4-7,8-12,13-30, nu=0.43549999999999717"
"Bandpower + SVM (rbf), mean normalized",62.30985018731615%, 12/19,RH,[33],"freq bands 4-7,8-12,13-30, nu=0.43559999999999716"
"Bandpower + SVM (rbf), mean normalized",62.30985018731615%, 12/19,RH,[33],"freq bands 4-7,8-12,13-30, nu=0.43569999999999715"
"Bandpower + SVM (rbf), mean normalized",62.20458702942142%, 12/19,RH,[33],"freq bands 4-7,8-12,13-30, nu=0.43579999999999713"
"Bandpower + SVM (rbf), mean normalized",62.1088932495171%, 12/19,RH,[33],"freq bands 4-7,8-12,13-30, nu=0.4358999999999971"
"Bandpower + SVM (rbf), mean normalized",62.1088932495171%, 12/19,RH,[33],"freq bands 4-7,8-12,13-30, nu=0.4359999999999971"
"Bandpower + SVM (rbf), mean normalized",62.1088932495171%, 12/19,RH,[33],"freq bands 4-7,8-12,13-30, nu=0.4360999999999971"
"Bandpower + SVM (rbf), mean normalized",62.1088932495171%, 12/19,RH,[33],"freq bands 4-7,8-12,13-30, nu=0.4361999999999971"
"Bandpower + SVM (rbf), mean normalized",62.1088932495171%, 12/19,RH,[33],"freq bands 4-7,8-12,13-30, nu=0.4362999999999971"
"Bandpower + SVM (rbf), mean normalized",62.00363009162236%, 12/19,RH,[33],"freq bands 4-7,8-12,13-30, nu=0.43639999999999707"
"Bandpower + SVM (rbf), mean normalized",62.00363009162236%, 12/19,RH,[33],"freq bands 4-7,8-12,13-30, nu=0.43649999999999706"
"Bandpower + SVM (rbf), mean normalized",62.00363009162236%, 12/19,RH,[33],"freq bands 4-7,8-12,13-30, nu=0.43659999999999705"
"Bandpower + SVM (rbf), mean normalized",62.00363009162236%, 12/19,RH,[33],"freq bands 4-7,8-12,13-30, nu=0.43669999999999703"
"Bandpower + SVM (rbf), mean normalized",62.00363009162236%, 12/19,RH,[33],"freq bands 4-7,8-12,13-30, nu=0.436799999999997"
"Bandpower + SVM (rbf), mean normalized",62.00363009162236%, 12/19,RH,[33],"freq bands 4-7,8-12,13-30, nu=0.436899999999997"
"Bandpower + SVM (rbf), mean normalized",62.00363009162236%, 12/19,RH,[33],"freq bands 4-7,8-12,13-30, nu=0.436999999999997"
"Bandpower + SVM (rbf), mean normalized",62.00363009162236%, 12/19,RH,[33],"freq bands 4-7,8-12,13-30, nu=0.437099999999997"
"Bandpower + SVM (rbf), mean normalized",62.00363009162236%, 12/19,RH,[33],"freq bands 4-7,8-12,13-30, nu=0.437199999999997"
"Bandpower + SVM (rbf), mean normalized",62.00363009162236%, 12/19,RH,[33],"freq bands 4-7,8-12,13-30, nu=0.43729999999999697"
"Bandpower + SVM (rbf), mean normalized",62.00363009162236%, 12/19,RH,[33],"freq bands 4-7,8-12,13-30, nu=0.43739999999999696"
"Bandpower + SVM (rbf), mean normalized",62.00363009162236%, 12/19,RH,[33],"freq bands 4-7,8-12,13-30, nu=0.43749999999999695"
"Bandpower + SVM (rbf), mean normalized",62.00363009162236%, 12/19,RH,[33],"freq bands 4-7,8-12,13-30, nu=0.43759999999999694"
"Bandpower + SVM (rbf), mean normalized",62.00363009162236%, 12/19,RH,[33],"freq bands 4-7,8-12,13-30, nu=0.4376999999999969"
"Bandpower + SVM (rbf), mean normalized",62.00363009162236%, 12/19,RH,[33],"freq bands 4-7,8-12,13-30, nu=0.4377999999999969"
"Bandpower + SVM (rbf), mean normalized",62.00363009162236%, 12/19,RH,[33],"freq bands 4-7,8-12,13-30, nu=0.4378999999999969"
"Bandpower + SVM (rbf), mean normalized",62.00363009162236%, 12/19,RH,[33],"freq bands 4-7,8-12,13-30, nu=0.4379999999999969"
"Bandpower + SVM (rbf), mean normalized",62.00363009162236%, 12/19,RH,[33],"freq bands 4-7,8-12,13-30, nu=0.4380999999999969"
"Bandpower + SVM (rbf), mean normalized",62.00363009162236%, 12/19,RH,[33],"freq bands 4-7,8-12,13-30, nu=0.43819999999999687"
"Bandpower + SVM (rbf), mean normalized",62.00363009162236%, 12/19,RH,[33],"freq bands 4-7,8-12,13-30, nu=0.43829999999999686"
"Bandpower + SVM (rbf), mean normalized",62.00363009162236%, 12/19,RH,[33],"freq bands 4-7,8-12,13-30, nu=0.43839999999999685"
"Bandpower + SVM (rbf), mean normalized",62.00363009162236%, 12/19,RH,[33],"freq bands 4-7,8-12,13-30, nu=0.43849999999999684"
"Bandpower + SVM (rbf), mean normalized",62.00363009162236%, 12/19,RH,[33],"freq bands 4-7,8-12,13-30, nu=0.4385999999999968"
"Bandpower + SVM (rbf), mean normalized",62.00363009162236%, 12/19,RH,[33],"freq bands 4-7,8-12,13-30, nu=0.4386999999999968"
"Bandpower + SVM (rbf), mean normalized",62.00363009162236%, 12/19,RH,[33],"freq bands 4-7,8-12,13-30, nu=0.4387999999999968"
"Bandpower + SVM (rbf), mean normalized",62.00363009162236%, 12/19,RH,[33],"freq bands 4-7,8-12,13-30, nu=0.4388999999999968"
"Bandpower + SVM (rbf), mean normalized",62.00363009162236%, 12/19,RH,[33],"freq bands 4-7,8-12,13-30, nu=0.4389999999999968"
"Bandpower + SVM (rbf), mean normalized",62.00363009162236%, 12/19,RH,[33],"freq bands 4-7,8-12,13-30, nu=0.43909999999999677"
"Bandpower + SVM (rbf), mean normalized",62.00363009162236%, 12/19,RH,[33],"freq bands 4-7,8-12,13-30, nu=0.43919999999999676"
"Bandpower + SVM (rbf), mean normalized",62.00363009162236%, 12/19,RH,[33],"freq bands 4-7,8-12,13-30, nu=0.43929999999999675"
"Bandpower + SVM (rbf), mean normalized",62.00363009162236%, 12/19,RH,[33],"freq bands 4-7,8-12,13-30, nu=0.43939999999999674"
"Bandpower + SVM (rbf), mean normalized",62.00363009162236%, 12/19,RH,[33],"freq bands 4-7,8-12,13-30, nu=0.4394999999999967"
"Bandpower + SVM (rbf), mean normalized",62.00363009162236%, 12/19,RH,[33],"freq bands 4-7,8-12,13-30, nu=0.4395999999999967"
"Bandpower + SVM (rbf), mean normalized",61.904325225683934%, 12/19,RH,[33],"freq bands 4-7,8-12,13-30, nu=0.4396999999999967"
"Bandpower + SVM (rbf), mean normalized",61.904325225683934%, 12/19,RH,[33],"freq bands 4-7,8-12,13-30, nu=0.4397999999999967"
"Bandpower + SVM (rbf), mean normalized",61.904325225683934%, 12/19,RH,[33],"freq bands 4-7,8-12,13-30, nu=0.4398999999999967"
"Bandpower + SVM (rbf), mean normalized",61.904325225683934%, 12/19,RH,[33],"freq bands 4-7,8-12,13-30, nu=0.43999999999999667"
"Bandpower + SVM (rbf), mean normalized",42.3322474737993%, 5/19,RH,[0],"freq bands 4-7,8-12,13-30, nu=0.4164"
"Bandpower + SVM (rbf), mean normalized",44.890860112651126%, 9/19,RH,[1],"freq bands 4-7,8-12,13-30, nu=0.4164"
"Bandpower + SVM (rbf), mean normalized",52.09600970301225%, 12/19,RH,[2],"freq bands 4-7,8-12,13-30, nu=0.4164"
"Bandpower + SVM (rbf), mean normalized",48.49856139079788%, 9/19,RH,[3],"freq bands 4-7,8-12,13-30, nu=0.4164"
"Bandpower + SVM (rbf), mean normalized",56.02719015180241%, 12/19,RH,[4],"freq bands 4-7,8-12,13-30, nu=0.4164"
"Bandpower + SVM (rbf), mean normalized",52.844356061729094%, 12/19,RH,[5],"freq bands 4-7,8-12,13-30, nu=0.4164"
"Bandpower + SVM (rbf), mean normalized",54.85573378822464%, 11/19,RH,[6],"freq bands 4-7,8-12,13-30, nu=0.4164"
"Bandpower + SVM (rbf), mean normalized",49.081292078745996%, 11/19,RH,[7],"freq bands 4-7,8-12,13-30, nu=0.4164"
"Bandpower + SVM (rbf), mean normalized",38.529033344980725%, 5/19,RH,[8],"freq bands 4-7,8-12,13-30, nu=0.4164"
"Bandpower + SVM (rbf), mean normalized",48.68697179298655%, 8/19,RH,[9],"freq bands 4-7,8-12,13-30, nu=0.4164"
"Bandpower + SVM (rbf), mean normalized",51.287927286099666%, 8/19,RH,[10],"freq bands 4-7,8-12,13-30, nu=0.4164"
"Bandpower + SVM (rbf), mean normalized",58.84437532454426%, 11/19,RH,[11],"freq bands 4-7,8-12,13-30, nu=0.4164"
"Bandpower + SVM (rbf), mean normalized",52.42555243110235%, 10/19,RH,[12],"freq bands 4-7,8-12,13-30, nu=0.4164"
"Bandpower + SVM (rbf), mean normalized",47.0672277664957%, 11/19,RH,[13],"freq bands 4-7,8-12,13-30, nu=0.4164"
"Bandpower + SVM (rbf), mean normalized",53.26565403569962%, 10/19,RH,[14],"freq bands 4-7,8-12,13-30, nu=0.4164"
"Bandpower + SVM (rbf), mean normalized",57.622672241062524%, 12/19,RH,[15],"freq bands 4-7,8-12,13-30, nu=0.4164"
"Bandpower + SVM (rbf), mean normalized",42.52138356643647%, 9/19,RH,[16],"freq bands 4-7,8-12,13-30, nu=0.4164"
"Bandpower + SVM (rbf), mean normalized",52.991415698319756%, 10/19,RH,[17],"freq bands 4-7,8-12,13-30, nu=0.4164"
"Bandpower + SVM (rbf), mean normalized",44.5165999787163%, 8/19,RH,[18],"freq bands 4-7,8-12,13-30, nu=0.4164"
"Bandpower + SVM (rbf), mean normalized",55.84948328502699%, 12/19,RH,[19],"freq bands 4-7,8-12,13-30, nu=0.4164"
"Bandpower + SVM (rbf), mean normalized",51.362110980198885%, 10/19,RH,[20],"freq bands 4-7,8-12,13-30, nu=0.4164"
"Bandpower + SVM (rbf), mean normalized",53.66095727004377%, 11/19,RH,[21],"freq bands 4-7,8-12,13-30, nu=0.4164"
"Bandpower + SVM (rbf), mean normalized",50.222511964098175%, 10/19,RH,[22],"freq bands 4-7,8-12,13-30, nu=0.4164"
"Bandpower + SVM (rbf), mean normalized",50.28009494511538%, 9/19,RH,[23],"freq bands 4-7,8-12,13-30, nu=0.4164"
"Bandpower + SVM (rbf), mean normalized",49.29186659034603%, 10/19,RH,[24],"freq bands 4-7,8-12,13-30, nu=0.4164"
"Bandpower + SVM (rbf), mean normalized",44.994431654443225%, 9/19,RH,[25],"freq bands 4-7,8-12,13-30, nu=0.4164"
"Bandpower + SVM (rbf), mean normalized",34.65641450972553%, 4/19,RH,[26],"freq bands 4-7,8-12,13-30, nu=0.4164"
"Bandpower + SVM (rbf), mean normalized",38.33637126470556%, 5/19,RH,[27],"freq bands 4-7,8-12,13-30, nu=0.4164"
"Bandpower + SVM (rbf), mean normalized",46.410829973053715%, 9/19,RH,[28],"freq bands 4-7,8-12,13-30, nu=0.4164"
"Bandpower + SVM (rbf), mean normalized",45.22515865182575%, 9/19,RH,[29],"freq bands 4-7,8-12,13-30, nu=0.4164"
"Bandpower + SVM (rbf), mean normalized",53.23635020314587%, 10/19,RH,[30],"freq bands 4-7,8-12,13-30, nu=0.4164"
"Bandpower + SVM (rbf), mean normalized",49.11557878881826%, 10/19,RH,[31],"freq bands 4-7,8-12,13-30, nu=0.4164"
"Bandpower + SVM (rbf), mean normalized",52.23387266402282%, 10/19,RH,[32],"freq bands 4-7,8-12,13-30, nu=0.4164"
"Bandpower + SVM (rbf), mean normalized",62.92153061587186%, 12/19,RH,[33],"freq bands 4-7,8-12,13-30, nu=0.4164"
"Bandpower + SVM (rbf), mean normalized",49.68192835956988%, 9/19,RH,[34],"freq bands 4-7,8-12,13-30, nu=0.4164"
"Bandpower + SVM (rbf), mean normalized",61.806567844556696%, 13/19,RH,[35],"freq bands 4-7,8-12,13-30, nu=0.4164"
"Bandpower + SVM (rbf), mean normalized",44.82791303268952%, 9/19,RH,[36],"freq bands 4-7,8-12,13-30, nu=0.4164"
"Bandpower + SVM (rbf), mean normalized",49.79072678597582%, 9/19,RH,[37],"freq bands 4-7,8-12,13-30, nu=0.4164"
"Bandpower + SVM (rbf), mean normalized",48.88239194438408%, 9/19,RH,[38],"freq bands 4-7,8-12,13-30, nu=0.4164"
"Bandpower + SVM (rbf), mean normalized",53.260537235130876%, 10/19,RH,[39],"freq bands 4-7,8-12,13-30, nu=0.4164"
"Bandpower + SVM (rbf), mean normalized",49.85448203736221%, 9/19,RH,[40],"freq bands 4-7,8-12,13-30, nu=0.4164"
"Bandpower + SVM (rbf), mean normalized",43.54540132186064%, 7/19,RH,[41],"freq bands 4-7,8-12,13-30, nu=0.4164"
"Bandpower + SVM (rbf), mean normalized",49.930154954479484%, 9/19,RH,[42],"freq bands 4-7,8-12,13-30, nu=0.4164"
"Bandpower + SVM (rbf), mean normalized",42.04000204661247%, 9/19,RH,[43],"freq bands 4-7,8-12,13-30, nu=0.4164"
"Bandpower + SVM (rbf), mean normalized",46.50910499208871%, 7/19,RH,[44],"freq bands 4-7,8-12,13-30, nu=0.4164"
"Bandpower + SVM (rbf), mean normalized",45.91220234391422%, 9/19,RH,[45],"freq bands 4-7,8-12,13-30, nu=0.4164"
"Bandpower + SVM (rbf), mean normalized",51.35551986558081%, 10/19,RH,[46],"freq bands 4-7,8-12,13-30, nu=0.4164"
"Bandpower + SVM (rbf), mean normalized",52.468865308654685%, 10/19,RH,[47],"freq bands 4-7,8-12,13-30, nu=0.4164"
"Bandpower + SVM (rbf), mean normalized",51.02133586533461%, 10/19,RH,[48],"freq bands 4-7,8-12,13-30, nu=0.4164"
"Bandpower + SVM (rbf), mean normalized",60.39266415887825%, 14/19,RH,[49],"freq bands 4-7,8-12,13-30, nu=0.4164"
"Bandpower + SVM (rbf), mean normalized",48.821887268821854%, 9/19,RH,[50],"freq bands 4-7,8-12,13-30, nu=0.4164"
"Bandpower + SVM (rbf), mean normalized",53.04168912317084%, 11/19,RH,[51],"freq bands 4-7,8-12,13-30, nu=0.4164"
"Bandpower + SVM (rbf), mean normalized",50.573270010187535%, 12/19,RH,[52],"freq bands 4-7,8-12,13-30, nu=0.4164"
"Bandpower + SVM (rbf), mean normalized",50.67109862184588%, 9/19,RH,[53],"freq bands 4-7,8-12,13-30, nu=0.4164"
"Bandpower + SVM (rbf), mean normalized",42.68275382673975%, 8/19,RH,[54],"freq bands 4-7,8-12,13-30, nu=0.4164"
"Bandpower + SVM (rbf), mean normalized",51.45382291384679%, 9/19,RH,[55],"freq bands 4-7,8-12,13-30, nu=0.4164"
"Bandpower + SVM (rbf), mean normalized",55.860171568420384%, 12/19,RH,[56],"freq bands 4-7,8-12,13-30, nu=0.4164"
"Bandpower + SVM (rbf), mean normalized",49.55259829398662%, 10/19,RH,[57],"freq bands 4-7,8-12,13-30, nu=0.4164"
"Bandpower + SVM (rbf), mean normalized",51.63135068415103%, 11/19,RH,[58],"freq bands 4-7,8-12,13-30, nu=0.4164"
"Bandpower + SVM (rbf), mean normalized",43.02200630072737%, 8/19,RH,[59],"freq bands 4-7,8-12,13-30, nu=0.4164"
"Bandpower + SVM (rbf), mean normalized",46.40679593598616%, 10/19,RH,[60],"freq bands 4-7,8-12,13-30, nu=0.4164"
