Feature agglomeration + KNN,46.9648461527356%, 7/19,RH,[0],"k=11, n_clusters=5"
Feature agglomeration + KNN,44.0270363091895%, 4/19,RH,[1],"k=11, n_clusters=5"
Feature agglomeration + KNN,43.43343967490288%, 5/19,RH,[2],"k=11, n_clusters=5"
Feature agglomeration + KNN,48.64339411771692%, 9/19,RH,[3],"k=11, n_clusters=5"
Feature agglomeration + KNN,41.64227468443181%, 5/19,RH,[4],"k=11, n_clusters=5"
Feature agglomeration + KNN,47.7148298230268%, 8/19,RH,[5],"k=11, n_clusters=5"
Feature agglomeration + KNN,38.17033434566605%, 4/19,RH,[6],"k=11, n_clusters=5"
Feature agglomeration + KNN,38.20267950294466%, 4/19,RH,[7],"k=11, n_clusters=5"
Feature agglomeration + KNN,42.74675791785511%, 4/19,RH,[8],"k=11, n_clusters=5"
Feature agglomeration + KNN,40.25852003570277%, 1/19,RH,[9],"k=11, n_clusters=5"
Feature agglomeration + KNN,43.54088432455768%, 4/19,RH,[10],"k=11, n_clusters=5"
Feature agglomeration + KNN,38.209262773853624%, 1/19,RH,[11],"k=11, n_clusters=5"
Feature agglomeration + KNN,48.233811592045065%, 10/19,RH,[12],"k=11, n_clusters=5"
Feature agglomeration + KNN,40.7053383994024%, 4/19,RH,[13],"k=11, n_clusters=5"
Feature agglomeration + KNN,49.31061815476866%, 9/19,RH,[14],"k=11, n_clusters=5"
Feature agglomeration + KNN,54.62031890905315%, 9/19,RH,[15],"k=11, n_clusters=5"
Feature agglomeration + KNN,49.481177213159896%, 8/19,RH,[16],"k=11, n_clusters=5"
Feature agglomeration + KNN,51.63404915148166%, 10/19,RH,[17],"k=11, n_clusters=5"
Feature agglomeration + KNN,58.32170266440387%, 13/19,RH,[18],"k=11, n_clusters=5"
Feature agglomeration + KNN,56.19821606908758%, 12/19,RH,[19],"k=11, n_clusters=5"
Feature agglomeration + KNN,58.017021108217506%, 10/19,RH,[20],"k=11, n_clusters=5"
Feature agglomeration + KNN,56.33333599776492%, 10/19,RH,[21],"k=11, n_clusters=5"
Feature agglomeration + KNN,55.175799738736444%, 11/19,RH,[22],"k=11, n_clusters=5"
Feature agglomeration + KNN,52.517377750384064%, 9/19,RH,[23],"k=11, n_clusters=5"
Feature agglomeration + KNN,54.15776268902296%, 11/19,RH,[24],"k=11, n_clusters=5"
Feature agglomeration + KNN,47.41794363799052%, 8/19,RH,[25],"k=11, n_clusters=5"
Feature agglomeration + KNN,53.22621555208469%, 12/19,RH,[26],"k=11, n_clusters=5"
Feature agglomeration + KNN,48.43533978390679%, 7/19,RH,[27],"k=11, n_clusters=5"
Feature agglomeration + KNN,54.05128704820604%, 9/19,RH,[28],"k=11, n_clusters=5"
Feature agglomeration + KNN,47.78515283148486%, 7/19,RH,[29],"k=11, n_clusters=5"
Feature agglomeration + KNN,54.6028201425119%, 8/19,RH,[30],"k=11, n_clusters=5"
Feature agglomeration + KNN,50.447818144876265%, 8/19,RH,[31],"k=11, n_clusters=5"
Feature agglomeration + KNN,59.58601165580665%, 11/19,RH,[32],"k=11, n_clusters=5"
Feature agglomeration + KNN,61.43939582492389%, 14/19,RH,[33],"k=11, n_clusters=5"
Feature agglomeration + KNN,55.24075214703274%, 10/19,RH,[34],"k=11, n_clusters=5"
Feature agglomeration + KNN,59.69736814801488%, 12/19,RH,[35],"k=11, n_clusters=5"
Feature agglomeration + KNN,68.4975026283996%, 16/19,RH,[36],"k=11, n_clusters=5"
Feature agglomeration + KNN,65.78774787917074%, 14/19,RH,[37],"k=11, n_clusters=5"
Feature agglomeration + KNN,63.372164827259134%, 11/19,RH,[38],"k=11, n_clusters=5"
Feature agglomeration + KNN,61.7368535789207%, 14/19,RH,[39],"k=11, n_clusters=5"
Feature agglomeration + KNN,56.395071816836214%, 9/19,RH,[40],"k=11, n_clusters=5"
Feature agglomeration + KNN,56.661324257787626%, 10/19,RH,[41],"k=11, n_clusters=5"
Feature agglomeration + KNN,53.473183091525335%, 9/19,RH,[42],"k=11, n_clusters=5"
Feature agglomeration + KNN,47.150039281203796%, 8/19,RH,[43],"k=11, n_clusters=5"
Feature agglomeration + KNN,54.06302946455386%, 13/19,RH,[44],"k=11, n_clusters=5"
Feature agglomeration + KNN,55.39417248911068%, 9/19,RH,[45],"k=11, n_clusters=5"
Feature agglomeration + KNN,56.5236273906358%, 10/19,RH,[46],"k=11, n_clusters=5"
Feature agglomeration + KNN,55.23841578751414%, 8/19,RH,[47],"k=11, n_clusters=5"
Feature agglomeration + KNN,61.39512252788142%, 10/19,RH,[48],"k=11, n_clusters=5"
Feature agglomeration + KNN,58.10547734635021%, 11/19,RH,[49],"k=11, n_clusters=5"
Feature agglomeration + KNN,60.09829750145557%, 11/19,RH,[50],"k=11, n_clusters=5"
Feature agglomeration + KNN,60.78802972327526%, 12/19,RH,[51],"k=11, n_clusters=5"
Feature agglomeration + KNN,52.28357021254272%, 10/19,RH,[52],"k=11, n_clusters=5"
Feature agglomeration + KNN,52.55902945167023%, 7/19,RH,[53],"k=11, n_clusters=5"
Feature agglomeration + KNN,49.38805779273463%, 6/19,RH,[54],"k=11, n_clusters=5"
Feature agglomeration + KNN,42.254937671830476%, 7/19,RH,[55],"k=11, n_clusters=5"
Feature agglomeration + KNN,42.41476136660243%, 7/19,RH,[56],"k=11, n_clusters=5"
Feature agglomeration + KNN,42.79157362332283%, 5/19,RH,[57],"k=11, n_clusters=5"
Feature agglomeration + KNN,42.107671870258244%, 1/19,RH,[58],"k=11, n_clusters=5"
Feature agglomeration + KNN,41.67826654163423%, 4/19,RH,[59],"k=11, n_clusters=5"
Feature agglomeration + KNN,36.32858631446108%, 3/19,RH,[60],"k=11, n_clusters=5"
Feature agglomeration + KNN,67.51535960483918%, 14/19,RH,"[36, 0]","k=11, n_clusters=5"
Feature agglomeration + KNN,64.9173955866842%, 13/19,RH,"[36, 1]","k=11, n_clusters=5"
Feature agglomeration + KNN,69.48580176095473%, 15/19,RH,"[36, 2]","k=11, n_clusters=5"
Feature agglomeration + KNN,63.032817343063826%, 12/19,RH,"[36, 3]","k=11, n_clusters=5"
Feature agglomeration + KNN,64.42248318644275%, 12/19,RH,"[36, 4]","k=11, n_clusters=5"
Feature agglomeration + KNN,64.35073918147644%, 13/19,RH,"[36, 5]","k=11, n_clusters=5"
Feature agglomeration + KNN,63.18807605964351%, 13/19,RH,"[36, 6]","k=11, n_clusters=5"
Feature agglomeration + KNN,67.71000642177435%, 15/19,RH,"[36, 7]","k=11, n_clusters=5"
Feature agglomeration + KNN,61.16240421014781%, 11/19,RH,"[36, 8]","k=11, n_clusters=5"
Feature agglomeration + KNN,63.016049517259255%, 14/19,RH,"[36, 9]","k=11, n_clusters=5"
Feature agglomeration + KNN,61.51741485164055%, 9/19,RH,"[36, 10]","k=11, n_clusters=5"
Feature agglomeration + KNN,66.37125340254917%, 16/19,RH,"[36, 11]","k=11, n_clusters=5"
Feature agglomeration + KNN,61.438516283797014%, 10/19,RH,"[36, 12]","k=11, n_clusters=5"
Feature agglomeration + KNN,68.2579005420577%, 14/19,RH,"[36, 13]","k=11, n_clusters=5"
Feature agglomeration + KNN,64.11434618349094%, 13/19,RH,"[36, 14]","k=11, n_clusters=5"
Feature agglomeration + KNN,64.94955361023416%, 13/19,RH,"[36, 15]","k=11, n_clusters=5"
Feature agglomeration + KNN,65.184687956767%, 13/19,RH,"[36, 16]","k=11, n_clusters=5"
Feature agglomeration + KNN,62.848939108333504%, 12/19,RH,"[36, 17]","k=11, n_clusters=5"
Feature agglomeration + KNN,66.87508629383281%, 15/19,RH,"[36, 18]","k=11, n_clusters=5"
Feature agglomeration + KNN,67.08819809434664%, 14/19,RH,"[36, 19]","k=11, n_clusters=5"
Feature agglomeration + KNN,68.28424383356901%, 15/19,RH,"[36, 20]","k=11, n_clusters=5"
Feature agglomeration + KNN,67.64429696903962%, 13/19,RH,"[36, 21]","k=11, n_clusters=5"
Feature agglomeration + KNN,65.90641803827232%, 14/19,RH,"[36, 22]","k=11, n_clusters=5"
Feature agglomeration + KNN,62.96211354425944%, 12/19,RH,"[36, 23]","k=11, n_clusters=5"
Feature agglomeration + KNN,61.53368184666036%, 12/19,RH,"[36, 24]","k=11, n_clusters=5"
Feature agglomeration + KNN,67.06920062650903%, 15/19,RH,"[36, 25]","k=11, n_clusters=5"
Feature agglomeration + KNN,58.961802977357436%, 10/19,RH,"[36, 26]","k=11, n_clusters=5"
Feature agglomeration + KNN,60.44119936159839%, 10/19,RH,"[36, 27]","k=11, n_clusters=5"
Feature agglomeration + KNN,60.22061598719392%, 11/19,RH,"[36, 28]","k=11, n_clusters=5"
Feature agglomeration + KNN,64.10121066861979%, 14/19,RH,"[36, 29]","k=11, n_clusters=5"
Feature agglomeration + KNN,59.99433560559335%, 10/19,RH,"[36, 30]","k=11, n_clusters=5"
Feature agglomeration + KNN,65.74271011666134%, 14/19,RH,"[36, 31]","k=11, n_clusters=5"
Feature agglomeration + KNN,63.57677660655852%, 11/19,RH,"[36, 32]","k=11, n_clusters=5"
Feature agglomeration + KNN,67.58341309862355%, 16/19,RH,"[36, 33]","k=11, n_clusters=5"
Feature agglomeration + KNN,65.04839705493191%, 14/19,RH,"[36, 34]","k=11, n_clusters=5"
Feature agglomeration + KNN,66.277301235776%, 14/19,RH,"[36, 35]","k=11, n_clusters=5"
Feature agglomeration + KNN,68.4975026283996%, 16/19,RH,"[36, 36]","k=11, n_clusters=5"
Feature agglomeration + KNN,67.48889209830364%, 15/19,RH,"[36, 37]","k=11, n_clusters=5"
Feature agglomeration + KNN,64.76367436425102%, 14/19,RH,"[36, 38]","k=11, n_clusters=5"
Feature agglomeration + KNN,65.80669969336438%, 14/19,RH,"[36, 39]","k=11, n_clusters=5"
Feature agglomeration + KNN,61.52190835684049%, 12/19,RH,"[36, 40]","k=11, n_clusters=5"
Feature agglomeration + KNN,63.81242935196485%, 12/19,RH,"[36, 41]","k=11, n_clusters=5"
Feature agglomeration + KNN,57.07646638936218%, 10/19,RH,"[36, 42]","k=11, n_clusters=5"
Feature agglomeration + KNN,62.34516568303068%, 11/19,RH,"[36, 43]","k=11, n_clusters=5"
Feature agglomeration + KNN,57.77971492892551%, 11/19,RH,"[36, 44]","k=11, n_clusters=5"
Feature agglomeration + KNN,62.836388172732306%, 12/19,RH,"[36, 45]","k=11, n_clusters=5"
Feature agglomeration + KNN,63.230424343930316%, 11/19,RH,"[36, 46]","k=11, n_clusters=5"
Feature agglomeration + KNN,65.16064175425005%, 16/19,RH,"[36, 47]","k=11, n_clusters=5"
Feature agglomeration + KNN,65.6499898026523%, 14/19,RH,"[36, 48]","k=11, n_clusters=5"
Feature agglomeration + KNN,65.4636230753407%, 14/19,RH,"[36, 49]","k=11, n_clusters=5"
Feature agglomeration + KNN,64.9116032075856%, 12/19,RH,"[36, 50]","k=11, n_clusters=5"
Feature agglomeration + KNN,65.69960332566107%, 14/19,RH,"[36, 51]","k=11, n_clusters=5"
Feature agglomeration + KNN,62.75136599931259%, 14/19,RH,"[36, 52]","k=11, n_clusters=5"
Feature agglomeration + KNN,61.90239880673501%, 11/19,RH,"[36, 53]","k=11, n_clusters=5"
Feature agglomeration + KNN,59.20262613186118%, 12/19,RH,"[36, 54]","k=11, n_clusters=5"
Feature agglomeration + KNN,60.585118077800104%, 11/19,RH,"[36, 55]","k=11, n_clusters=5"
Feature agglomeration + KNN,57.19650007346526%, 9/19,RH,"[36, 56]","k=11, n_clusters=5"
Feature agglomeration + KNN,61.162438712534396%, 11/19,RH,"[36, 57]","k=11, n_clusters=5"
Feature agglomeration + KNN,58.967340168348734%, 10/19,RH,"[36, 58]","k=11, n_clusters=5"
Feature agglomeration + KNN,60.388163750674074%, 9/19,RH,"[36, 59]","k=11, n_clusters=5"
Feature agglomeration + KNN,61.716147977014934%, 13/19,RH,"[36, 60]","k=11, n_clusters=5"
Feature agglomeration + KNN,66.92053656507494%, 13/19,RH,"[2, 36, 0]","k=11, n_clusters=5"
Feature agglomeration + KNN,65.79530141727133%, 13/19,RH,"[2, 36, 1]","k=11, n_clusters=5"
Feature agglomeration + KNN,68.26349964441724%, 16/19,RH,"[2, 36, 2]","k=11, n_clusters=5"
Feature agglomeration + KNN,62.74817193148796%, 11/19,RH,"[2, 36, 3]","k=11, n_clusters=5"
Feature agglomeration + KNN,63.51310793035832%, 13/19,RH,"[2, 36, 4]","k=11, n_clusters=5"
Feature agglomeration + KNN,63.20114178726076%, 11/19,RH,"[2, 36, 5]","k=11, n_clusters=5"
Feature agglomeration + KNN,61.97386786021495%, 11/19,RH,"[2, 36, 6]","k=11, n_clusters=5"
Feature agglomeration + KNN,66.28072757048653%, 15/19,RH,"[2, 36, 7]","k=11, n_clusters=5"
Feature agglomeration + KNN,60.79876659993464%, 11/19,RH,"[2, 36, 8]","k=11, n_clusters=5"
Feature agglomeration + KNN,63.515829281510314%, 12/19,RH,"[2, 36, 9]","k=11, n_clusters=5"
Feature agglomeration + KNN,62.40989849283086%, 12/19,RH,"[2, 36, 10]","k=11, n_clusters=5"
Feature agglomeration + KNN,66.42811440432341%, 13/19,RH,"[2, 36, 11]","k=11, n_clusters=5"
Feature agglomeration + KNN,62.32948099010801%, 10/19,RH,"[2, 36, 12]","k=11, n_clusters=5"
Feature agglomeration + KNN,67.55733174262164%, 15/19,RH,"[2, 36, 13]","k=11, n_clusters=5"
Feature agglomeration + KNN,63.40260284755136%, 13/19,RH,"[2, 36, 14]","k=11, n_clusters=5"
Feature agglomeration + KNN,65.06709368109918%, 12/19,RH,"[2, 36, 15]","k=11, n_clusters=5"
Feature agglomeration + KNN,65.7600698306107%, 13/19,RH,"[2, 36, 16]","k=11, n_clusters=5"
Feature agglomeration + KNN,64.5943344685363%, 13/19,RH,"[2, 36, 17]","k=11, n_clusters=5"
Feature agglomeration + KNN,69.47078395585105%, 15/19,RH,"[2, 36, 18]","k=11, n_clusters=5"
Feature agglomeration + KNN,67.80751904968666%, 14/19,RH,"[2, 36, 19]","k=11, n_clusters=5"
Feature agglomeration + KNN,66.80496605833706%, 16/19,RH,"[2, 36, 20]","k=11, n_clusters=5"
Feature agglomeration + KNN,65.88719432233505%, 14/19,RH,"[2, 36, 21]","k=11, n_clusters=5"
Feature agglomeration + KNN,65.29336663144669%, 14/19,RH,"[2, 36, 22]","k=11, n_clusters=5"
Feature agglomeration + KNN,62.702015748152576%, 13/19,RH,"[2, 36, 23]","k=11, n_clusters=5"
Feature agglomeration + KNN,62.74183466840499%, 11/19,RH,"[2, 36, 24]","k=11, n_clusters=5"
Feature agglomeration + KNN,67.00317724198777%, 15/19,RH,"[2, 36, 25]","k=11, n_clusters=5"
Feature agglomeration + KNN,59.41558153977439%, 11/19,RH,"[2, 36, 26]","k=11, n_clusters=5"
Feature agglomeration + KNN,64.84469160037534%, 13/19,RH,"[2, 36, 27]","k=11, n_clusters=5"
Feature agglomeration + KNN,64.43217767227364%, 13/19,RH,"[2, 36, 28]","k=11, n_clusters=5"
Feature agglomeration + KNN,66.19206581119188%, 14/19,RH,"[2, 36, 29]","k=11, n_clusters=5"
Feature agglomeration + KNN,63.95832138367972%, 12/19,RH,"[2, 36, 30]","k=11, n_clusters=5"
Feature agglomeration + KNN,67.60667209218238%, 14/19,RH,"[2, 36, 31]","k=11, n_clusters=5"
Feature agglomeration + KNN,64.6804671807644%, 14/19,RH,"[2, 36, 32]","k=11, n_clusters=5"
Feature agglomeration + KNN,67.6535486589302%, 14/19,RH,"[2, 36, 33]","k=11, n_clusters=5"
Feature agglomeration + KNN,66.49213473958338%, 14/19,RH,"[2, 36, 34]","k=11, n_clusters=5"
Feature agglomeration + KNN,64.5757699905864%, 14/19,RH,"[2, 36, 35]","k=11, n_clusters=5"
Feature agglomeration + KNN,69.6410623307265%, 16/19,RH,"[2, 36, 36]","k=11, n_clusters=5"
Feature agglomeration + KNN,69.11974789916262%, 15/19,RH,"[2, 36, 37]","k=11, n_clusters=5"
Feature agglomeration + KNN,68.229883688525%, 16/19,RH,"[2, 36, 38]","k=11, n_clusters=5"
Feature agglomeration + KNN,66.43494971337425%, 14/19,RH,"[2, 36, 39]","k=11, n_clusters=5"
Feature agglomeration + KNN,64.83275597040003%, 12/19,RH,"[2, 36, 40]","k=11, n_clusters=5"
Feature agglomeration + KNN,62.99154993007448%, 12/19,RH,"[2, 36, 41]","k=11, n_clusters=5"
Feature agglomeration + KNN,61.31968073384091%, 11/19,RH,"[2, 36, 42]","k=11, n_clusters=5"
Feature agglomeration + KNN,62.752046188736855%, 12/19,RH,"[2, 36, 43]","k=11, n_clusters=5"
Feature agglomeration + KNN,60.37340672713921%, 10/19,RH,"[2, 36, 44]","k=11, n_clusters=5"
Feature agglomeration + KNN,63.612398486619426%, 13/19,RH,"[2, 36, 45]","k=11, n_clusters=5"
Feature agglomeration + KNN,64.55101688514046%, 13/19,RH,"[2, 36, 46]","k=11, n_clusters=5"
Feature agglomeration + KNN,66.17828651170448%, 14/19,RH,"[2, 36, 47]","k=11, n_clusters=5"
Feature agglomeration + KNN,66.27075859238265%, 15/19,RH,"[2, 36, 48]","k=11, n_clusters=5"
Feature agglomeration + KNN,68.43028261102995%, 14/19,RH,"[2, 36, 49]","k=11, n_clusters=5"
Feature agglomeration + KNN,65.92606766747127%, 15/19,RH,"[2, 36, 50]","k=11, n_clusters=5"
Feature agglomeration + KNN,67.26905784500067%, 14/19,RH,"[2, 36, 51]","k=11, n_clusters=5"
Feature agglomeration + KNN,63.502418055372424%, 13/19,RH,"[2, 36, 52]","k=11, n_clusters=5"
Feature agglomeration + KNN,64.70902314911223%, 12/19,RH,"[2, 36, 53]","k=11, n_clusters=5"
Feature agglomeration + KNN,60.09328110678091%, 12/19,RH,"[2, 36, 54]","k=11, n_clusters=5"
Feature agglomeration + KNN,62.43661961397503%, 13/19,RH,"[2, 36, 55]","k=11, n_clusters=5"
Feature agglomeration + KNN,59.56617045153185%, 11/19,RH,"[2, 36, 56]","k=11, n_clusters=5"
Feature agglomeration + KNN,61.650023326472%, 11/19,RH,"[2, 36, 57]","k=11, n_clusters=5"
Feature agglomeration + KNN,62.271592640617854%, 12/19,RH,"[2, 36, 58]","k=11, n_clusters=5"
Feature agglomeration + KNN,59.75356317187999%, 11/19,RH,"[2, 36, 59]","k=11, n_clusters=5"
Feature agglomeration + KNN,59.42858521689425%, 12/19,RH,"[2, 36, 60]","k=11, n_clusters=5"
Feature agglomeration + KNN,67.52245365118735%, 14/19,RH,"[2, 36, 36, 0]","k=11, n_clusters=5"
Feature agglomeration + KNN,68.26475413748989%, 14/19,RH,"[2, 36, 36, 1]","k=11, n_clusters=5"
Feature agglomeration + KNN,69.48580176095473%, 15/19,RH,"[2, 36, 36, 2]","k=11, n_clusters=5"
Feature agglomeration + KNN,66.4030800409192%, 13/19,RH,"[2, 36, 36, 3]","k=11, n_clusters=5"
Feature agglomeration + KNN,67.12805174862157%, 14/19,RH,"[2, 36, 36, 4]","k=11, n_clusters=5"
Feature agglomeration + KNN,67.52578297895339%, 13/19,RH,"[2, 36, 36, 5]","k=11, n_clusters=5"
Feature agglomeration + KNN,66.3465298210393%, 11/19,RH,"[2, 36, 36, 6]","k=11, n_clusters=5"
Feature agglomeration + KNN,69.81708190516844%, 16/19,RH,"[2, 36, 36, 7]","k=11, n_clusters=5"
Feature agglomeration + KNN,64.72765328756235%, 15/19,RH,"[2, 36, 36, 8]","k=11, n_clusters=5"
Feature agglomeration + KNN,66.98054299153115%, 14/19,RH,"[2, 36, 36, 9]","k=11, n_clusters=5"
Feature agglomeration + KNN,64.85632433805429%, 13/19,RH,"[2, 36, 36, 10]","k=11, n_clusters=5"
Feature agglomeration + KNN,69.54371746382738%, 16/19,RH,"[2, 36, 36, 11]","k=11, n_clusters=5"
Feature agglomeration + KNN,64.82928873813897%, 13/19,RH,"[2, 36, 36, 12]","k=11, n_clusters=5"
Feature agglomeration + KNN,68.78804051023938%, 15/19,RH,"[2, 36, 36, 13]","k=11, n_clusters=5"
Feature agglomeration + KNN,66.98823350775922%, 15/19,RH,"[2, 36, 36, 14]","k=11, n_clusters=5"
Feature agglomeration + KNN,66.41916451890071%, 14/19,RH,"[2, 36, 36, 15]","k=11, n_clusters=5"
Feature agglomeration + KNN,67.2446636682997%, 15/19,RH,"[2, 36, 36, 16]","k=11, n_clusters=5"
Feature agglomeration + KNN,65.64033030353566%, 14/19,RH,"[2, 36, 36, 17]","k=11, n_clusters=5"
Feature agglomeration + KNN,68.30009483141797%, 15/19,RH,"[2, 36, 36, 18]","k=11, n_clusters=5"
Feature agglomeration + KNN,68.59877933828378%, 14/19,RH,"[2, 36, 36, 19]","k=11, n_clusters=5"
Feature agglomeration + KNN,69.36742436620577%, 15/19,RH,"[2, 36, 36, 20]","k=11, n_clusters=5"
Feature agglomeration + KNN,66.6694462033644%, 14/19,RH,"[2, 36, 36, 21]","k=11, n_clusters=5"
Feature agglomeration + KNN,67.68797970428373%, 14/19,RH,"[2, 36, 36, 22]","k=11, n_clusters=5"
Feature agglomeration + KNN,66.62456884857558%, 13/19,RH,"[2, 36, 36, 23]","k=11, n_clusters=5"
Feature agglomeration + KNN,63.3575431606196%, 11/19,RH,"[2, 36, 36, 24]","k=11, n_clusters=5"
Feature agglomeration + KNN,69.61595162134049%, 15/19,RH,"[2, 36, 36, 25]","k=11, n_clusters=5"
Feature agglomeration + KNN,62.989626916563445%, 13/19,RH,"[2, 36, 36, 26]","k=11, n_clusters=5"
Feature agglomeration + KNN,66.79664572838637%, 14/19,RH,"[2, 36, 36, 27]","k=11, n_clusters=5"
Feature agglomeration + KNN,66.46600411913296%, 15/19,RH,"[2, 36, 36, 28]","k=11, n_clusters=5"
Feature agglomeration + KNN,67.16906461778211%, 15/19,RH,"[2, 36, 36, 29]","k=11, n_clusters=5"
Feature agglomeration + KNN,66.22654009923386%, 15/19,RH,"[2, 36, 36, 30]","k=11, n_clusters=5"
Feature agglomeration + KNN,68.54508758529396%, 16/19,RH,"[2, 36, 36, 31]","k=11, n_clusters=5"
Feature agglomeration + KNN,67.01066236921001%, 15/19,RH,"[2, 36, 36, 32]","k=11, n_clusters=5"
Feature agglomeration + KNN,68.555434461012%, 14/19,RH,"[2, 36, 36, 33]","k=11, n_clusters=5"
Feature agglomeration + KNN,68.11113156003321%, 16/19,RH,"[2, 36, 36, 34]","k=11, n_clusters=5"
Feature agglomeration + KNN,68.43702759043303%, 14/19,RH,"[2, 36, 36, 35]","k=11, n_clusters=5"
Feature agglomeration + KNN,69.8195224514475%, 16/19,RH,"[2, 36, 36, 36]","k=11, n_clusters=5"
Feature agglomeration + KNN,69.26212269925136%, 14/19,RH,"[2, 36, 36, 37]","k=11, n_clusters=5"
Feature agglomeration + KNN,67.89365146337187%, 16/19,RH,"[2, 36, 36, 38]","k=11, n_clusters=5"
Feature agglomeration + KNN,67.93277786761517%, 14/19,RH,"[2, 36, 36, 39]","k=11, n_clusters=5"
Feature agglomeration + KNN,64.74291591635965%, 13/19,RH,"[2, 36, 36, 40]","k=11, n_clusters=5"
Feature agglomeration + KNN,66.08852458277566%, 15/19,RH,"[2, 36, 36, 41]","k=11, n_clusters=5"
Feature agglomeration + KNN,63.7757728335302%, 13/19,RH,"[2, 36, 36, 42]","k=11, n_clusters=5"
Feature agglomeration + KNN,66.52883133116411%, 12/19,RH,"[2, 36, 36, 43]","k=11, n_clusters=5"
Feature agglomeration + KNN,61.75881349122374%, 10/19,RH,"[2, 36, 36, 44]","k=11, n_clusters=5"
Feature agglomeration + KNN,66.4682398180645%, 14/19,RH,"[2, 36, 36, 45]","k=11, n_clusters=5"
Feature agglomeration + KNN,65.36053175514905%, 16/19,RH,"[2, 36, 36, 46]","k=11, n_clusters=5"
Feature agglomeration + KNN,69.15657203364945%, 16/19,RH,"[2, 36, 36, 47]","k=11, n_clusters=5"
Feature agglomeration + KNN,68.08911235406786%, 16/19,RH,"[2, 36, 36, 48]","k=11, n_clusters=5"
Feature agglomeration + KNN,68.69833221208796%, 14/19,RH,"[2, 36, 36, 49]","k=11, n_clusters=5"
Feature agglomeration + KNN,67.42996857219266%, 16/19,RH,"[2, 36, 36, 50]","k=11, n_clusters=5"
Feature agglomeration + KNN,69.67088609136826%, 16/19,RH,"[2, 36, 36, 51]","k=11, n_clusters=5"
Feature agglomeration + KNN,66.44181448575918%, 15/19,RH,"[2, 36, 36, 52]","k=11, n_clusters=5"
Feature agglomeration + KNN,66.69484359812232%, 14/19,RH,"[2, 36, 36, 53]","k=11, n_clusters=5"
Feature agglomeration + KNN,63.26682764397994%, 14/19,RH,"[2, 36, 36, 54]","k=11, n_clusters=5"
Feature agglomeration + KNN,65.95945405166198%, 16/19,RH,"[2, 36, 36, 55]","k=11, n_clusters=5"
Feature agglomeration + KNN,62.62982178765429%, 11/19,RH,"[2, 36, 36, 56]","k=11, n_clusters=5"
Feature agglomeration + KNN,66.38615034226953%, 14/19,RH,"[2, 36, 36, 57]","k=11, n_clusters=5"
Feature agglomeration + KNN,63.57941120683305%, 12/19,RH,"[2, 36, 36, 58]","k=11, n_clusters=5"
Feature agglomeration + KNN,62.53977703961534%, 13/19,RH,"[2, 36, 36, 59]","k=11, n_clusters=5"
Feature agglomeration + KNN,63.914963789694646%, 14/19,RH,"[2, 36, 36, 60]","k=11, n_clusters=5"
Feature agglomeration + KNN,63.794199931046805%, 14/19,RH,"[2, 36, 36, 36]","k=1, n_clusters=5"
Feature agglomeration + KNN,63.794199931046805%, 14/19,RH,"[2, 36, 36, 36]","k=1, n_clusters=5"
Feature agglomeration + KNN,66.40295843673941%, 14/19,RH,"[2, 36, 36, 36]","k=6, n_clusters=5"
Feature agglomeration + KNN,69.8195224514475%, 16/19,RH,"[2, 36, 36, 36]","k=11, n_clusters=5"
Feature agglomeration + KNN,68.26976633982035%, 14/19,RH,"[2, 36, 36, 36]","k=16, n_clusters=5"
Feature agglomeration + KNN,68.67520249896353%, 14/19,RH,"[2, 36, 36, 36]","k=21, n_clusters=5"
Feature agglomeration + KNN,67.21392893795436%, 14/19,RH,"[2, 36, 36, 36]","k=26, n_clusters=5"
Feature agglomeration + KNN,67.51481231822012%, 14/19,RH,"[2, 36, 36, 36]","k=31, n_clusters=5"
Feature agglomeration + KNN,66.33483474736558%, 14/19,RH,"[2, 36, 36, 36]","k=36, n_clusters=5"
Feature agglomeration + KNN,65.95407758517318%, 13/19,RH,"[2, 36, 36, 36]","k=41, n_clusters=5"
Feature agglomeration + KNN,64.92987476853556%, 13/19,RH,"[2, 36, 36, 36]","k=46, n_clusters=5"
Feature agglomeration + KNN,64.83121086535354%, 12/19,RH,"[2, 36, 36, 36]","k=51, n_clusters=5"
Feature agglomeration + KNN,63.19918572059051%, 11/19,RH,"[2, 36, 36, 36]","k=56, n_clusters=5"
Feature agglomeration + KNN,63.41418663164363%, 11/19,RH,"[2, 36, 36, 36]","k=61, n_clusters=5"
Feature agglomeration + KNN,62.50426020697917%, 11/19,RH,"[2, 36, 36, 36]","k=66, n_clusters=5"
Feature agglomeration + KNN,62.5318952391514%, 11/19,RH,"[2, 36, 36, 36]","k=71, n_clusters=5"
Feature agglomeration + KNN,61.51773724577183%, 11/19,RH,"[2, 36, 36, 36]","k=76, n_clusters=5"
Feature agglomeration + KNN,60.83109814601107%, 11/19,RH,"[2, 36, 36, 36]","k=81, n_clusters=5"
Feature agglomeration + KNN,59.69927216596936%, 11/19,RH,"[2, 36, 36, 36]","k=86, n_clusters=5"
Feature agglomeration + KNN,60.55387559851438%, 11/19,RH,"[2, 36, 36, 36]","k=91, n_clusters=5"
Feature agglomeration + KNN,59.40378326206795%, 11/19,RH,"[2, 36, 36, 36]","k=96, n_clusters=5"
Feature agglomeration + KNN,68.53752292029473%, 16/19,RH,"[2, 36, 36, 36]","k=5, n_clusters=5"
Feature agglomeration + KNN,66.40295843673941%, 14/19,RH,"[2, 36, 36, 36]","k=6, n_clusters=5"
Feature agglomeration + KNN,69.67239396621086%, 16/19,RH,"[2, 36, 36, 36]","k=7, n_clusters=5"
Feature agglomeration + KNN,68.6663134877555%, 15/19,RH,"[2, 36, 36, 36]","k=8, n_clusters=5"
Feature agglomeration + KNN,70.3958965060732%, 16/19,RH,"[2, 36, 36, 36]","k=9, n_clusters=5"
Feature agglomeration + KNN,68.65464815916526%, 15/19,RH,"[2, 36, 36, 36]","k=10, n_clusters=5"
Feature agglomeration + KNN,69.8195224514475%, 16/19,RH,"[2, 36, 36, 36]","k=11, n_clusters=5"
Feature agglomeration + KNN,68.70226641766061%, 15/19,RH,"[2, 36, 36, 36]","k=12, n_clusters=5"
Feature agglomeration + KNN,69.88484367317618%, 16/19,RH,"[2, 36, 36, 36]","k=13, n_clusters=5"
Feature agglomeration + KNN,70.19428382942468%, 16/19,RH,"[2, 36, 36, 36]","k=14, n_clusters=5"
Feature agglomeration + KNN,68.42497734318023%, 16/19,RH,"[2, 36, 36, 36, 0]","k=9, n_clusters=5"
Feature agglomeration + KNN,69.07061980255219%, 16/19,RH,"[2, 36, 36, 36, 1]","k=9, n_clusters=5"
Feature agglomeration + KNN,69.4855888086662%, 16/19,RH,"[2, 36, 36, 36, 2]","k=9, n_clusters=5"
Feature agglomeration + KNN,67.5182673324577%, 15/19,RH,"[2, 36, 36, 36, 3]","k=9, n_clusters=5"
Feature agglomeration + KNN,67.58810344147965%, 13/19,RH,"[2, 36, 36, 36, 4]","k=9, n_clusters=5"
Feature agglomeration + KNN,68.88614883145472%, 16/19,RH,"[2, 36, 36, 36, 5]","k=9, n_clusters=5"
Feature agglomeration + KNN,67.77161563757453%, 16/19,RH,"[2, 36, 36, 36, 6]","k=9, n_clusters=5"
Feature agglomeration + KNN,69.69492083907824%, 16/19,RH,"[2, 36, 36, 36, 7]","k=9, n_clusters=5"
Feature agglomeration + KNN,66.54480462554059%, 15/19,RH,"[2, 36, 36, 36, 8]","k=9, n_clusters=5"
Feature agglomeration + KNN,67.6192749600383%, 16/19,RH,"[2, 36, 36, 36, 9]","k=9, n_clusters=5"
Feature agglomeration + KNN,65.80442086349191%, 15/19,RH,"[2, 36, 36, 36, 10]","k=9, n_clusters=5"
Feature agglomeration + KNN,69.23609821256498%, 16/19,RH,"[2, 36, 36, 36, 11]","k=9, n_clusters=5"
Feature agglomeration + KNN,65.7924960579081%, 14/19,RH,"[2, 36, 36, 36, 12]","k=9, n_clusters=5"
Feature agglomeration + KNN,70.6597333347169%, 16/19,RH,"[2, 36, 36, 36, 13]","k=9, n_clusters=5"
Feature agglomeration + KNN,67.2721775053793%, 15/19,RH,"[2, 36, 36, 36, 14]","k=9, n_clusters=5"
Feature agglomeration + KNN,68.26491412419222%, 14/19,RH,"[2, 36, 36, 36, 15]","k=9, n_clusters=5"
Feature agglomeration + KNN,69.75031364188511%, 16/19,RH,"[2, 36, 36, 36, 16]","k=9, n_clusters=5"
Feature agglomeration + KNN,68.13219914946525%, 15/19,RH,"[2, 36, 36, 36, 17]","k=9, n_clusters=5"
Feature agglomeration + KNN,69.8796999265458%, 15/19,RH,"[2, 36, 36, 36, 18]","k=9, n_clusters=5"
Feature agglomeration + KNN,68.94738044451357%, 16/19,RH,"[2, 36, 36, 36, 19]","k=9, n_clusters=5"
Feature agglomeration + KNN,69.9818805600306%, 16/19,RH,"[2, 36, 36, 36, 20]","k=9, n_clusters=5"
Feature agglomeration + KNN,68.97373741368672%, 14/19,RH,"[2, 36, 36, 36, 21]","k=9, n_clusters=5"
Feature agglomeration + KNN,68.57793952499665%, 14/19,RH,"[2, 36, 36, 36, 22]","k=9, n_clusters=5"
Feature agglomeration + KNN,67.82286396894006%, 14/19,RH,"[2, 36, 36, 36, 23]","k=9, n_clusters=5"
Feature agglomeration + KNN,65.59797550877026%, 14/19,RH,"[2, 36, 36, 36, 24]","k=9, n_clusters=5"
Feature agglomeration + KNN,69.65237371729494%, 15/19,RH,"[2, 36, 36, 36, 25]","k=9, n_clusters=5"
Feature agglomeration + KNN,65.1787838519212%, 15/19,RH,"[2, 36, 36, 36, 26]","k=9, n_clusters=5"
Feature agglomeration + KNN,67.703262943438%, 16/19,RH,"[2, 36, 36, 36, 27]","k=9, n_clusters=5"
Feature agglomeration + KNN,67.1594681924805%, 15/19,RH,"[2, 36, 36, 36, 28]","k=9, n_clusters=5"
Feature agglomeration + KNN,68.92094397581845%, 16/19,RH,"[2, 36, 36, 36, 29]","k=9, n_clusters=5"
Feature agglomeration + KNN,66.54668454624894%, 15/19,RH,"[2, 36, 36, 36, 30]","k=9, n_clusters=5"
Feature agglomeration + KNN,68.61833115616498%, 16/19,RH,"[2, 36, 36, 36, 31]","k=9, n_clusters=5"
Feature agglomeration + KNN,67.38064370042606%, 16/19,RH,"[2, 36, 36, 36, 32]","k=9, n_clusters=5"
Feature agglomeration + KNN,70.18278806308858%, 15/19,RH,"[2, 36, 36, 36, 33]","k=9, n_clusters=5"
Feature agglomeration + KNN,67.47312777215727%, 16/19,RH,"[2, 36, 36, 36, 34]","k=9, n_clusters=5"
Feature agglomeration + KNN,69.33494154104739%, 15/19,RH,"[2, 36, 36, 36, 35]","k=9, n_clusters=5"
Feature agglomeration + KNN,70.74984333749035%, 16/19,RH,"[2, 36, 36, 36, 36]","k=9, n_clusters=5"
Feature agglomeration + KNN,71.55004479782494%, 16/19,RH,"[2, 36, 36, 36, 37]","k=9, n_clusters=5"
Feature agglomeration + KNN,69.08955332768876%, 15/19,RH,"[2, 36, 36, 36, 38]","k=9, n_clusters=5"
Feature agglomeration + KNN,68.77106736905934%, 15/19,RH,"[2, 36, 36, 36, 39]","k=9, n_clusters=5"
Feature agglomeration + KNN,65.11065508596172%, 15/19,RH,"[2, 36, 36, 36, 40]","k=9, n_clusters=5"
Feature agglomeration + KNN,67.37974122739423%, 14/19,RH,"[2, 36, 36, 36, 41]","k=9, n_clusters=5"
Feature agglomeration + KNN,63.83182913169133%, 11/19,RH,"[2, 36, 36, 36, 42]","k=9, n_clusters=5"
Feature agglomeration + KNN,67.05858586579762%, 15/19,RH,"[2, 36, 36, 36, 43]","k=9, n_clusters=5"
Feature agglomeration + KNN,63.2764374781886%, 11/19,RH,"[2, 36, 36, 36, 44]","k=9, n_clusters=5"
Feature agglomeration + KNN,67.82396404559627%, 15/19,RH,"[2, 36, 36, 36, 45]","k=9, n_clusters=5"
Feature agglomeration + KNN,66.55753167497532%, 16/19,RH,"[2, 36, 36, 36, 46]","k=9, n_clusters=5"
Feature agglomeration + KNN,68.90688685035707%, 16/19,RH,"[2, 36, 36, 36, 47]","k=9, n_clusters=5"
Feature agglomeration + KNN,68.21923589769513%, 16/19,RH,"[2, 36, 36, 36, 48]","k=9, n_clusters=5"
Feature agglomeration + KNN,69.65460375742751%, 16/19,RH,"[2, 36, 36, 36, 49]","k=9, n_clusters=5"
Feature agglomeration + KNN,68.78247225583337%, 16/19,RH,"[2, 36, 36, 36, 50]","k=9, n_clusters=5"
Feature agglomeration + KNN,69.24320328724465%, 16/19,RH,"[2, 36, 36, 36, 51]","k=9, n_clusters=5"
Feature agglomeration + KNN,67.6977298082026%, 16/19,RH,"[2, 36, 36, 36, 52]","k=9, n_clusters=5"
Feature agglomeration + KNN,67.97446005189019%, 15/19,RH,"[2, 36, 36, 36, 53]","k=9, n_clusters=5"
Feature agglomeration + KNN,64.8276776171954%, 16/19,RH,"[2, 36, 36, 36, 54]","k=9, n_clusters=5"
Feature agglomeration + KNN,65.45609233641574%, 15/19,RH,"[2, 36, 36, 36, 55]","k=9, n_clusters=5"
Feature agglomeration + KNN,64.88208932290534%, 15/19,RH,"[2, 36, 36, 36, 56]","k=9, n_clusters=5"
Feature agglomeration + KNN,65.55327078053502%, 15/19,RH,"[2, 36, 36, 36, 57]","k=9, n_clusters=5"
Feature agglomeration + KNN,64.60769037809165%, 14/19,RH,"[2, 36, 36, 36, 58]","k=9, n_clusters=5"
Feature agglomeration + KNN,64.6788230333685%, 15/19,RH,"[2, 36, 36, 36, 59]","k=9, n_clusters=5"
Feature agglomeration + KNN,66.12950071228812%, 15/19,RH,"[2, 36, 36, 36, 60]","k=9, n_clusters=5"
Feature agglomeration + KNN,68.88411153626875%, 16/19,RH,"[2, 36, 36, 36, 0]","k=11, n_clusters=5"
Feature agglomeration + KNN,69.34794669634027%, 16/19,RH,"[2, 36, 36, 36, 1]","k=11, n_clusters=5"
Feature agglomeration + KNN,69.75896387073081%, 15/19,RH,"[2, 36, 36, 36, 2]","k=11, n_clusters=5"
Feature agglomeration + KNN,68.40760545894668%, 15/19,RH,"[2, 36, 36, 36, 3]","k=11, n_clusters=5"
Feature agglomeration + KNN,68.37206018419391%, 14/19,RH,"[2, 36, 36, 36, 4]","k=11, n_clusters=5"
Feature agglomeration + KNN,68.80478505116919%, 14/19,RH,"[2, 36, 36, 36, 5]","k=11, n_clusters=5"
Feature agglomeration + KNN,66.00614802091246%, 13/19,RH,"[2, 36, 36, 36, 6]","k=11, n_clusters=5"
Feature agglomeration + KNN,69.49365395307252%, 16/19,RH,"[2, 36, 36, 36, 7]","k=11, n_clusters=5"
Feature agglomeration + KNN,65.62127886550591%, 15/19,RH,"[2, 36, 36, 36, 8]","k=11, n_clusters=5"
Feature agglomeration + KNN,67.65382743522504%, 16/19,RH,"[2, 36, 36, 36, 9]","k=11, n_clusters=5"
Feature agglomeration + KNN,66.03031841205076%, 15/19,RH,"[2, 36, 36, 36, 10]","k=11, n_clusters=5"
Feature agglomeration + KNN,69.09132812698999%, 16/19,RH,"[2, 36, 36, 36, 11]","k=11, n_clusters=5"
Feature agglomeration + KNN,65.98436387610967%, 13/19,RH,"[2, 36, 36, 36, 12]","k=11, n_clusters=5"
Feature agglomeration + KNN,70.38445224037477%, 15/19,RH,"[2, 36, 36, 36, 13]","k=11, n_clusters=5"
Feature agglomeration + KNN,67.22877770244912%, 14/19,RH,"[2, 36, 36, 36, 14]","k=11, n_clusters=5"
Feature agglomeration + KNN,67.94132624321432%, 14/19,RH,"[2, 36, 36, 36, 15]","k=11, n_clusters=5"
Feature agglomeration + KNN,69.43552405873686%, 16/19,RH,"[2, 36, 36, 36, 16]","k=11, n_clusters=5"
Feature agglomeration + KNN,66.41417879377414%, 14/19,RH,"[2, 36, 36, 36, 17]","k=11, n_clusters=5"
Feature agglomeration + KNN,69.43531908301593%, 15/19,RH,"[2, 36, 36, 36, 18]","k=11, n_clusters=5"
Feature agglomeration + KNN,68.87662773752294%, 15/19,RH,"[2, 36, 36, 36, 19]","k=11, n_clusters=5"
Feature agglomeration + KNN,69.07630798078029%, 16/19,RH,"[2, 36, 36, 36, 20]","k=11, n_clusters=5"
Feature agglomeration + KNN,68.34088725890277%, 14/19,RH,"[2, 36, 36, 36, 21]","k=11, n_clusters=5"
Feature agglomeration + KNN,69.07025371612346%, 15/19,RH,"[2, 36, 36, 36, 22]","k=11, n_clusters=5"
Feature agglomeration + KNN,67.94807946120912%, 15/19,RH,"[2, 36, 36, 36, 23]","k=11, n_clusters=5"
Feature agglomeration + KNN,65.76319743135005%, 12/19,RH,"[2, 36, 36, 36, 24]","k=11, n_clusters=5"
Feature agglomeration + KNN,68.81840539330382%, 15/19,RH,"[2, 36, 36, 36, 25]","k=11, n_clusters=5"
Feature agglomeration + KNN,65.11930081791927%, 15/19,RH,"[2, 36, 36, 36, 26]","k=11, n_clusters=5"
Feature agglomeration + KNN,67.70083177938963%, 15/19,RH,"[2, 36, 36, 36, 27]","k=11, n_clusters=5"
Feature agglomeration + KNN,65.66016052196497%, 15/19,RH,"[2, 36, 36, 36, 28]","k=11, n_clusters=5"
Feature agglomeration + KNN,68.58101789227003%, 16/19,RH,"[2, 36, 36, 36, 29]","k=11, n_clusters=5"
Feature agglomeration + KNN,66.000836037005%, 15/19,RH,"[2, 36, 36, 36, 30]","k=11, n_clusters=5"
Feature agglomeration + KNN,69.05420810026058%, 16/19,RH,"[2, 36, 36, 36, 31]","k=11, n_clusters=5"
Feature agglomeration + KNN,67.08483759194105%, 14/19,RH,"[2, 36, 36, 36, 32]","k=11, n_clusters=5"
Feature agglomeration + KNN,69.07991044733052%, 14/19,RH,"[2, 36, 36, 36, 33]","k=11, n_clusters=5"
Feature agglomeration + KNN,68.89689210785373%, 16/19,RH,"[2, 36, 36, 36, 34]","k=11, n_clusters=5"
Feature agglomeration + KNN,68.39684006917786%, 14/19,RH,"[2, 36, 36, 36, 35]","k=11, n_clusters=5"
Feature agglomeration + KNN,70.4470202199751%, 16/19,RH,"[2, 36, 36, 36, 36]","k=11, n_clusters=5"
Feature agglomeration + KNN,70.2421379773179%, 16/19,RH,"[2, 36, 36, 36, 37]","k=11, n_clusters=5"
Feature agglomeration + KNN,68.89641765506096%, 16/19,RH,"[2, 36, 36, 36, 38]","k=11, n_clusters=5"
Feature agglomeration + KNN,68.40324449020669%, 14/19,RH,"[2, 36, 36, 36, 39]","k=11, n_clusters=5"
Feature agglomeration + KNN,64.87239793502526%, 13/19,RH,"[2, 36, 36, 36, 40]","k=11, n_clusters=5"
Feature agglomeration + KNN,67.5874140046988%, 14/19,RH,"[2, 36, 36, 36, 41]","k=11, n_clusters=5"
Feature agglomeration + KNN,63.87095989615852%, 13/19,RH,"[2, 36, 36, 36, 42]","k=11, n_clusters=5"
Feature agglomeration + KNN,67.42957794206016%, 16/19,RH,"[2, 36, 36, 36, 43]","k=11, n_clusters=5"
Feature agglomeration + KNN,62.96295066393762%, 11/19,RH,"[2, 36, 36, 36, 44]","k=11, n_clusters=5"
Feature agglomeration + KNN,67.77737688301917%, 15/19,RH,"[2, 36, 36, 36, 45]","k=11, n_clusters=5"
Feature agglomeration + KNN,67.2550067464678%, 16/19,RH,"[2, 36, 36, 36, 46]","k=11, n_clusters=5"
Feature agglomeration + KNN,69.5589806068866%, 16/19,RH,"[2, 36, 36, 36, 47]","k=11, n_clusters=5"
Feature agglomeration + KNN,68.4866949458792%, 16/19,RH,"[2, 36, 36, 36, 48]","k=11, n_clusters=5"
Feature agglomeration + KNN,68.82257331240126%, 15/19,RH,"[2, 36, 36, 36, 49]","k=11, n_clusters=5"
Feature agglomeration + KNN,68.57322999699682%, 16/19,RH,"[2, 36, 36, 36, 50]","k=11, n_clusters=5"
Feature agglomeration + KNN,69.58805278199189%, 16/19,RH,"[2, 36, 36, 36, 51]","k=11, n_clusters=5"
Feature agglomeration + KNN,67.58107132250386%, 16/19,RH,"[2, 36, 36, 36, 52]","k=11, n_clusters=5"
Feature agglomeration + KNN,67.29048783476337%, 13/19,RH,"[2, 36, 36, 36, 53]","k=11, n_clusters=5"
Feature agglomeration + KNN,65.13141402974115%, 15/19,RH,"[2, 36, 36, 36, 54]","k=11, n_clusters=5"
Feature agglomeration + KNN,66.48633810242212%, 15/19,RH,"[2, 36, 36, 36, 55]","k=11, n_clusters=5"
Feature agglomeration + KNN,64.75350367440768%, 13/19,RH,"[2, 36, 36, 36, 56]","k=11, n_clusters=5"
Feature agglomeration + KNN,65.86685054840561%, 15/19,RH,"[2, 36, 36, 36, 57]","k=11, n_clusters=5"
Feature agglomeration + KNN,63.92684266245986%, 14/19,RH,"[2, 36, 36, 36, 58]","k=11, n_clusters=5"
Feature agglomeration + KNN,63.61345123687108%, 15/19,RH,"[2, 36, 36, 36, 59]","k=11, n_clusters=5"
Feature agglomeration + KNN,66.16751283934775%, 16/19,RH,"[2, 36, 36, 36, 60]","k=11, n_clusters=5"
Feature agglomeration + KNN,68.39039684026746%, 15/19,RH,"[2, 36, 36, 36, 37, 0]","k=9, n_clusters=5"
Feature agglomeration + KNN,68.49572926709824%, 16/19,RH,"[2, 36, 36, 36, 37, 1]","k=9, n_clusters=5"
Feature agglomeration + KNN,70.29645574171793%, 16/19,RH,"[2, 36, 36, 36, 37, 2]","k=9, n_clusters=5"
Feature agglomeration + KNN,67.32134758534366%, 15/19,RH,"[2, 36, 36, 36, 37, 3]","k=9, n_clusters=5"
Feature agglomeration + KNN,67.66569968452066%, 14/19,RH,"[2, 36, 36, 36, 37, 4]","k=9, n_clusters=5"
Feature agglomeration + KNN,67.82118870753648%, 14/19,RH,"[2, 36, 36, 36, 37, 5]","k=9, n_clusters=5"
Feature agglomeration + KNN,67.45245273318142%, 14/19,RH,"[2, 36, 36, 36, 37, 6]","k=9, n_clusters=5"
Feature agglomeration + KNN,69.56794939494814%, 16/19,RH,"[2, 36, 36, 36, 37, 7]","k=9, n_clusters=5"
Feature agglomeration + KNN,64.87122891214199%, 14/19,RH,"[2, 36, 36, 36, 37, 8]","k=9, n_clusters=5"
Feature agglomeration + KNN,67.63741923516677%, 16/19,RH,"[2, 36, 36, 36, 37, 9]","k=9, n_clusters=5"
Feature agglomeration + KNN,66.66967926840476%, 15/19,RH,"[2, 36, 36, 36, 37, 10]","k=9, n_clusters=5"
Feature agglomeration + KNN,70.41997235401206%, 16/19,RH,"[2, 36, 36, 36, 37, 11]","k=9, n_clusters=5"
Feature agglomeration + KNN,66.56178277729215%, 14/19,RH,"[2, 36, 36, 36, 37, 12]","k=9, n_clusters=5"
Feature agglomeration + KNN,69.72690352972363%, 15/19,RH,"[2, 36, 36, 36, 37, 13]","k=9, n_clusters=5"
Feature agglomeration + KNN,67.34098533588092%, 14/19,RH,"[2, 36, 36, 36, 37, 14]","k=9, n_clusters=5"
Feature agglomeration + KNN,67.89866682074589%, 14/19,RH,"[2, 36, 36, 36, 37, 15]","k=9, n_clusters=5"
Feature agglomeration + KNN,69.19529885459886%, 15/19,RH,"[2, 36, 36, 36, 37, 16]","k=9, n_clusters=5"
Feature agglomeration + KNN,66.78902421756%, 14/19,RH,"[2, 36, 36, 36, 37, 17]","k=9, n_clusters=5"
Feature agglomeration + KNN,70.06889891788553%, 16/19,RH,"[2, 36, 36, 36, 37, 18]","k=9, n_clusters=5"
Feature agglomeration + KNN,69.35942513524941%, 14/19,RH,"[2, 36, 36, 36, 37, 19]","k=9, n_clusters=5"
Feature agglomeration + KNN,70.06714011430066%, 16/19,RH,"[2, 36, 36, 36, 37, 20]","k=9, n_clusters=5"
Feature agglomeration + KNN,67.44362039394768%, 14/19,RH,"[2, 36, 36, 36, 37, 21]","k=9, n_clusters=5"
Feature agglomeration + KNN,67.72848810147896%, 14/19,RH,"[2, 36, 36, 36, 37, 22]","k=9, n_clusters=5"
Feature agglomeration + KNN,66.52331122100608%, 14/19,RH,"[2, 36, 36, 36, 37, 23]","k=9, n_clusters=5"
Feature agglomeration + KNN,66.94261060387664%, 13/19,RH,"[2, 36, 36, 36, 37, 24]","k=9, n_clusters=5"
Feature agglomeration + KNN,68.8637485122508%, 15/19,RH,"[2, 36, 36, 36, 37, 25]","k=9, n_clusters=5"
Feature agglomeration + KNN,64.20321793243234%, 13/19,RH,"[2, 36, 36, 36, 37, 26]","k=9, n_clusters=5"
Feature agglomeration + KNN,67.00492708614053%, 15/19,RH,"[2, 36, 36, 36, 37, 27]","k=9, n_clusters=5"
Feature agglomeration + KNN,67.41505471335587%, 15/19,RH,"[2, 36, 36, 36, 37, 28]","k=9, n_clusters=5"
Feature agglomeration + KNN,69.05625887488756%, 16/19,RH,"[2, 36, 36, 36, 37, 29]","k=9, n_clusters=5"
Feature agglomeration + KNN,67.02829208869927%, 16/19,RH,"[2, 36, 36, 36, 37, 30]","k=9, n_clusters=5"
Feature agglomeration + KNN,68.73901550515757%, 15/19,RH,"[2, 36, 36, 36, 37, 31]","k=9, n_clusters=5"
Feature agglomeration + KNN,67.92146362906493%, 15/19,RH,"[2, 36, 36, 36, 37, 32]","k=9, n_clusters=5"
Feature agglomeration + KNN,69.7254273060443%, 15/19,RH,"[2, 36, 36, 36, 37, 33]","k=9, n_clusters=5"
Feature agglomeration + KNN,69.17009481961077%, 14/19,RH,"[2, 36, 36, 36, 37, 34]","k=9, n_clusters=5"
Feature agglomeration + KNN,69.20607498437408%, 15/19,RH,"[2, 36, 36, 36, 37, 35]","k=9, n_clusters=5"
Feature agglomeration + KNN,70.46673858861972%, 16/19,RH,"[2, 36, 36, 36, 37, 36]","k=9, n_clusters=5"
Feature agglomeration + KNN,70.56642186929771%, 15/19,RH,"[2, 36, 36, 36, 37, 37]","k=9, n_clusters=5"
Feature agglomeration + KNN,69.44004722570952%, 16/19,RH,"[2, 36, 36, 36, 37, 38]","k=9, n_clusters=5"
Feature agglomeration + KNN,68.52234890232465%, 14/19,RH,"[2, 36, 36, 36, 37, 39]","k=9, n_clusters=5"
Feature agglomeration + KNN,67.53277641488775%, 13/19,RH,"[2, 36, 36, 36, 37, 40]","k=9, n_clusters=5"
Feature agglomeration + KNN,66.79891027667854%, 15/19,RH,"[2, 36, 36, 36, 37, 41]","k=9, n_clusters=5"
Feature agglomeration + KNN,64.93986581582621%, 13/19,RH,"[2, 36, 36, 36, 37, 42]","k=9, n_clusters=5"
Feature agglomeration + KNN,67.70426121490173%, 14/19,RH,"[2, 36, 36, 36, 37, 43]","k=9, n_clusters=5"
Feature agglomeration + KNN,64.2251116742479%, 11/19,RH,"[2, 36, 36, 36, 37, 44]","k=9, n_clusters=5"
Feature agglomeration + KNN,66.99916456275456%, 16/19,RH,"[2, 36, 36, 36, 37, 45]","k=9, n_clusters=5"
Feature agglomeration + KNN,67.78798032096411%, 16/19,RH,"[2, 36, 36, 36, 37, 46]","k=9, n_clusters=5"
Feature agglomeration + KNN,68.39856438830147%, 16/19,RH,"[2, 36, 36, 36, 37, 47]","k=9, n_clusters=5"
Feature agglomeration + KNN,68.96923649864615%, 15/19,RH,"[2, 36, 36, 36, 37, 48]","k=9, n_clusters=5"
Feature agglomeration + KNN,69.23347127318965%, 15/19,RH,"[2, 36, 36, 36, 37, 49]","k=9, n_clusters=5"
Feature agglomeration + KNN,68.32217561005075%, 15/19,RH,"[2, 36, 36, 36, 37, 50]","k=9, n_clusters=5"
Feature agglomeration + KNN,69.12650082295532%, 16/19,RH,"[2, 36, 36, 36, 37, 51]","k=9, n_clusters=5"
Feature agglomeration + KNN,68.00785132046391%, 15/19,RH,"[2, 36, 36, 36, 37, 52]","k=9, n_clusters=5"
Feature agglomeration + KNN,67.67710106049051%, 15/19,RH,"[2, 36, 36, 36, 37, 53]","k=9, n_clusters=5"
Feature agglomeration + KNN,65.31810244173874%, 15/19,RH,"[2, 36, 36, 36, 37, 54]","k=9, n_clusters=5"
Feature agglomeration + KNN,66.1348196110837%, 14/19,RH,"[2, 36, 36, 36, 37, 55]","k=9, n_clusters=5"
Feature agglomeration + KNN,64.93917044808526%, 12/19,RH,"[2, 36, 36, 36, 37, 56]","k=9, n_clusters=5"
Feature agglomeration + KNN,66.9504610500041%, 15/19,RH,"[2, 36, 36, 36, 37, 57]","k=9, n_clusters=5"
Feature agglomeration + KNN,65.05959199212545%, 12/19,RH,"[2, 36, 36, 36, 37, 58]","k=9, n_clusters=5"
Feature agglomeration + KNN,66.47189570622282%, 16/19,RH,"[2, 36, 36, 36, 37, 59]","k=9, n_clusters=5"
Feature agglomeration + KNN,66.54916787898672%, 16/19,RH,"[2, 36, 36, 36, 37, 60]","k=9, n_clusters=5"
Feature agglomeration + KNN,69.40163997711153%, 16/19,RH,"[2, 36, 36, 36, 36, 37, 0]","k=9, n_clusters=5"
Feature agglomeration + KNN,68.54130760263868%, 15/19,RH,"[2, 36, 36, 36, 36, 37, 1]","k=9, n_clusters=5"
Feature agglomeration + KNN,69.86761761423101%, 16/19,RH,"[2, 36, 36, 36, 36, 37, 2]","k=9, n_clusters=5"
Feature agglomeration + KNN,67.6178101028608%, 15/19,RH,"[2, 36, 36, 36, 36, 37, 3]","k=9, n_clusters=5"
Feature agglomeration + KNN,67.87880469975298%, 14/19,RH,"[2, 36, 36, 36, 36, 37, 4]","k=9, n_clusters=5"
Feature agglomeration + KNN,68.12497198799811%, 14/19,RH,"[2, 36, 36, 36, 36, 37, 5]","k=9, n_clusters=5"
Feature agglomeration + KNN,67.55575426415203%, 14/19,RH,"[2, 36, 36, 36, 36, 37, 6]","k=9, n_clusters=5"
Feature agglomeration + KNN,70.15757156795598%, 16/19,RH,"[2, 36, 36, 36, 36, 37, 7]","k=9, n_clusters=5"
Feature agglomeration + KNN,65.47276291840718%, 15/19,RH,"[2, 36, 36, 36, 36, 37, 8]","k=9, n_clusters=5"
Feature agglomeration + KNN,68.26528261091678%, 16/19,RH,"[2, 36, 36, 36, 36, 37, 9]","k=9, n_clusters=5"
Feature agglomeration + KNN,66.94656194982592%, 15/19,RH,"[2, 36, 36, 36, 36, 37, 10]","k=9, n_clusters=5"
Feature agglomeration + KNN,69.79562188160345%, 16/19,RH,"[2, 36, 36, 36, 36, 37, 11]","k=9, n_clusters=5"
Feature agglomeration + KNN,65.82413972836339%, 15/19,RH,"[2, 36, 36, 36, 36, 37, 12]","k=9, n_clusters=5"
Feature agglomeration + KNN,70.23804725478743%, 14/19,RH,"[2, 36, 36, 36, 36, 37, 13]","k=9, n_clusters=5"
Feature agglomeration + KNN,68.2010452090095%, 14/19,RH,"[2, 36, 36, 36, 36, 37, 14]","k=9, n_clusters=5"
Feature agglomeration + KNN,69.01076195037527%, 14/19,RH,"[2, 36, 36, 36, 36, 37, 15]","k=9, n_clusters=5"
Feature agglomeration + KNN,69.59623294082257%, 15/19,RH,"[2, 36, 36, 36, 36, 37, 16]","k=9, n_clusters=5"
Feature agglomeration + KNN,67.0247667680402%, 14/19,RH,"[2, 36, 36, 36, 36, 37, 17]","k=9, n_clusters=5"
Feature agglomeration + KNN,70.41066237614532%, 16/19,RH,"[2, 36, 36, 36, 36, 37, 18]","k=9, n_clusters=5"
Feature agglomeration + KNN,69.68193985250099%, 15/19,RH,"[2, 36, 36, 36, 36, 37, 19]","k=9, n_clusters=5"
Feature agglomeration + KNN,70.43240622909546%, 16/19,RH,"[2, 36, 36, 36, 36, 37, 20]","k=9, n_clusters=5"
Feature agglomeration + KNN,68.81188776432282%, 14/19,RH,"[2, 36, 36, 36, 36, 37, 21]","k=9, n_clusters=5"
Feature agglomeration + KNN,67.90153830925705%, 13/19,RH,"[2, 36, 36, 36, 36, 37, 22]","k=9, n_clusters=5"
Feature agglomeration + KNN,67.77502251502435%, 14/19,RH,"[2, 36, 36, 36, 36, 37, 23]","k=9, n_clusters=5"
Feature agglomeration + KNN,66.62641031518895%, 13/19,RH,"[2, 36, 36, 36, 36, 37, 24]","k=9, n_clusters=5"
Feature agglomeration + KNN,70.1858958584556%, 16/19,RH,"[2, 36, 36, 36, 36, 37, 25]","k=9, n_clusters=5"
Feature agglomeration + KNN,65.64350373717807%, 14/19,RH,"[2, 36, 36, 36, 36, 37, 26]","k=9, n_clusters=5"
Feature agglomeration + KNN,68.04552285019365%, 16/19,RH,"[2, 36, 36, 36, 36, 37, 27]","k=9, n_clusters=5"
Feature agglomeration + KNN,67.23694125883742%, 16/19,RH,"[2, 36, 36, 36, 36, 37, 28]","k=9, n_clusters=5"
Feature agglomeration + KNN,68.52364840526344%, 15/19,RH,"[2, 36, 36, 36, 36, 37, 29]","k=9, n_clusters=5"
Feature agglomeration + KNN,66.08774253501629%, 15/19,RH,"[2, 36, 36, 36, 36, 37, 30]","k=9, n_clusters=5"
Feature agglomeration + KNN,69.49929395444079%, 16/19,RH,"[2, 36, 36, 36, 36, 37, 31]","k=9, n_clusters=5"
Feature agglomeration + KNN,68.19877183435098%, 15/19,RH,"[2, 36, 36, 36, 36, 37, 32]","k=9, n_clusters=5"
Feature agglomeration + KNN,70.20018469175533%, 15/19,RH,"[2, 36, 36, 36, 36, 37, 33]","k=9, n_clusters=5"
Feature agglomeration + KNN,69.01627458346695%, 14/19,RH,"[2, 36, 36, 36, 36, 37, 34]","k=9, n_clusters=5"
Feature agglomeration + KNN,68.97426888966672%, 15/19,RH,"[2, 36, 36, 36, 36, 37, 35]","k=9, n_clusters=5"
Feature agglomeration + KNN,70.36561671640897%, 16/19,RH,"[2, 36, 36, 36, 36, 37, 36]","k=9, n_clusters=5"
Feature agglomeration + KNN,71.39039379278167%, 16/19,RH,"[2, 36, 36, 36, 36, 37, 37]","k=9, n_clusters=5"
Feature agglomeration + KNN,68.41438590818652%, 16/19,RH,"[2, 36, 36, 36, 36, 37, 38]","k=9, n_clusters=5"
Feature agglomeration + KNN,68.81317741297401%, 14/19,RH,"[2, 36, 36, 36, 36, 37, 39]","k=9, n_clusters=5"
Feature agglomeration + KNN,68.06283511528325%, 15/19,RH,"[2, 36, 36, 36, 36, 37, 40]","k=9, n_clusters=5"
Feature agglomeration + KNN,68.00142476290783%, 14/19,RH,"[2, 36, 36, 36, 36, 37, 41]","k=9, n_clusters=5"
Feature agglomeration + KNN,65.04898619779698%, 13/19,RH,"[2, 36, 36, 36, 36, 37, 42]","k=9, n_clusters=5"
Feature agglomeration + KNN,68.06548313147938%, 15/19,RH,"[2, 36, 36, 36, 36, 37, 43]","k=9, n_clusters=5"
Feature agglomeration + KNN,64.82668947717087%, 12/19,RH,"[2, 36, 36, 36, 36, 37, 44]","k=9, n_clusters=5"
Feature agglomeration + KNN,68.06992424523132%, 16/19,RH,"[2, 36, 36, 36, 36, 37, 45]","k=9, n_clusters=5"
Feature agglomeration + KNN,68.82594195999798%, 16/19,RH,"[2, 36, 36, 36, 36, 37, 46]","k=9, n_clusters=5"
Feature agglomeration + KNN,68.68533424942851%, 15/19,RH,"[2, 36, 36, 36, 36, 37, 47]","k=9, n_clusters=5"
Feature agglomeration + KNN,69.08517178336547%, 15/19,RH,"[2, 36, 36, 36, 36, 37, 48]","k=9, n_clusters=5"
Feature agglomeration + KNN,69.73604383736077%, 15/19,RH,"[2, 36, 36, 36, 36, 37, 49]","k=9, n_clusters=5"
Feature agglomeration + KNN,68.06396739358482%, 15/19,RH,"[2, 36, 36, 36, 36, 37, 50]","k=9, n_clusters=5"
Feature agglomeration + KNN,69.25372817817724%, 16/19,RH,"[2, 36, 36, 36, 36, 37, 51]","k=9, n_clusters=5"
Feature agglomeration + KNN,68.00677577701958%, 16/19,RH,"[2, 36, 36, 36, 36, 37, 52]","k=9, n_clusters=5"
Feature agglomeration + KNN,68.57450324746823%, 15/19,RH,"[2, 36, 36, 36, 36, 37, 53]","k=9, n_clusters=5"
Feature agglomeration + KNN,66.4415999228413%, 15/19,RH,"[2, 36, 36, 36, 36, 37, 54]","k=9, n_clusters=5"
Feature agglomeration + KNN,66.82535081640803%, 14/19,RH,"[2, 36, 36, 36, 36, 37, 55]","k=9, n_clusters=5"
Feature agglomeration + KNN,65.95138501521267%, 16/19,RH,"[2, 36, 36, 36, 36, 37, 56]","k=9, n_clusters=5"
Feature agglomeration + KNN,67.32111473927071%, 15/19,RH,"[2, 36, 36, 36, 36, 37, 57]","k=9, n_clusters=5"
Feature agglomeration + KNN,65.54363808629091%, 14/19,RH,"[2, 36, 36, 36, 36, 37, 58]","k=9, n_clusters=5"
Feature agglomeration + KNN,66.49892188866696%, 15/19,RH,"[2, 36, 36, 36, 36, 37, 59]","k=9, n_clusters=5"
Feature agglomeration + KNN,67.33989701769211%, 16/19,RH,"[2, 36, 36, 36, 36, 37, 60]","k=9, n_clusters=5"
Feature agglomeration + KNN,68.76926385150539%, 16/19,RH,"[2, 36, 36, 36, 36, 37, 37, 0]","k=9, n_clusters=5"
Feature agglomeration + KNN,67.93004154089107%, 15/19,RH,"[2, 36, 36, 36, 36, 37, 37, 1]","k=9, n_clusters=5"
Feature agglomeration + KNN,69.76898998308103%, 15/19,RH,"[2, 36, 36, 36, 36, 37, 37, 2]","k=9, n_clusters=5"
Feature agglomeration + KNN,66.939880915119%, 14/19,RH,"[2, 36, 36, 36, 36, 37, 37, 3]","k=9, n_clusters=5"
Feature agglomeration + KNN,69.6193932533279%, 15/19,RH,"[2, 36, 36, 36, 36, 37, 37, 4]","k=9, n_clusters=5"
Feature agglomeration + KNN,68.27593423115484%, 14/19,RH,"[2, 36, 36, 36, 36, 37, 37, 5]","k=9, n_clusters=5"
Feature agglomeration + KNN,68.29627373857285%, 14/19,RH,"[2, 36, 36, 36, 36, 37, 37, 6]","k=9, n_clusters=5"
Feature agglomeration + KNN,69.71918509216079%, 16/19,RH,"[2, 36, 36, 36, 36, 37, 37, 7]","k=9, n_clusters=5"
Feature agglomeration + KNN,66.30617587501018%, 14/19,RH,"[2, 36, 36, 36, 36, 37, 37, 8]","k=9, n_clusters=5"
Feature agglomeration + KNN,68.05157470669965%, 15/19,RH,"[2, 36, 36, 36, 36, 37, 37, 9]","k=9, n_clusters=5"
Feature agglomeration + KNN,66.96282604889275%, 15/19,RH,"[2, 36, 36, 36, 36, 37, 37, 10]","k=9, n_clusters=5"
Feature agglomeration + KNN,70.0285183085279%, 16/19,RH,"[2, 36, 36, 36, 36, 37, 37, 11]","k=9, n_clusters=5"
Feature agglomeration + KNN,66.24022465895824%, 15/19,RH,"[2, 36, 36, 36, 36, 37, 37, 12]","k=9, n_clusters=5"
Feature agglomeration + KNN,69.38568182903757%, 14/19,RH,"[2, 36, 36, 36, 36, 37, 37, 13]","k=9, n_clusters=5"
Feature agglomeration + KNN,67.53896656452412%, 14/19,RH,"[2, 36, 36, 36, 36, 37, 37, 14]","k=9, n_clusters=5"
Feature agglomeration + KNN,68.01621351777725%, 14/19,RH,"[2, 36, 36, 36, 36, 37, 37, 15]","k=9, n_clusters=5"
Feature agglomeration + KNN,69.76493069412277%, 16/19,RH,"[2, 36, 36, 36, 36, 37, 37, 16]","k=9, n_clusters=5"
Feature agglomeration + KNN,67.45347998404529%, 14/19,RH,"[2, 36, 36, 36, 36, 37, 37, 17]","k=9, n_clusters=5"
Feature agglomeration + KNN,70.06198694118055%, 16/19,RH,"[2, 36, 36, 36, 36, 37, 37, 18]","k=9, n_clusters=5"
Feature agglomeration + KNN,69.48498125901847%, 15/19,RH,"[2, 36, 36, 36, 36, 37, 37, 19]","k=9, n_clusters=5"
Feature agglomeration + KNN,69.84465227604693%, 14/19,RH,"[2, 36, 36, 36, 36, 37, 37, 20]","k=9, n_clusters=5"
Feature agglomeration + KNN,68.41463910134003%, 14/19,RH,"[2, 36, 36, 36, 36, 37, 37, 21]","k=9, n_clusters=5"
Feature agglomeration + KNN,68.37241581883536%, 14/19,RH,"[2, 36, 36, 36, 36, 37, 37, 22]","k=9, n_clusters=5"
Feature agglomeration + KNN,67.51488718410683%, 14/19,RH,"[2, 36, 36, 36, 36, 37, 37, 23]","k=9, n_clusters=5"
Feature agglomeration + KNN,66.98176443289397%, 14/19,RH,"[2, 36, 36, 36, 36, 37, 37, 24]","k=9, n_clusters=5"
Feature agglomeration + KNN,68.81693942800977%, 16/19,RH,"[2, 36, 36, 36, 36, 37, 37, 25]","k=9, n_clusters=5"
Feature agglomeration + KNN,64.08705199248273%, 13/19,RH,"[2, 36, 36, 36, 36, 37, 37, 26]","k=9, n_clusters=5"
Feature agglomeration + KNN,68.04093849268918%, 15/19,RH,"[2, 36, 36, 36, 36, 37, 37, 27]","k=9, n_clusters=5"
Feature agglomeration + KNN,66.97123124240679%, 15/19,RH,"[2, 36, 36, 36, 36, 37, 37, 28]","k=9, n_clusters=5"
Feature agglomeration + KNN,67.3995527249945%, 15/19,RH,"[2, 36, 36, 36, 36, 37, 37, 29]","k=9, n_clusters=5"
Feature agglomeration + KNN,67.72931990411566%, 15/19,RH,"[2, 36, 36, 36, 36, 37, 37, 30]","k=9, n_clusters=5"
Feature agglomeration + KNN,68.8894016469764%, 15/19,RH,"[2, 36, 36, 36, 36, 37, 37, 31]","k=9, n_clusters=5"
Feature agglomeration + KNN,67.5621976836539%, 15/19,RH,"[2, 36, 36, 36, 36, 37, 37, 32]","k=9, n_clusters=5"
Feature agglomeration + KNN,69.55536926908835%, 15/19,RH,"[2, 36, 36, 36, 36, 37, 37, 33]","k=9, n_clusters=5"
Feature agglomeration + KNN,69.06643827548248%, 14/19,RH,"[2, 36, 36, 36, 36, 37, 37, 34]","k=9, n_clusters=5"
Feature agglomeration + KNN,68.81460575131693%, 15/19,RH,"[2, 36, 36, 36, 36, 37, 37, 35]","k=9, n_clusters=5"
Feature agglomeration + KNN,70.45109956758101%, 16/19,RH,"[2, 36, 36, 36, 36, 37, 37, 36]","k=9, n_clusters=5"
Feature agglomeration + KNN,68.67985156092637%, 14/19,RH,"[2, 36, 36, 36, 36, 37, 37, 37]","k=9, n_clusters=5"
Feature agglomeration + KNN,68.2961002672591%, 14/19,RH,"[2, 36, 36, 36, 36, 37, 37, 38]","k=9, n_clusters=5"
Feature agglomeration + KNN,68.4689618766254%, 14/19,RH,"[2, 36, 36, 36, 36, 37, 37, 39]","k=9, n_clusters=5"
Feature agglomeration + KNN,67.63401317883375%, 14/19,RH,"[2, 36, 36, 36, 36, 37, 37, 40]","k=9, n_clusters=5"
Feature agglomeration + KNN,66.44969518717417%, 14/19,RH,"[2, 36, 36, 36, 36, 37, 37, 41]","k=9, n_clusters=5"
Feature agglomeration + KNN,64.72909656600005%, 14/19,RH,"[2, 36, 36, 36, 36, 37, 37, 42]","k=9, n_clusters=5"
Feature agglomeration + KNN,67.47968114932401%, 14/19,RH,"[2, 36, 36, 36, 36, 37, 37, 43]","k=9, n_clusters=5"
Feature agglomeration + KNN,63.684546884054946%, 12/19,RH,"[2, 36, 36, 36, 36, 37, 37, 44]","k=9, n_clusters=5"
Feature agglomeration + KNN,68.09116605458495%, 15/19,RH,"[2, 36, 36, 36, 36, 37, 37, 45]","k=9, n_clusters=5"
Feature agglomeration + KNN,68.27747641200132%, 14/19,RH,"[2, 36, 36, 36, 36, 37, 37, 46]","k=9, n_clusters=5"
Feature agglomeration + KNN,68.49529385638292%, 15/19,RH,"[2, 36, 36, 36, 36, 37, 37, 47]","k=9, n_clusters=5"
Feature agglomeration + KNN,68.34943256856721%, 15/19,RH,"[2, 36, 36, 36, 36, 37, 37, 48]","k=9, n_clusters=5"
Feature agglomeration + KNN,68.89355901961845%, 15/19,RH,"[2, 36, 36, 36, 36, 37, 37, 49]","k=9, n_clusters=5"
Feature agglomeration + KNN,67.8768592699213%, 14/19,RH,"[2, 36, 36, 36, 36, 37, 37, 50]","k=9, n_clusters=5"
Feature agglomeration + KNN,69.47708570726725%, 15/19,RH,"[2, 36, 36, 36, 36, 37, 37, 51]","k=9, n_clusters=5"
Feature agglomeration + KNN,67.29865778078724%, 15/19,RH,"[2, 36, 36, 36, 36, 37, 37, 52]","k=9, n_clusters=5"
Feature agglomeration + KNN,67.90255810831599%, 15/19,RH,"[2, 36, 36, 36, 36, 37, 37, 53]","k=9, n_clusters=5"
Feature agglomeration + KNN,66.25807319444051%, 14/19,RH,"[2, 36, 36, 36, 36, 37, 37, 54]","k=9, n_clusters=5"
Feature agglomeration + KNN,66.59558653581679%, 14/19,RH,"[2, 36, 36, 36, 36, 37, 37, 55]","k=9, n_clusters=5"
Feature agglomeration + KNN,65.60052037889183%, 13/19,RH,"[2, 36, 36, 36, 36, 37, 37, 56]","k=9, n_clusters=5"
Feature agglomeration + KNN,68.32778833784097%, 15/19,RH,"[2, 36, 36, 36, 36, 37, 37, 57]","k=9, n_clusters=5"
Feature agglomeration + KNN,66.16770092215019%, 13/19,RH,"[2, 36, 36, 36, 36, 37, 37, 58]","k=9, n_clusters=5"
Feature agglomeration + KNN,66.5370936869723%, 15/19,RH,"[2, 36, 36, 36, 36, 37, 37, 59]","k=9, n_clusters=5"
Feature agglomeration + KNN,67.24237579672871%, 15/19,RH,"[2, 36, 36, 36, 36, 37, 37, 60]","k=9, n_clusters=5"
Feature agglomeration + KNN,69.05393713631396%, 16/19,RH,"[2, 36, 36, 36, 36, 36, 37, 37, 0]","k=9, n_clusters=5"
Feature agglomeration + KNN,68.1207328144962%, 15/19,RH,"[2, 36, 36, 36, 36, 36, 37, 37, 1]","k=9, n_clusters=5"
Feature agglomeration + KNN,70.38452194672689%, 16/19,RH,"[2, 36, 36, 36, 36, 36, 37, 37, 2]","k=9, n_clusters=5"
Feature agglomeration + KNN,67.55667361620613%, 14/19,RH,"[2, 36, 36, 36, 36, 36, 37, 37, 3]","k=9, n_clusters=5"
Feature agglomeration + KNN,69.38404957212265%, 15/19,RH,"[2, 36, 36, 36, 36, 36, 37, 37, 4]","k=9, n_clusters=5"
Feature agglomeration + KNN,68.45754932159879%, 14/19,RH,"[2, 36, 36, 36, 36, 36, 37, 37, 5]","k=9, n_clusters=5"
Feature agglomeration + KNN,67.99839333776954%, 14/19,RH,"[2, 36, 36, 36, 36, 36, 37, 37, 6]","k=9, n_clusters=5"
Feature agglomeration + KNN,70.43412046121782%, 16/19,RH,"[2, 36, 36, 36, 36, 36, 37, 37, 7]","k=9, n_clusters=5"
Feature agglomeration + KNN,66.79436291357284%, 15/19,RH,"[2, 36, 36, 36, 36, 36, 37, 37, 8]","k=9, n_clusters=5"
Feature agglomeration + KNN,68.21724719193745%, 15/19,RH,"[2, 36, 36, 36, 36, 36, 37, 37, 9]","k=9, n_clusters=5"
Feature agglomeration + KNN,67.58762705272386%, 16/19,RH,"[2, 36, 36, 36, 36, 36, 37, 37, 10]","k=9, n_clusters=5"
Feature agglomeration + KNN,69.47529490044957%, 16/19,RH,"[2, 36, 36, 36, 36, 36, 37, 37, 11]","k=9, n_clusters=5"
Feature agglomeration + KNN,68.06348077484765%, 15/19,RH,"[2, 36, 36, 36, 36, 36, 37, 37, 12]","k=9, n_clusters=5"
Feature agglomeration + KNN,70.70047760070321%, 16/19,RH,"[2, 36, 36, 36, 36, 36, 37, 37, 13]","k=9, n_clusters=5"
Feature agglomeration + KNN,67.88949571843075%, 15/19,RH,"[2, 36, 36, 36, 36, 36, 37, 37, 14]","k=9, n_clusters=5"
Feature agglomeration + KNN,68.75478302007775%, 14/19,RH,"[2, 36, 36, 36, 36, 36, 37, 37, 15]","k=9, n_clusters=5"
Feature agglomeration + KNN,69.62041540357198%, 15/19,RH,"[2, 36, 36, 36, 36, 36, 37, 37, 16]","k=9, n_clusters=5"
Feature agglomeration + KNN,67.15052328600785%, 14/19,RH,"[2, 36, 36, 36, 36, 36, 37, 37, 17]","k=9, n_clusters=5"
Feature agglomeration + KNN,70.29777528669761%, 16/19,RH,"[2, 36, 36, 36, 36, 36, 37, 37, 18]","k=9, n_clusters=5"
Feature agglomeration + KNN,69.65869230260162%, 15/19,RH,"[2, 36, 36, 36, 36, 36, 37, 37, 19]","k=9, n_clusters=5"
Feature agglomeration + KNN,70.63271561801493%, 16/19,RH,"[2, 36, 36, 36, 36, 36, 37, 37, 20]","k=9, n_clusters=5"
Feature agglomeration + KNN,69.49049903228234%, 14/19,RH,"[2, 36, 36, 36, 36, 36, 37, 37, 21]","k=9, n_clusters=5"
Feature agglomeration + KNN,69.2674671330341%, 14/19,RH,"[2, 36, 36, 36, 36, 36, 37, 37, 22]","k=9, n_clusters=5"
Feature agglomeration + KNN,67.62796171114792%, 14/19,RH,"[2, 36, 36, 36, 36, 36, 37, 37, 23]","k=9, n_clusters=5"
Feature agglomeration + KNN,67.62990914336274%, 15/19,RH,"[2, 36, 36, 36, 36, 36, 37, 37, 24]","k=9, n_clusters=5"
Feature agglomeration + KNN,68.805827296208%, 16/19,RH,"[2, 36, 36, 36, 36, 36, 37, 37, 25]","k=9, n_clusters=5"
Feature agglomeration + KNN,64.64390474638785%, 14/19,RH,"[2, 36, 36, 36, 36, 36, 37, 37, 26]","k=9, n_clusters=5"
Feature agglomeration + KNN,67.94406676530004%, 15/19,RH,"[2, 36, 36, 36, 36, 36, 37, 37, 27]","k=9, n_clusters=5"
Feature agglomeration + KNN,67.09330274479439%, 15/19,RH,"[2, 36, 36, 36, 36, 36, 37, 37, 28]","k=9, n_clusters=5"
Feature agglomeration + KNN,68.51192367652266%, 15/19,RH,"[2, 36, 36, 36, 36, 36, 37, 37, 29]","k=9, n_clusters=5"
Feature agglomeration + KNN,68.45548065463404%, 15/19,RH,"[2, 36, 36, 36, 36, 36, 37, 37, 30]","k=9, n_clusters=5"
Feature agglomeration + KNN,68.68125839547727%, 15/19,RH,"[2, 36, 36, 36, 36, 36, 37, 37, 31]","k=9, n_clusters=5"
Feature agglomeration + KNN,67.85649187105265%, 14/19,RH,"[2, 36, 36, 36, 36, 36, 37, 37, 32]","k=9, n_clusters=5"
Feature agglomeration + KNN,70.33058950088108%, 15/19,RH,"[2, 36, 36, 36, 36, 36, 37, 37, 33]","k=9, n_clusters=5"
Feature agglomeration + KNN,69.89015611905657%, 15/19,RH,"[2, 36, 36, 36, 36, 36, 37, 37, 34]","k=9, n_clusters=5"
Feature agglomeration + KNN,68.64348599957147%, 14/19,RH,"[2, 36, 36, 36, 36, 36, 37, 37, 35]","k=9, n_clusters=5"
Feature agglomeration + KNN,69.99810801272007%, 16/19,RH,"[2, 36, 36, 36, 36, 36, 37, 37, 36]","k=9, n_clusters=5"
Feature agglomeration + KNN,69.46866444436048%, 14/19,RH,"[2, 36, 36, 36, 36, 36, 37, 37, 37]","k=9, n_clusters=5"
Feature agglomeration + KNN,68.80045768870507%, 15/19,RH,"[2, 36, 36, 36, 36, 36, 37, 37, 38]","k=9, n_clusters=5"
Feature agglomeration + KNN,68.51854549738063%, 14/19,RH,"[2, 36, 36, 36, 36, 36, 37, 37, 39]","k=9, n_clusters=5"
Feature agglomeration + KNN,68.12893033799043%, 14/19,RH,"[2, 36, 36, 36, 36, 36, 37, 37, 40]","k=9, n_clusters=5"
Feature agglomeration + KNN,67.57498921338605%, 14/19,RH,"[2, 36, 36, 36, 36, 36, 37, 37, 41]","k=9, n_clusters=5"
Feature agglomeration + KNN,65.44131950374313%, 14/19,RH,"[2, 36, 36, 36, 36, 36, 37, 37, 42]","k=9, n_clusters=5"
Feature agglomeration + KNN,68.09870042485016%, 16/19,RH,"[2, 36, 36, 36, 36, 36, 37, 37, 43]","k=9, n_clusters=5"
Feature agglomeration + KNN,64.48808758676223%, 13/19,RH,"[2, 36, 36, 36, 36, 36, 37, 37, 44]","k=9, n_clusters=5"
Feature agglomeration + KNN,68.57276178706144%, 15/19,RH,"[2, 36, 36, 36, 36, 36, 37, 37, 45]","k=9, n_clusters=5"
Feature agglomeration + KNN,67.99765397069932%, 14/19,RH,"[2, 36, 36, 36, 36, 36, 37, 37, 46]","k=9, n_clusters=5"
Feature agglomeration + KNN,69.41284077356768%, 16/19,RH,"[2, 36, 36, 36, 36, 36, 37, 37, 47]","k=9, n_clusters=5"
Feature agglomeration + KNN,68.3532947751266%, 15/19,RH,"[2, 36, 36, 36, 36, 36, 37, 37, 48]","k=9, n_clusters=5"
Feature agglomeration + KNN,70.53340898438007%, 15/19,RH,"[2, 36, 36, 36, 36, 36, 37, 37, 49]","k=9, n_clusters=5"
Feature agglomeration + KNN,68.10418081973066%, 14/19,RH,"[2, 36, 36, 36, 36, 36, 37, 37, 50]","k=9, n_clusters=5"
Feature agglomeration + KNN,69.9019888802839%, 15/19,RH,"[2, 36, 36, 36, 36, 36, 37, 37, 51]","k=9, n_clusters=5"
Feature agglomeration + KNN,67.68727854029893%, 15/19,RH,"[2, 36, 36, 36, 36, 36, 37, 37, 52]","k=9, n_clusters=5"
Feature agglomeration + KNN,67.77259118795882%, 15/19,RH,"[2, 36, 36, 36, 36, 36, 37, 37, 53]","k=9, n_clusters=5"
Feature agglomeration + KNN,66.99780543064368%, 15/19,RH,"[2, 36, 36, 36, 36, 36, 37, 37, 54]","k=9, n_clusters=5"
Feature agglomeration + KNN,67.19140381290623%, 14/19,RH,"[2, 36, 36, 36, 36, 36, 37, 37, 55]","k=9, n_clusters=5"
Feature agglomeration + KNN,66.26291977385151%, 14/19,RH,"[2, 36, 36, 36, 36, 36, 37, 37, 56]","k=9, n_clusters=5"
Feature agglomeration + KNN,68.15224771178258%, 15/19,RH,"[2, 36, 36, 36, 36, 36, 37, 37, 57]","k=9, n_clusters=5"
Feature agglomeration + KNN,67.23587839364939%, 14/19,RH,"[2, 36, 36, 36, 36, 36, 37, 37, 58]","k=9, n_clusters=5"
Feature agglomeration + KNN,66.56631844087117%, 15/19,RH,"[2, 36, 36, 36, 36, 36, 37, 37, 59]","k=9, n_clusters=5"
Feature agglomeration + KNN,68.6146948043133%, 15/19,RH,"[2, 36, 36, 36, 36, 36, 37, 37, 60]","k=9, n_clusters=5"
Feature agglomeration + KNN,69.32045847912173%, 15/19,RH,"[2, 13, 36, 36, 36, 36, 36, 37, 37, 0]","k=9, n_clusters=5"
Feature agglomeration + KNN,68.69115071733432%, 14/19,RH,"[2, 13, 36, 36, 36, 36, 36, 37, 37, 1]","k=9, n_clusters=5"
Feature agglomeration + KNN,69.33799089375906%, 15/19,RH,"[2, 13, 36, 36, 36, 36, 36, 37, 37, 2]","k=9, n_clusters=5"
Feature agglomeration + KNN,66.43099722633472%, 14/19,RH,"[2, 13, 36, 36, 36, 36, 36, 37, 37, 3]","k=9, n_clusters=5"
Feature agglomeration + KNN,68.29150391316828%, 14/19,RH,"[2, 13, 36, 36, 36, 36, 36, 37, 37, 4]","k=9, n_clusters=5"
Feature agglomeration + KNN,68.23002962030567%, 14/19,RH,"[2, 13, 36, 36, 36, 36, 36, 37, 37, 5]","k=9, n_clusters=5"
Feature agglomeration + KNN,67.81311727416572%, 14/19,RH,"[2, 13, 36, 36, 36, 36, 36, 37, 37, 6]","k=9, n_clusters=5"
Feature agglomeration + KNN,68.56321632314281%, 15/19,RH,"[2, 13, 36, 36, 36, 36, 36, 37, 37, 7]","k=9, n_clusters=5"
Feature agglomeration + KNN,66.82519488904684%, 14/19,RH,"[2, 13, 36, 36, 36, 36, 36, 37, 37, 8]","k=9, n_clusters=5"
Feature agglomeration + KNN,67.991136271761%, 16/19,RH,"[2, 13, 36, 36, 36, 36, 36, 37, 37, 9]","k=9, n_clusters=5"
Feature agglomeration + KNN,66.5942813653733%, 14/19,RH,"[2, 13, 36, 36, 36, 36, 36, 37, 37, 10]","k=9, n_clusters=5"
Feature agglomeration + KNN,69.88107297184361%, 16/19,RH,"[2, 13, 36, 36, 36, 36, 36, 37, 37, 11]","k=9, n_clusters=5"
Feature agglomeration + KNN,66.61464480518312%, 14/19,RH,"[2, 13, 36, 36, 36, 36, 36, 37, 37, 12]","k=9, n_clusters=5"
Feature agglomeration + KNN,69.47718978882891%, 15/19,RH,"[2, 13, 36, 36, 36, 36, 36, 37, 37, 13]","k=9, n_clusters=5"
Feature agglomeration + KNN,68.14029385452748%, 14/19,RH,"[2, 13, 36, 36, 36, 36, 36, 37, 37, 14]","k=9, n_clusters=5"
Feature agglomeration + KNN,68.44600691746074%, 14/19,RH,"[2, 13, 36, 36, 36, 36, 36, 37, 37, 15]","k=9, n_clusters=5"
Feature agglomeration + KNN,69.32084735850532%, 14/19,RH,"[2, 13, 36, 36, 36, 36, 36, 37, 37, 16]","k=9, n_clusters=5"
Feature agglomeration + KNN,67.40146810234015%, 14/19,RH,"[2, 13, 36, 36, 36, 36, 36, 37, 37, 17]","k=9, n_clusters=5"
Feature agglomeration + KNN,70.01696344551875%, 15/19,RH,"[2, 13, 36, 36, 36, 36, 36, 37, 37, 18]","k=9, n_clusters=5"
Feature agglomeration + KNN,69.93145364212239%, 14/19,RH,"[2, 13, 36, 36, 36, 36, 36, 37, 37, 19]","k=9, n_clusters=5"
Feature agglomeration + KNN,70.01921267424841%, 15/19,RH,"[2, 13, 36, 36, 36, 36, 36, 37, 37, 20]","k=9, n_clusters=5"
Feature agglomeration + KNN,68.29278409284184%, 14/19,RH,"[2, 13, 36, 36, 36, 36, 36, 37, 37, 21]","k=9, n_clusters=5"
Feature agglomeration + KNN,69.2566790840352%, 15/19,RH,"[2, 13, 36, 36, 36, 36, 36, 37, 37, 22]","k=9, n_clusters=5"
Feature agglomeration + KNN,67.73092178279511%, 14/19,RH,"[2, 13, 36, 36, 36, 36, 36, 37, 37, 23]","k=9, n_clusters=5"
Feature agglomeration + KNN,66.74936641269737%, 14/19,RH,"[2, 13, 36, 36, 36, 36, 36, 37, 37, 24]","k=9, n_clusters=5"
Feature agglomeration + KNN,69.20067928939794%, 15/19,RH,"[2, 13, 36, 36, 36, 36, 36, 37, 37, 25]","k=9, n_clusters=5"
Feature agglomeration + KNN,65.61065063504479%, 14/19,RH,"[2, 13, 36, 36, 36, 36, 36, 37, 37, 26]","k=9, n_clusters=5"
Feature agglomeration + KNN,68.17305204421045%, 15/19,RH,"[2, 13, 36, 36, 36, 36, 36, 37, 37, 27]","k=9, n_clusters=5"
Feature agglomeration + KNN,66.99168625747967%, 14/19,RH,"[2, 13, 36, 36, 36, 36, 36, 37, 37, 28]","k=9, n_clusters=5"
Feature agglomeration + KNN,68.81374105645232%, 16/19,RH,"[2, 13, 36, 36, 36, 36, 36, 37, 37, 29]","k=9, n_clusters=5"
Feature agglomeration + KNN,66.95333141769007%, 14/19,RH,"[2, 13, 36, 36, 36, 36, 36, 37, 37, 30]","k=9, n_clusters=5"
Feature agglomeration + KNN,69.46730935711695%, 15/19,RH,"[2, 13, 36, 36, 36, 36, 36, 37, 37, 31]","k=9, n_clusters=5"
Feature agglomeration + KNN,68.08441868894114%, 14/19,RH,"[2, 13, 36, 36, 36, 36, 36, 37, 37, 32]","k=9, n_clusters=5"
Feature agglomeration + KNN,69.63727299603653%, 15/19,RH,"[2, 13, 36, 36, 36, 36, 36, 37, 37, 33]","k=9, n_clusters=5"
Feature agglomeration + KNN,69.14050347417657%, 15/19,RH,"[2, 13, 36, 36, 36, 36, 36, 37, 37, 34]","k=9, n_clusters=5"
Feature agglomeration + KNN,69.18487720984616%, 15/19,RH,"[2, 13, 36, 36, 36, 36, 36, 37, 37, 35]","k=9, n_clusters=5"
Feature agglomeration + KNN,70.73435471318422%, 15/19,RH,"[2, 13, 36, 36, 36, 36, 36, 37, 37, 36]","k=9, n_clusters=5"
Feature agglomeration + KNN,69.97762977735628%, 15/19,RH,"[2, 13, 36, 36, 36, 36, 36, 37, 37, 37]","k=9, n_clusters=5"
Feature agglomeration + KNN,69.45603277168487%, 15/19,RH,"[2, 13, 36, 36, 36, 36, 36, 37, 37, 38]","k=9, n_clusters=5"
Feature agglomeration + KNN,68.60574794181466%, 14/19,RH,"[2, 13, 36, 36, 36, 36, 36, 37, 37, 39]","k=9, n_clusters=5"
Feature agglomeration + KNN,68.01514989508985%, 14/19,RH,"[2, 13, 36, 36, 36, 36, 36, 37, 37, 40]","k=9, n_clusters=5"
Feature agglomeration + KNN,67.15025686660879%, 14/19,RH,"[2, 13, 36, 36, 36, 36, 36, 37, 37, 41]","k=9, n_clusters=5"
Feature agglomeration + KNN,65.74265801998028%, 13/19,RH,"[2, 13, 36, 36, 36, 36, 36, 37, 37, 42]","k=9, n_clusters=5"
Feature agglomeration + KNN,67.55666629275254%, 15/19,RH,"[2, 13, 36, 36, 36, 36, 36, 37, 37, 43]","k=9, n_clusters=5"
Feature agglomeration + KNN,64.87065101532255%, 12/19,RH,"[2, 13, 36, 36, 36, 36, 36, 37, 37, 44]","k=9, n_clusters=5"
Feature agglomeration + KNN,67.64909629117079%, 14/19,RH,"[2, 13, 36, 36, 36, 36, 36, 37, 37, 45]","k=9, n_clusters=5"
Feature agglomeration + KNN,68.02322004131788%, 14/19,RH,"[2, 13, 36, 36, 36, 36, 36, 37, 37, 46]","k=9, n_clusters=5"
Feature agglomeration + KNN,69.04769368191053%, 15/19,RH,"[2, 13, 36, 36, 36, 36, 36, 37, 37, 47]","k=9, n_clusters=5"
Feature agglomeration + KNN,68.7852980887805%, 14/19,RH,"[2, 13, 36, 36, 36, 36, 36, 37, 37, 48]","k=9, n_clusters=5"
Feature agglomeration + KNN,69.65502329121067%, 15/19,RH,"[2, 13, 36, 36, 36, 36, 36, 37, 37, 49]","k=9, n_clusters=5"
Feature agglomeration + KNN,68.82663534388263%, 14/19,RH,"[2, 13, 36, 36, 36, 36, 36, 37, 37, 50]","k=9, n_clusters=5"
Feature agglomeration + KNN,68.96510227532615%, 15/19,RH,"[2, 13, 36, 36, 36, 36, 36, 37, 37, 51]","k=9, n_clusters=5"
Feature agglomeration + KNN,68.5186434534677%, 15/19,RH,"[2, 13, 36, 36, 36, 36, 36, 37, 37, 52]","k=9, n_clusters=5"
Feature agglomeration + KNN,68.1181120910556%, 15/19,RH,"[2, 13, 36, 36, 36, 36, 36, 37, 37, 53]","k=9, n_clusters=5"
Feature agglomeration + KNN,67.60972905878062%, 13/19,RH,"[2, 13, 36, 36, 36, 36, 36, 37, 37, 54]","k=9, n_clusters=5"
Feature agglomeration + KNN,67.68453204629648%, 14/19,RH,"[2, 13, 36, 36, 36, 36, 36, 37, 37, 55]","k=9, n_clusters=5"
Feature agglomeration + KNN,66.2649865006433%, 13/19,RH,"[2, 13, 36, 36, 36, 36, 36, 37, 37, 56]","k=9, n_clusters=5"
Feature agglomeration + KNN,68.78542430406182%, 15/19,RH,"[2, 13, 36, 36, 36, 36, 36, 37, 37, 57]","k=9, n_clusters=5"
Feature agglomeration + KNN,68.66598559838714%, 16/19,RH,"[2, 13, 36, 36, 36, 36, 36, 37, 37, 58]","k=9, n_clusters=5"
Feature agglomeration + KNN,67.92379645839496%, 15/19,RH,"[2, 13, 36, 36, 36, 36, 36, 37, 37, 59]","k=9, n_clusters=5"
Feature agglomeration + KNN,68.56622842800437%, 15/19,RH,"[2, 13, 36, 36, 36, 36, 36, 37, 37, 60]","k=9, n_clusters=5"
