PCA + KNN,54.41%, 10/19,RH,[0],"k=11, n_components=5"
PCA + KNN,42.41%, 7/19,RH,[1],"k=11, n_components=5"
PCA + KNN,44.28%, 9/19,RH,[2],"k=11, n_components=5"
PCA + KNN,41.73%, 5/19,RH,[3],"k=11, n_components=5"
PCA + KNN,39.40%, 8/19,RH,[4],"k=11, n_components=5"
PCA + KNN,32.24%, 4/19,RH,[5],"k=11, n_components=5"
PCA + KNN,32.13%, 5/19,RH,[6],"k=11, n_components=5"
PCA + KNN,38.52%, 6/19,RH,[7],"k=11, n_components=5"
PCA + KNN,31.17%, 5/19,RH,[8],"k=11, n_components=5"
PCA + KNN,53.35%, 12/19,RH,[9],"k=11, n_components=5"
PCA + KNN,41.93%, 7/19,RH,[10],"k=11, n_components=5"
PCA + KNN,53.15%, 9/19,RH,[11],"k=11, n_components=5"
PCA + KNN,47.38%, 9/19,RH,[12],"k=11, n_components=5"
PCA + KNN,39.23%, 5/19,RH,[13],"k=11, n_components=5"
PCA + KNN,38.06%, 4/19,RH,[14],"k=11, n_components=5"
PCA + KNN,40.89%, 6/19,RH,[15],"k=11, n_components=5"
PCA + KNN,43.65%, 8/19,RH,[16],"k=11, n_components=5"
PCA + KNN,42.08%, 8/19,RH,[17],"k=11, n_components=5"
PCA + KNN,58.61%, 12/19,RH,[18],"k=11, n_components=5"
PCA + KNN,51.50%, 8/19,RH,[19],"k=11, n_components=5"
PCA + KNN,45.43%, 6/19,RH,[20],"k=11, n_components=5"
PCA + KNN,46.23%, 9/19,RH,[21],"k=11, n_components=5"
PCA + KNN,47.66%, 8/19,RH,[22],"k=11, n_components=5"
PCA + KNN,37.35%, 5/19,RH,[23],"k=11, n_components=5"
PCA + KNN,40.80%, 5/19,RH,[24],"k=11, n_components=5"
PCA + KNN,47.09%, 9/19,RH,[25],"k=11, n_components=5"
PCA + KNN,45.25%, 7/19,RH,[26],"k=11, n_components=5"
PCA + KNN,46.75%, 9/19,RH,[27],"k=11, n_components=5"
PCA + KNN,43.77%, 6/19,RH,[28],"k=11, n_components=5"
PCA + KNN,56.63%, 11/19,RH,[29],"k=11, n_components=5"
PCA + KNN,54.28%, 9/19,RH,[30],"k=11, n_components=5"
PCA + KNN,54.16%, 9/19,RH,[31],"k=11, n_components=5"
PCA + KNN,50.89%, 11/19,RH,[32],"k=11, n_components=5"
PCA + KNN,58.56%, 12/19,RH,[33],"k=11, n_components=5"
PCA + KNN,55.45%, 11/19,RH,[34],"k=11, n_components=5"
PCA + KNN,46.56%, 9/19,RH,[35],"k=11, n_components=5"
PCA + KNN,59.37%, 9/19,RH,[36],"k=11, n_components=5"
PCA + KNN,58.59%, 12/19,RH,[37],"k=11, n_components=5"
PCA + KNN,54.48%, 9/19,RH,[38],"k=11, n_components=5"
PCA + KNN,49.62%, 7/19,RH,[39],"k=11, n_components=5"
PCA + KNN,52.87%, 9/19,RH,[40],"k=11, n_components=5"
PCA + KNN,46.55%, 8/19,RH,[41],"k=11, n_components=5"
PCA + KNN,52.56%, 10/19,RH,[42],"k=11, n_components=5"
PCA + KNN,55.49%, 11/19,RH,[43],"k=11, n_components=5"
PCA + KNN,52.27%, 10/19,RH,[44],"k=11, n_components=5"
PCA + KNN,64.88%, 14/19,RH,[45],"k=11, n_components=5"
PCA + KNN,56.53%, 11/19,RH,[46],"k=11, n_components=5"
PCA + KNN,69.31%, 15/19,RH,[47],"k=11, n_components=5"
PCA + KNN,61.76%, 11/19,RH,[48],"k=11, n_components=5"
PCA + KNN,47.48%, 8/19,RH,[49],"k=11, n_components=5"
PCA + KNN,62.07%, 13/19,RH,[50],"k=11, n_components=5"
PCA + KNN,61.92%, 13/19,RH,[51],"k=11, n_components=5"
PCA + KNN,54.03%, 10/19,RH,[52],"k=11, n_components=5"
PCA + KNN,55.97%, 11/19,RH,[53],"k=11, n_components=5"
PCA + KNN,45.75%, 8/19,RH,[54],"k=11, n_components=5"
PCA + KNN,59.61%, 12/19,RH,[55],"k=11, n_components=5"
PCA + KNN,44.12%, 8/19,RH,[56],"k=11, n_components=5"
PCA + KNN,52.68%, 12/19,RH,[57],"k=11, n_components=5"
PCA + KNN,56.10%, 10/19,RH,[58],"k=11, n_components=5"
PCA + KNN,47.42%, 8/19,RH,[59],"k=11, n_components=5"
PCA + KNN,33.20%, 5/19,RH,[60],"k=11, n_components=5"
PCA + KNN,53.49%, 10/19,RH,"[47, 0]","k=11, n_components=5"
PCA + KNN,51.21%, 10/19,RH,"[47, 1]","k=11, n_components=5"
PCA + KNN,53.83%, 10/19,RH,"[47, 2]","k=11, n_components=5"
PCA + KNN,57.23%, 13/19,RH,"[47, 3]","k=11, n_components=5"
PCA + KNN,47.05%, 9/19,RH,"[47, 4]","k=11, n_components=5"
PCA + KNN,44.47%, 8/19,RH,"[47, 5]","k=11, n_components=5"
PCA + KNN,44.77%, 7/19,RH,"[47, 6]","k=11, n_components=5"
PCA + KNN,52.82%, 11/19,RH,"[47, 7]","k=11, n_components=5"
PCA + KNN,49.13%, 10/19,RH,"[47, 8]","k=11, n_components=5"
PCA + KNN,49.69%, 11/19,RH,"[47, 9]","k=11, n_components=5"
PCA + KNN,47.64%, 9/19,RH,"[47, 10]","k=11, n_components=5"
PCA + KNN,58.84%, 10/19,RH,"[47, 11]","k=11, n_components=5"
PCA + KNN,54.57%, 11/19,RH,"[47, 12]","k=11, n_components=5"
PCA + KNN,51.00%, 9/19,RH,"[47, 13]","k=11, n_components=5"
PCA + KNN,48.74%, 9/19,RH,"[47, 14]","k=11, n_components=5"
PCA + KNN,54.11%, 10/19,RH,"[47, 15]","k=11, n_components=5"
PCA + KNN,54.88%, 10/19,RH,"[47, 16]","k=11, n_components=5"
PCA + KNN,55.48%, 11/19,RH,"[47, 17]","k=11, n_components=5"
PCA + KNN,64.41%, 12/19,RH,"[47, 18]","k=11, n_components=5"
PCA + KNN,56.06%, 10/19,RH,"[47, 19]","k=11, n_components=5"
PCA + KNN,60.18%, 12/19,RH,"[47, 20]","k=11, n_components=5"
PCA + KNN,53.84%, 10/19,RH,"[47, 21]","k=11, n_components=5"
PCA + KNN,50.10%, 8/19,RH,"[47, 22]","k=11, n_components=5"
PCA + KNN,48.22%, 10/19,RH,"[47, 23]","k=11, n_components=5"
PCA + KNN,49.04%, 8/19,RH,"[47, 24]","k=11, n_components=5"
PCA + KNN,52.94%, 12/19,RH,"[47, 25]","k=11, n_components=5"
PCA + KNN,49.34%, 7/19,RH,"[47, 26]","k=11, n_components=5"
PCA + KNN,54.42%, 12/19,RH,"[47, 27]","k=11, n_components=5"
PCA + KNN,57.66%, 13/19,RH,"[47, 28]","k=11, n_components=5"
PCA + KNN,60.85%, 13/19,RH,"[47, 29]","k=11, n_components=5"
PCA + KNN,57.20%, 11/19,RH,"[47, 30]","k=11, n_components=5"
PCA + KNN,61.33%, 13/19,RH,"[47, 31]","k=11, n_components=5"
PCA + KNN,51.55%, 11/19,RH,"[47, 32]","k=11, n_components=5"
PCA + KNN,61.58%, 13/19,RH,"[47, 33]","k=11, n_components=5"
PCA + KNN,58.35%, 11/19,RH,"[47, 34]","k=11, n_components=5"
PCA + KNN,56.30%, 12/19,RH,"[47, 35]","k=11, n_components=5"
PCA + KNN,61.19%, 10/19,RH,"[47, 36]","k=11, n_components=5"
PCA + KNN,61.73%, 13/19,RH,"[47, 37]","k=11, n_components=5"
PCA + KNN,59.89%, 11/19,RH,"[47, 38]","k=11, n_components=5"
PCA + KNN,57.62%, 14/19,RH,"[47, 39]","k=11, n_components=5"
PCA + KNN,53.34%, 10/19,RH,"[47, 40]","k=11, n_components=5"
PCA + KNN,50.35%, 11/19,RH,"[47, 41]","k=11, n_components=5"
PCA + KNN,55.99%, 11/19,RH,"[47, 42]","k=11, n_components=5"
PCA + KNN,55.92%, 11/19,RH,"[47, 43]","k=11, n_components=5"
PCA + KNN,52.66%, 9/19,RH,"[47, 44]","k=11, n_components=5"
PCA + KNN,66.15%, 14/19,RH,"[47, 45]","k=11, n_components=5"
PCA + KNN,61.76%, 13/19,RH,"[47, 46]","k=11, n_components=5"
PCA + KNN,69.31%, 15/19,RH,"[47, 47]","k=11, n_components=5"
PCA + KNN,61.06%, 12/19,RH,"[47, 48]","k=11, n_components=5"
PCA + KNN,56.41%, 12/19,RH,"[47, 49]","k=11, n_components=5"
PCA + KNN,65.80%, 13/19,RH,"[47, 50]","k=11, n_components=5"
PCA + KNN,65.77%, 14/19,RH,"[47, 51]","k=11, n_components=5"
PCA + KNN,61.74%, 14/19,RH,"[47, 52]","k=11, n_components=5"
PCA + KNN,57.16%, 11/19,RH,"[47, 53]","k=11, n_components=5"
PCA + KNN,53.85%, 11/19,RH,"[47, 54]","k=11, n_components=5"
PCA + KNN,61.12%, 12/19,RH,"[47, 55]","k=11, n_components=5"
PCA + KNN,50.35%, 8/19,RH,"[47, 56]","k=11, n_components=5"
PCA + KNN,65.76%, 14/19,RH,"[47, 57]","k=11, n_components=5"
PCA + KNN,63.00%, 14/19,RH,"[47, 58]","k=11, n_components=5"
PCA + KNN,57.16%, 12/19,RH,"[47, 59]","k=11, n_components=5"
PCA + KNN,58.07%, 13/19,RH,"[47, 60]","k=11, n_components=5"
PCA + KNN,65.67%, 16/19,RH,[47],"k=1, n_components=5"
PCA + KNN,67.61%, 15/19,RH,[47],"k=11, n_components=5"
PCA + KNN,69.30%, 15/19,RH,[47],"k=21, n_components=5"
PCA + KNN,69.25%, 15/19,RH,[47],"k=31, n_components=5"
PCA + KNN,68.79%, 14/19,RH,[47],"k=41, n_components=5"
PCA + KNN,69.92%, 14/19,RH,[47],"k=51, n_components=5"
PCA + KNN,69.64%, 14/19,RH,[47],"k=61, n_components=5"
PCA + KNN,70.14%, 14/19,RH,[47],"k=71, n_components=5"
PCA + KNN,71.62%, 14/19,RH,[47],"k=81, n_components=5"
PCA + KNN,72.07%, 15/19,RH,[47],"k=91, n_components=5"
PCA + KNN,71.66%, 15/19,RH,[47],"k=101, n_components=5"
PCA + KNN,71.19%, 15/19,RH,[47],"k=111, n_components=5"
PCA + KNN,70.72%, 15/19,RH,[47],"k=121, n_components=5"
PCA + KNN,70.82%, 15/19,RH,[47],"k=131, n_components=5"
PCA + KNN,69.90%, 15/19,RH,[47],"k=141, n_components=5"
PCA + KNN,69.76%, 15/19,RH,[47],"k=151, n_components=5"
PCA + KNN,69.18%, 14/19,RH,[47],"k=161, n_components=5"
PCA + KNN,68.60%, 14/19,RH,[47],"k=171, n_components=5"
PCA + KNN,68.33%, 14/19,RH,[47],"k=181, n_components=5"
PCA + KNN,67.48%, 14/19,RH,[47],"k=191, n_components=5"
PCA + KNN,69.96%, 14/19,RH,[47],"k=70, n_components=5"
PCA + KNN,70.14%, 14/19,RH,[47],"k=71, n_components=5"
PCA + KNN,69.96%, 14/19,RH,[47],"k=72, n_components=5"
PCA + KNN,70.06%, 14/19,RH,[47],"k=73, n_components=5"
PCA + KNN,70.54%, 14/19,RH,[47],"k=74, n_components=5"
PCA + KNN,70.13%, 14/19,RH,[47],"k=75, n_components=5"
PCA + KNN,70.25%, 14/19,RH,[47],"k=76, n_components=5"
PCA + KNN,69.68%, 14/19,RH,[47],"k=77, n_components=5"
PCA + KNN,70.66%, 14/19,RH,[47],"k=78, n_components=5"
PCA + KNN,70.14%, 14/19,RH,[47],"k=79, n_components=5"
PCA + KNN,71.77%, 14/19,RH,[47],"k=80, n_components=5"
PCA + KNN,71.62%, 14/19,RH,[47],"k=81, n_components=5"
PCA + KNN,72.02%, 15/19,RH,[47],"k=82, n_components=5"
PCA + KNN,71.92%, 15/19,RH,[47],"k=83, n_components=5"
PCA + KNN,72.11%, 15/19,RH,[47],"k=84, n_components=5"
PCA + KNN,71.95%, 15/19,RH,[47],"k=85, n_components=5"
PCA + KNN,72.08%, 15/19,RH,[47],"k=86, n_components=5"
PCA + KNN,71.86%, 15/19,RH,[47],"k=87, n_components=5"
PCA + KNN,72.08%, 15/19,RH,[47],"k=88, n_components=5"
PCA + KNN,72.06%, 15/19,RH,[47],"k=89, n_components=5"
PCA + KNN,72.17%, 15/19,RH,[47],"k=90, n_components=5"
PCA + KNN,72.07%, 15/19,RH,[47],"k=91, n_components=5"
PCA + KNN,71.97%, 15/19,RH,[47],"k=92, n_components=5"
PCA + KNN,72.05%, 15/19,RH,[47],"k=93, n_components=5"
PCA + KNN,71.95%, 15/19,RH,[47],"k=94, n_components=5"
PCA + KNN,72.04%, 15/19,RH,[47],"k=95, n_components=5"
PCA + KNN,71.85%, 15/19,RH,[47],"k=96, n_components=5"
PCA + KNN,71.95%, 15/19,RH,[47],"k=97, n_components=5"
PCA + KNN,72.07%, 15/19,RH,[47],"k=98, n_components=5"
PCA + KNN,71.75%, 15/19,RH,[47],"k=99, n_components=5"
PCA + KNN,71.76%, 15/19,RH,[47],"k=100, n_components=5"
PCA + KNN,71.66%, 15/19,RH,[47],"k=101, n_components=5"
PCA + KNN,71.77%, 15/19,RH,[47],"k=102, n_components=5"
PCA + KNN,71.87%, 15/19,RH,[47],"k=103, n_components=5"
PCA + KNN,71.96%, 15/19,RH,[47],"k=104, n_components=5"
PCA + KNN,71.56%, 15/19,RH,[47],"k=105, n_components=5"
PCA + KNN,71.68%, 15/19,RH,[47],"k=106, n_components=5"
PCA + KNN,71.58%, 15/19,RH,[47],"k=107, n_components=5"
PCA + KNN,71.38%, 15/19,RH,[47],"k=108, n_components=5"
PCA + KNN,71.18%, 15/19,RH,[47],"k=109, n_components=5"
PCA + KNN,71.30%, 15/19,RH,[47],"k=110, n_components=5"
PCA + KNN,71.19%, 15/19,RH,[47],"k=111, n_components=5"
PCA + KNN,71.10%, 15/19,RH,[47],"k=112, n_components=5"
PCA + KNN,71.19%, 15/19,RH,[47],"k=113, n_components=5"
PCA + KNN,70.91%, 15/19,RH,[47],"k=114, n_components=5"
PCA + KNN,53.49%, 10/19,RH,"[47, 0]","k=90, n_components=5"
PCA + KNN,51.21%, 10/19,RH,"[47, 1]","k=90, n_components=5"
PCA + KNN,53.83%, 10/19,RH,"[47, 2]","k=90, n_components=5"
PCA + KNN,57.23%, 13/19,RH,"[47, 3]","k=90, n_components=5"
PCA + KNN,47.05%, 9/19,RH,"[47, 4]","k=90, n_components=5"
PCA + KNN,44.47%, 8/19,RH,"[47, 5]","k=90, n_components=5"
PCA + KNN,44.77%, 7/19,RH,"[47, 6]","k=90, n_components=5"
PCA + KNN,52.82%, 11/19,RH,"[47, 7]","k=90, n_components=5"
PCA + KNN,49.13%, 10/19,RH,"[47, 8]","k=90, n_components=5"
PCA + KNN,49.69%, 11/19,RH,"[47, 9]","k=90, n_components=5"
PCA + KNN,47.64%, 9/19,RH,"[47, 10]","k=90, n_components=5"
PCA + KNN,58.84%, 10/19,RH,"[47, 11]","k=90, n_components=5"
PCA + KNN,54.57%, 11/19,RH,"[47, 12]","k=90, n_components=5"
PCA + KNN,51.00%, 9/19,RH,"[47, 13]","k=90, n_components=5"
PCA + KNN,48.74%, 9/19,RH,"[47, 14]","k=90, n_components=5"
PCA + KNN,54.11%, 10/19,RH,"[47, 15]","k=90, n_components=5"
PCA + KNN,54.88%, 10/19,RH,"[47, 16]","k=90, n_components=5"
PCA + KNN,55.48%, 11/19,RH,"[47, 17]","k=90, n_components=5"
PCA + KNN,64.41%, 12/19,RH,"[47, 18]","k=90, n_components=5"
PCA + KNN,56.06%, 10/19,RH,"[47, 19]","k=90, n_components=5"
PCA + KNN,60.18%, 12/19,RH,"[47, 20]","k=90, n_components=5"
PCA + KNN,53.84%, 10/19,RH,"[47, 21]","k=90, n_components=5"
PCA + KNN,50.10%, 8/19,RH,"[47, 22]","k=90, n_components=5"
PCA + KNN,48.22%, 10/19,RH,"[47, 23]","k=90, n_components=5"
PCA + KNN,49.04%, 8/19,RH,"[47, 24]","k=90, n_components=5"
PCA + KNN,52.94%, 12/19,RH,"[47, 25]","k=90, n_components=5"
PCA + KNN,49.34%, 7/19,RH,"[47, 26]","k=90, n_components=5"
PCA + KNN,54.42%, 12/19,RH,"[47, 27]","k=90, n_components=5"
PCA + KNN,57.66%, 13/19,RH,"[47, 28]","k=90, n_components=5"
PCA + KNN,60.85%, 13/19,RH,"[47, 29]","k=90, n_components=5"
PCA + KNN,57.20%, 11/19,RH,"[47, 30]","k=90, n_components=5"
PCA + KNN,61.33%, 13/19,RH,"[47, 31]","k=90, n_components=5"
PCA + KNN,51.55%, 11/19,RH,"[47, 32]","k=90, n_components=5"
PCA + KNN,61.58%, 13/19,RH,"[47, 33]","k=90, n_components=5"
PCA + KNN,58.35%, 11/19,RH,"[47, 34]","k=90, n_components=5"
PCA + KNN,56.30%, 12/19,RH,"[47, 35]","k=90, n_components=5"
PCA + KNN,61.19%, 10/19,RH,"[47, 36]","k=90, n_components=5"
PCA + KNN,61.73%, 13/19,RH,"[47, 37]","k=90, n_components=5"
PCA + KNN,59.89%, 11/19,RH,"[47, 38]","k=90, n_components=5"
PCA + KNN,57.62%, 14/19,RH,"[47, 39]","k=90, n_components=5"
PCA + KNN,53.34%, 10/19,RH,"[47, 40]","k=90, n_components=5"
PCA + KNN,50.35%, 11/19,RH,"[47, 41]","k=90, n_components=5"
PCA + KNN,55.99%, 11/19,RH,"[47, 42]","k=90, n_components=5"
PCA + KNN,55.92%, 11/19,RH,"[47, 43]","k=90, n_components=5"
PCA + KNN,52.66%, 9/19,RH,"[47, 44]","k=90, n_components=5"
PCA + KNN,66.15%, 14/19,RH,"[47, 45]","k=90, n_components=5"
PCA + KNN,61.76%, 13/19,RH,"[47, 46]","k=90, n_components=5"
PCA + KNN,69.31%, 15/19,RH,"[47, 47]","k=90, n_components=5"
PCA + KNN,61.06%, 12/19,RH,"[47, 48]","k=90, n_components=5"
PCA + KNN,56.41%, 12/19,RH,"[47, 49]","k=90, n_components=5"
PCA + KNN,65.80%, 13/19,RH,"[47, 50]","k=90, n_components=5"
PCA + KNN,65.77%, 14/19,RH,"[47, 51]","k=90, n_components=5"
PCA + KNN,61.74%, 14/19,RH,"[47, 52]","k=90, n_components=5"
PCA + KNN,57.16%, 11/19,RH,"[47, 53]","k=90, n_components=5"
PCA + KNN,53.85%, 11/19,RH,"[47, 54]","k=90, n_components=5"
PCA + KNN,61.12%, 12/19,RH,"[47, 55]","k=90, n_components=5"
PCA + KNN,50.35%, 8/19,RH,"[47, 56]","k=90, n_components=5"
PCA + KNN,65.76%, 14/19,RH,"[47, 57]","k=90, n_components=5"
PCA + KNN,63.00%, 14/19,RH,"[47, 58]","k=90, n_components=5"
PCA + KNN,57.16%, 12/19,RH,"[47, 59]","k=90, n_components=5"
PCA + KNN,58.07%, 13/19,RH,"[47, 60]","k=90, n_components=5"
PCA + KNN,56.29%, 12/19,RH,"[47, 47, 0]","k=90, n_components=5"
PCA + KNN,55.81%, 10/19,RH,"[47, 47, 1]","k=90, n_components=5"
PCA + KNN,58.38%, 11/19,RH,"[47, 47, 2]","k=90, n_components=5"
PCA + KNN,60.12%, 13/19,RH,"[47, 47, 3]","k=90, n_components=5"
PCA + KNN,48.43%, 10/19,RH,"[47, 47, 4]","k=90, n_components=5"
PCA + KNN,48.88%, 10/19,RH,"[47, 47, 5]","k=90, n_components=5"
PCA + KNN,49.20%, 9/19,RH,"[47, 47, 6]","k=90, n_components=5"
PCA + KNN,54.38%, 11/19,RH,"[47, 47, 7]","k=90, n_components=5"
PCA + KNN,54.24%, 11/19,RH,"[47, 47, 8]","k=90, n_components=5"
PCA + KNN,53.58%, 10/19,RH,"[47, 47, 9]","k=90, n_components=5"
PCA + KNN,54.60%, 11/19,RH,"[47, 47, 10]","k=90, n_components=5"
PCA + KNN,60.64%, 12/19,RH,"[47, 47, 11]","k=90, n_components=5"
PCA + KNN,56.84%, 12/19,RH,"[47, 47, 12]","k=90, n_components=5"
PCA + KNN,54.71%, 11/19,RH,"[47, 47, 13]","k=90, n_components=5"
PCA + KNN,52.61%, 9/19,RH,"[47, 47, 14]","k=90, n_components=5"
PCA + KNN,58.60%, 13/19,RH,"[47, 47, 15]","k=90, n_components=5"
PCA + KNN,58.36%, 12/19,RH,"[47, 47, 16]","k=90, n_components=5"
PCA + KNN,57.98%, 12/19,RH,"[47, 47, 17]","k=90, n_components=5"
PCA + KNN,64.16%, 13/19,RH,"[47, 47, 18]","k=90, n_components=5"
PCA + KNN,58.07%, 11/19,RH,"[47, 47, 19]","k=90, n_components=5"
PCA + KNN,60.27%, 12/19,RH,"[47, 47, 20]","k=90, n_components=5"
PCA + KNN,58.65%, 13/19,RH,"[47, 47, 21]","k=90, n_components=5"
PCA + KNN,51.41%, 8/19,RH,"[47, 47, 22]","k=90, n_components=5"
PCA + KNN,53.92%, 10/19,RH,"[47, 47, 23]","k=90, n_components=5"
PCA + KNN,53.51%, 10/19,RH,"[47, 47, 24]","k=90, n_components=5"
PCA + KNN,52.94%, 11/19,RH,"[47, 47, 25]","k=90, n_components=5"
PCA + KNN,54.47%, 11/19,RH,"[47, 47, 26]","k=90, n_components=5"
PCA + KNN,60.44%, 12/19,RH,"[47, 47, 27]","k=90, n_components=5"
PCA + KNN,61.94%, 14/19,RH,"[47, 47, 28]","k=90, n_components=5"
PCA + KNN,65.45%, 13/19,RH,"[47, 47, 29]","k=90, n_components=5"
PCA + KNN,59.94%, 12/19,RH,"[47, 47, 30]","k=90, n_components=5"
PCA + KNN,64.72%, 14/19,RH,"[47, 47, 31]","k=90, n_components=5"
PCA + KNN,56.36%, 11/19,RH,"[47, 47, 32]","k=90, n_components=5"
PCA + KNN,64.26%, 14/19,RH,"[47, 47, 33]","k=90, n_components=5"
PCA + KNN,59.54%, 11/19,RH,"[47, 47, 34]","k=90, n_components=5"
PCA + KNN,59.13%, 12/19,RH,"[47, 47, 35]","k=90, n_components=5"
PCA + KNN,63.66%, 11/19,RH,"[47, 47, 36]","k=90, n_components=5"
PCA + KNN,63.50%, 14/19,RH,"[47, 47, 37]","k=90, n_components=5"
PCA + KNN,61.64%, 11/19,RH,"[47, 47, 38]","k=90, n_components=5"
PCA + KNN,61.39%, 14/19,RH,"[47, 47, 39]","k=90, n_components=5"
PCA + KNN,54.26%, 10/19,RH,"[47, 47, 40]","k=90, n_components=5"
PCA + KNN,54.67%, 11/19,RH,"[47, 47, 41]","k=90, n_components=5"
PCA + KNN,59.04%, 13/19,RH,"[47, 47, 42]","k=90, n_components=5"
PCA + KNN,55.39%, 10/19,RH,"[47, 47, 43]","k=90, n_components=5"
PCA + KNN,57.35%, 11/19,RH,"[47, 47, 44]","k=90, n_components=5"
PCA + KNN,67.25%, 14/19,RH,"[47, 47, 45]","k=90, n_components=5"
PCA + KNN,62.91%, 13/19,RH,"[47, 47, 46]","k=90, n_components=5"
PCA + KNN,69.31%, 15/19,RH,"[47, 47, 47]","k=90, n_components=5"
PCA + KNN,63.23%, 12/19,RH,"[47, 47, 48]","k=90, n_components=5"
PCA + KNN,60.48%, 13/19,RH,"[47, 47, 49]","k=90, n_components=5"
PCA + KNN,66.80%, 14/19,RH,"[47, 47, 50]","k=90, n_components=5"
PCA + KNN,67.15%, 15/19,RH,"[47, 47, 51]","k=90, n_components=5"
PCA + KNN,64.49%, 14/19,RH,"[47, 47, 52]","k=90, n_components=5"
PCA + KNN,57.72%, 11/19,RH,"[47, 47, 53]","k=90, n_components=5"
PCA + KNN,58.23%, 13/19,RH,"[47, 47, 54]","k=90, n_components=5"
PCA + KNN,60.27%, 12/19,RH,"[47, 47, 55]","k=90, n_components=5"
PCA + KNN,53.17%, 10/19,RH,"[47, 47, 56]","k=90, n_components=5"
PCA + KNN,67.46%, 14/19,RH,"[47, 47, 57]","k=90, n_components=5"
PCA + KNN,64.15%, 14/19,RH,"[47, 47, 58]","k=90, n_components=5"
PCA + KNN,60.45%, 13/19,RH,"[47, 47, 59]","k=90, n_components=5"
PCA + KNN,63.39%, 13/19,RH,"[47, 47, 60]","k=90, n_components=5"
PCA + KNN,69.96%, 14/19,RH,"[47, 47]","k=70, n_components=5"
PCA + KNN,70.14%, 14/19,RH,"[47, 47]","k=71, n_components=5"
PCA + KNN,69.96%, 14/19,RH,"[47, 47]","k=72, n_components=5"
PCA + KNN,70.06%, 14/19,RH,"[47, 47]","k=73, n_components=5"
PCA + KNN,70.54%, 14/19,RH,"[47, 47]","k=74, n_components=5"
PCA + KNN,70.13%, 14/19,RH,"[47, 47]","k=75, n_components=5"
PCA + KNN,70.25%, 14/19,RH,"[47, 47]","k=76, n_components=5"
PCA + KNN,69.68%, 14/19,RH,"[47, 47]","k=77, n_components=5"
PCA + KNN,70.66%, 14/19,RH,"[47, 47]","k=78, n_components=5"
PCA + KNN,70.14%, 14/19,RH,"[47, 47]","k=79, n_components=5"
PCA + KNN,71.77%, 14/19,RH,"[47, 47]","k=80, n_components=5"
PCA + KNN,71.62%, 14/19,RH,"[47, 47]","k=81, n_components=5"
PCA + KNN,72.02%, 15/19,RH,"[47, 47]","k=82, n_components=5"
PCA + KNN,71.92%, 15/19,RH,"[47, 47]","k=83, n_components=5"
PCA + KNN,72.11%, 15/19,RH,"[47, 47]","k=84, n_components=5"
PCA + KNN,71.95%, 15/19,RH,"[47, 47]","k=85, n_components=5"
PCA + KNN,72.08%, 15/19,RH,"[47, 47]","k=86, n_components=5"
PCA + KNN,71.86%, 15/19,RH,"[47, 47]","k=87, n_components=5"
PCA + KNN,72.08%, 15/19,RH,"[47, 47]","k=88, n_components=5"
PCA + KNN,72.06%, 15/19,RH,"[47, 47]","k=89, n_components=5"
PCA + KNN,72.17%, 15/19,RH,"[47, 47]","k=90, n_components=5"
PCA + KNN,72.07%, 15/19,RH,"[47, 47]","k=91, n_components=5"
PCA + KNN,71.97%, 15/19,RH,"[47, 47]","k=92, n_components=5"
PCA + KNN,72.05%, 15/19,RH,"[47, 47]","k=93, n_components=5"
PCA + KNN,71.95%, 15/19,RH,"[47, 47]","k=94, n_components=5"
PCA + KNN,72.04%, 15/19,RH,"[47, 47]","k=95, n_components=5"
PCA + KNN,71.85%, 15/19,RH,"[47, 47]","k=96, n_components=5"
PCA + KNN,71.95%, 15/19,RH,"[47, 47]","k=97, n_components=5"
PCA + KNN,72.07%, 15/19,RH,"[47, 47]","k=98, n_components=5"
PCA + KNN,71.75%, 15/19,RH,"[47, 47]","k=99, n_components=5"
PCA + KNN,71.76%, 15/19,RH,"[47, 47]","k=100, n_components=5"
PCA + KNN,71.66%, 15/19,RH,"[47, 47]","k=101, n_components=5"
PCA + KNN,71.77%, 15/19,RH,"[47, 47]","k=102, n_components=5"
PCA + KNN,71.87%, 15/19,RH,"[47, 47]","k=103, n_components=5"
PCA + KNN,71.96%, 15/19,RH,"[47, 47]","k=104, n_components=5"
PCA + KNN,71.56%, 15/19,RH,"[47, 47]","k=105, n_components=5"
PCA + KNN,71.68%, 15/19,RH,"[47, 47]","k=106, n_components=5"
PCA + KNN,71.58%, 15/19,RH,"[47, 47]","k=107, n_components=5"
PCA + KNN,71.38%, 15/19,RH,"[47, 47]","k=108, n_components=5"
PCA + KNN,71.18%, 15/19,RH,"[47, 47]","k=109, n_components=5"
PCA + KNN,71.30%, 15/19,RH,"[47, 47]","k=110, n_components=5"
PCA + KNN,71.19%, 15/19,RH,"[47, 47]","k=111, n_components=5"
PCA + KNN,71.10%, 15/19,RH,"[47, 47]","k=112, n_components=5"
PCA + KNN,71.19%, 15/19,RH,"[47, 47]","k=113, n_components=5"
PCA + KNN,70.91%, 15/19,RH,"[47, 47]","k=114, n_components=5"
PCA + KNN,58.57%, 12/19,RH,"[47, 47, 51, 0]","k=90, n_components=5"
PCA + KNN,56.81%, 10/19,RH,"[47, 47, 51, 1]","k=90, n_components=5"
PCA + KNN,58.13%, 10/19,RH,"[47, 47, 51, 2]","k=90, n_components=5"
PCA + KNN,56.71%, 13/19,RH,"[47, 47, 51, 3]","k=90, n_components=5"
PCA + KNN,49.20%, 10/19,RH,"[47, 47, 51, 4]","k=90, n_components=5"
PCA + KNN,47.22%, 9/19,RH,"[47, 47, 51, 5]","k=90, n_components=5"
PCA + KNN,52.47%, 10/19,RH,"[47, 47, 51, 6]","k=90, n_components=5"
PCA + KNN,53.44%, 10/19,RH,"[47, 47, 51, 7]","k=90, n_components=5"
PCA + KNN,57.27%, 12/19,RH,"[47, 47, 51, 8]","k=90, n_components=5"
PCA + KNN,57.51%, 9/19,RH,"[47, 47, 51, 9]","k=90, n_components=5"
PCA + KNN,56.17%, 11/19,RH,"[47, 47, 51, 10]","k=90, n_components=5"
PCA + KNN,59.60%, 11/19,RH,"[47, 47, 51, 11]","k=90, n_components=5"
PCA + KNN,59.40%, 13/19,RH,"[47, 47, 51, 12]","k=90, n_components=5"
PCA + KNN,57.11%, 12/19,RH,"[47, 47, 51, 13]","k=90, n_components=5"
PCA + KNN,53.90%, 11/19,RH,"[47, 47, 51, 14]","k=90, n_components=5"
PCA + KNN,59.53%, 13/19,RH,"[47, 47, 51, 15]","k=90, n_components=5"
PCA + KNN,58.11%, 12/19,RH,"[47, 47, 51, 16]","k=90, n_components=5"
PCA + KNN,57.76%, 12/19,RH,"[47, 47, 51, 17]","k=90, n_components=5"
PCA + KNN,63.39%, 12/19,RH,"[47, 47, 51, 18]","k=90, n_components=5"
PCA + KNN,57.78%, 11/19,RH,"[47, 47, 51, 19]","k=90, n_components=5"
PCA + KNN,60.26%, 12/19,RH,"[47, 47, 51, 20]","k=90, n_components=5"
PCA + KNN,60.84%, 15/19,RH,"[47, 47, 51, 21]","k=90, n_components=5"
PCA + KNN,53.82%, 11/19,RH,"[47, 47, 51, 22]","k=90, n_components=5"
PCA + KNN,52.12%, 10/19,RH,"[47, 47, 51, 23]","k=90, n_components=5"
PCA + KNN,54.52%, 12/19,RH,"[47, 47, 51, 24]","k=90, n_components=5"
PCA + KNN,52.13%, 9/19,RH,"[47, 47, 51, 25]","k=90, n_components=5"
PCA + KNN,57.04%, 12/19,RH,"[47, 47, 51, 26]","k=90, n_components=5"
PCA + KNN,63.77%, 13/19,RH,"[47, 47, 51, 27]","k=90, n_components=5"
PCA + KNN,63.03%, 14/19,RH,"[47, 47, 51, 28]","k=90, n_components=5"
PCA + KNN,65.43%, 13/19,RH,"[47, 47, 51, 29]","k=90, n_components=5"
PCA + KNN,62.69%, 13/19,RH,"[47, 47, 51, 30]","k=90, n_components=5"
PCA + KNN,65.09%, 14/19,RH,"[47, 47, 51, 31]","k=90, n_components=5"
PCA + KNN,59.37%, 12/19,RH,"[47, 47, 51, 32]","k=90, n_components=5"
PCA + KNN,62.56%, 13/19,RH,"[47, 47, 51, 33]","k=90, n_components=5"
PCA + KNN,58.63%, 11/19,RH,"[47, 47, 51, 34]","k=90, n_components=5"
PCA + KNN,58.54%, 11/19,RH,"[47, 47, 51, 35]","k=90, n_components=5"
PCA + KNN,63.93%, 11/19,RH,"[47, 47, 51, 36]","k=90, n_components=5"
PCA + KNN,63.99%, 13/19,RH,"[47, 47, 51, 37]","k=90, n_components=5"
PCA + KNN,61.70%, 11/19,RH,"[47, 47, 51, 38]","k=90, n_components=5"
PCA + KNN,62.00%, 13/19,RH,"[47, 47, 51, 39]","k=90, n_components=5"
PCA + KNN,57.74%, 11/19,RH,"[47, 47, 51, 40]","k=90, n_components=5"
PCA + KNN,57.05%, 11/19,RH,"[47, 47, 51, 41]","k=90, n_components=5"
PCA + KNN,58.81%, 13/19,RH,"[47, 47, 51, 42]","k=90, n_components=5"
PCA + KNN,54.59%, 11/19,RH,"[47, 47, 51, 43]","k=90, n_components=5"
PCA + KNN,59.78%, 13/19,RH,"[47, 47, 51, 44]","k=90, n_components=5"
PCA + KNN,69.10%, 15/19,RH,"[47, 47, 51, 45]","k=90, n_components=5"
PCA + KNN,65.17%, 15/19,RH,"[47, 47, 51, 46]","k=90, n_components=5"
PCA + KNN,68.06%, 15/19,RH,"[47, 47, 51, 47]","k=90, n_components=5"
PCA + KNN,62.40%, 12/19,RH,"[47, 47, 51, 48]","k=90, n_components=5"
PCA + KNN,62.57%, 13/19,RH,"[47, 47, 51, 49]","k=90, n_components=5"
PCA + KNN,65.51%, 13/19,RH,"[47, 47, 51, 50]","k=90, n_components=5"
PCA + KNN,65.77%, 14/19,RH,"[47, 47, 51, 51]","k=90, n_components=5"
PCA + KNN,66.04%, 14/19,RH,"[47, 47, 51, 52]","k=90, n_components=5"
PCA + KNN,61.59%, 14/19,RH,"[47, 47, 51, 53]","k=90, n_components=5"
PCA + KNN,60.44%, 13/19,RH,"[47, 47, 51, 54]","k=90, n_components=5"
PCA + KNN,60.22%, 13/19,RH,"[47, 47, 51, 55]","k=90, n_components=5"
PCA + KNN,57.43%, 12/19,RH,"[47, 47, 51, 56]","k=90, n_components=5"
PCA + KNN,68.10%, 15/19,RH,"[47, 47, 51, 57]","k=90, n_components=5"
PCA + KNN,64.38%, 15/19,RH,"[47, 47, 51, 58]","k=90, n_components=5"
PCA + KNN,62.03%, 14/19,RH,"[47, 47, 51, 59]","k=90, n_components=5"
PCA + KNN,63.83%, 13/19,RH,"[47, 47, 51, 60]","k=90, n_components=5"
PCA + KNN,58.67%, 11/19,RH,"[45, 47, 47, 51, 0]","k=90, n_components=5"
PCA + KNN,59.18%, 11/19,RH,"[45, 47, 47, 51, 1]","k=90, n_components=5"
PCA + KNN,57.44%, 10/19,RH,"[45, 47, 47, 51, 2]","k=90, n_components=5"
PCA + KNN,60.77%, 14/19,RH,"[45, 47, 47, 51, 3]","k=90, n_components=5"
PCA + KNN,49.98%, 10/19,RH,"[45, 47, 47, 51, 4]","k=90, n_components=5"
PCA + KNN,50.46%, 10/19,RH,"[45, 47, 47, 51, 5]","k=90, n_components=5"
PCA + KNN,54.38%, 11/19,RH,"[45, 47, 47, 51, 6]","k=90, n_components=5"
PCA + KNN,52.72%, 11/19,RH,"[45, 47, 47, 51, 7]","k=90, n_components=5"
PCA + KNN,57.36%, 13/19,RH,"[45, 47, 47, 51, 8]","k=90, n_components=5"
PCA + KNN,55.92%, 11/19,RH,"[45, 47, 47, 51, 9]","k=90, n_components=5"
PCA + KNN,58.56%, 12/19,RH,"[45, 47, 47, 51, 10]","k=90, n_components=5"
PCA + KNN,60.40%, 12/19,RH,"[45, 47, 47, 51, 11]","k=90, n_components=5"
PCA + KNN,62.46%, 13/19,RH,"[45, 47, 47, 51, 12]","k=90, n_components=5"
PCA + KNN,59.31%, 12/19,RH,"[45, 47, 47, 51, 13]","k=90, n_components=5"
PCA + KNN,58.74%, 11/19,RH,"[45, 47, 47, 51, 14]","k=90, n_components=5"
PCA + KNN,62.09%, 13/19,RH,"[45, 47, 47, 51, 15]","k=90, n_components=5"
PCA + KNN,58.61%, 12/19,RH,"[45, 47, 47, 51, 16]","k=90, n_components=5"
PCA + KNN,58.91%, 13/19,RH,"[45, 47, 47, 51, 17]","k=90, n_components=5"
PCA + KNN,63.89%, 13/19,RH,"[45, 47, 47, 51, 18]","k=90, n_components=5"
PCA + KNN,61.07%, 12/19,RH,"[45, 47, 47, 51, 19]","k=90, n_components=5"
PCA + KNN,60.93%, 12/19,RH,"[45, 47, 47, 51, 20]","k=90, n_components=5"
PCA + KNN,62.44%, 15/19,RH,"[45, 47, 47, 51, 21]","k=90, n_components=5"
PCA + KNN,53.00%, 9/19,RH,"[45, 47, 47, 51, 22]","k=90, n_components=5"
PCA + KNN,54.72%, 12/19,RH,"[45, 47, 47, 51, 23]","k=90, n_components=5"
PCA + KNN,56.75%, 14/19,RH,"[45, 47, 47, 51, 24]","k=90, n_components=5"
PCA + KNN,51.58%, 10/19,RH,"[45, 47, 47, 51, 25]","k=90, n_components=5"
PCA + KNN,57.96%, 13/19,RH,"[45, 47, 47, 51, 26]","k=90, n_components=5"
PCA + KNN,64.08%, 14/19,RH,"[45, 47, 47, 51, 27]","k=90, n_components=5"
PCA + KNN,64.87%, 14/19,RH,"[45, 47, 47, 51, 28]","k=90, n_components=5"
PCA + KNN,65.80%, 14/19,RH,"[45, 47, 47, 51, 29]","k=90, n_components=5"
PCA + KNN,64.51%, 15/19,RH,"[45, 47, 47, 51, 30]","k=90, n_components=5"
PCA + KNN,67.07%, 15/19,RH,"[45, 47, 47, 51, 31]","k=90, n_components=5"
PCA + KNN,61.35%, 12/19,RH,"[45, 47, 47, 51, 32]","k=90, n_components=5"
PCA + KNN,65.72%, 14/19,RH,"[45, 47, 47, 51, 33]","k=90, n_components=5"
PCA + KNN,60.31%, 11/19,RH,"[45, 47, 47, 51, 34]","k=90, n_components=5"
PCA + KNN,61.11%, 12/19,RH,"[45, 47, 47, 51, 35]","k=90, n_components=5"
PCA + KNN,65.86%, 12/19,RH,"[45, 47, 47, 51, 36]","k=90, n_components=5"
PCA + KNN,65.99%, 14/19,RH,"[45, 47, 47, 51, 37]","k=90, n_components=5"
PCA + KNN,62.32%, 12/19,RH,"[45, 47, 47, 51, 38]","k=90, n_components=5"
PCA + KNN,61.75%, 14/19,RH,"[45, 47, 47, 51, 39]","k=90, n_components=5"
PCA + KNN,59.09%, 12/19,RH,"[45, 47, 47, 51, 40]","k=90, n_components=5"
PCA + KNN,60.61%, 12/19,RH,"[45, 47, 47, 51, 41]","k=90, n_components=5"
PCA + KNN,59.65%, 13/19,RH,"[45, 47, 47, 51, 42]","k=90, n_components=5"
PCA + KNN,55.75%, 11/19,RH,"[45, 47, 47, 51, 43]","k=90, n_components=5"
PCA + KNN,61.45%, 13/19,RH,"[45, 47, 47, 51, 44]","k=90, n_components=5"
PCA + KNN,67.63%, 15/19,RH,"[45, 47, 47, 51, 45]","k=90, n_components=5"
PCA + KNN,66.82%, 15/19,RH,"[45, 47, 47, 51, 46]","k=90, n_components=5"
PCA + KNN,70.35%, 15/19,RH,"[45, 47, 47, 51, 47]","k=90, n_components=5"
PCA + KNN,63.44%, 13/19,RH,"[45, 47, 47, 51, 48]","k=90, n_components=5"
PCA + KNN,65.07%, 14/19,RH,"[45, 47, 47, 51, 49]","k=90, n_components=5"
PCA + KNN,67.29%, 15/19,RH,"[45, 47, 47, 51, 50]","k=90, n_components=5"
PCA + KNN,67.75%, 15/19,RH,"[45, 47, 47, 51, 51]","k=90, n_components=5"
PCA + KNN,66.77%, 14/19,RH,"[45, 47, 47, 51, 52]","k=90, n_components=5"
PCA + KNN,62.35%, 13/19,RH,"[45, 47, 47, 51, 53]","k=90, n_components=5"
PCA + KNN,62.23%, 13/19,RH,"[45, 47, 47, 51, 54]","k=90, n_components=5"
PCA + KNN,62.84%, 13/19,RH,"[45, 47, 47, 51, 55]","k=90, n_components=5"
PCA + KNN,60.00%, 12/19,RH,"[45, 47, 47, 51, 56]","k=90, n_components=5"
PCA + KNN,68.69%, 13/19,RH,"[45, 47, 47, 51, 57]","k=90, n_components=5"
PCA + KNN,65.58%, 15/19,RH,"[45, 47, 47, 51, 58]","k=90, n_components=5"
PCA + KNN,65.04%, 15/19,RH,"[45, 47, 47, 51, 59]","k=90, n_components=5"
PCA + KNN,66.75%, 13/19,RH,"[45, 47, 47, 51, 60]","k=90, n_components=5"
PCA + KNN,69.38%, 13/19,RH,"[45, 47, 47, 51]","k=70, n_components=5"
PCA + KNN,69.26%, 13/19,RH,"[45, 47, 47, 51]","k=71, n_components=5"
PCA + KNN,69.66%, 13/19,RH,"[45, 47, 47, 51]","k=72, n_components=5"
PCA + KNN,69.05%, 13/19,RH,"[45, 47, 47, 51]","k=73, n_components=5"
PCA + KNN,70.15%, 13/19,RH,"[45, 47, 47, 51]","k=74, n_components=5"
PCA + KNN,69.93%, 13/19,RH,"[45, 47, 47, 51]","k=75, n_components=5"
PCA + KNN,69.93%, 13/19,RH,"[45, 47, 47, 51]","k=76, n_components=5"
PCA + KNN,69.61%, 13/19,RH,"[45, 47, 47, 51]","k=77, n_components=5"
PCA + KNN,70.13%, 13/19,RH,"[45, 47, 47, 51]","k=78, n_components=5"
PCA + KNN,70.33%, 13/19,RH,"[45, 47, 47, 51]","k=79, n_components=5"
PCA + KNN,72.04%, 14/19,RH,"[45, 47, 47, 51]","k=80, n_components=5"
PCA + KNN,71.95%, 14/19,RH,"[45, 47, 47, 51]","k=81, n_components=5"
PCA + KNN,71.69%, 14/19,RH,"[45, 47, 47, 51]","k=82, n_components=5"
PCA + KNN,71.72%, 14/19,RH,"[45, 47, 47, 51]","k=83, n_components=5"
PCA + KNN,71.63%, 14/19,RH,"[45, 47, 47, 51]","k=84, n_components=5"
PCA + KNN,71.52%, 14/19,RH,"[45, 47, 47, 51]","k=85, n_components=5"
PCA + KNN,71.56%, 14/19,RH,"[45, 47, 47, 51]","k=86, n_components=5"
PCA + KNN,71.43%, 14/19,RH,"[45, 47, 47, 51]","k=87, n_components=5"
PCA + KNN,71.37%, 14/19,RH,"[45, 47, 47, 51]","k=88, n_components=5"
PCA + KNN,71.44%, 14/19,RH,"[45, 47, 47, 51]","k=89, n_components=5"
PCA + KNN,71.15%, 14/19,RH,"[45, 47, 47, 51]","k=90, n_components=5"
PCA + KNN,71.14%, 14/19,RH,"[45, 47, 47, 51]","k=91, n_components=5"
PCA + KNN,71.17%, 14/19,RH,"[45, 47, 47, 51]","k=92, n_components=5"
PCA + KNN,71.05%, 14/19,RH,"[45, 47, 47, 51]","k=93, n_components=5"
PCA + KNN,71.05%, 14/19,RH,"[45, 47, 47, 51]","k=94, n_components=5"
PCA + KNN,71.13%, 14/19,RH,"[45, 47, 47, 51]","k=95, n_components=5"
PCA + KNN,71.04%, 14/19,RH,"[45, 47, 47, 51]","k=96, n_components=5"
PCA + KNN,71.03%, 14/19,RH,"[45, 47, 47, 51]","k=97, n_components=5"
PCA + KNN,70.93%, 14/19,RH,"[45, 47, 47, 51]","k=98, n_components=5"
PCA + KNN,70.74%, 14/19,RH,"[45, 47, 47, 51]","k=99, n_components=5"
PCA + KNN,70.83%, 14/19,RH,"[45, 47, 47, 51]","k=100, n_components=5"
PCA + KNN,70.83%, 14/19,RH,"[45, 47, 47, 51]","k=101, n_components=5"
PCA + KNN,71.25%, 14/19,RH,"[45, 47, 47, 51]","k=102, n_components=5"
PCA + KNN,70.93%, 14/19,RH,"[45, 47, 47, 51]","k=103, n_components=5"
PCA + KNN,70.88%, 14/19,RH,"[45, 47, 47, 51]","k=104, n_components=5"
PCA + KNN,70.88%, 15/19,RH,"[45, 47, 47, 51]","k=105, n_components=5"
PCA + KNN,70.60%, 14/19,RH,"[45, 47, 47, 51]","k=106, n_components=5"
PCA + KNN,70.93%, 14/19,RH,"[45, 47, 47, 51]","k=107, n_components=5"
PCA + KNN,70.45%, 14/19,RH,"[45, 47, 47, 51]","k=108, n_components=5"
PCA + KNN,70.61%, 14/19,RH,"[45, 47, 47, 51]","k=109, n_components=5"
PCA + KNN,70.42%, 14/19,RH,"[45, 47, 47, 51]","k=110, n_components=5"
PCA + KNN,70.71%, 15/19,RH,"[45, 47, 47, 51]","k=111, n_components=5"
PCA + KNN,70.73%, 15/19,RH,"[45, 47, 47, 51]","k=112, n_components=5"
PCA + KNN,70.51%, 15/19,RH,"[45, 47, 47, 51]","k=113, n_components=5"
PCA + KNN,70.43%, 14/19,RH,"[45, 47, 47, 51]","k=114, n_components=5"
PCA + KNN,39.81%, 8/19,RH,[0],"k=90, n_components=3"
PCA + KNN,35.95%, 3/19,RH,[1],"k=90, n_components=3"
PCA + KNN,35.92%, 7/19,RH,[2],"k=90, n_components=3"
PCA + KNN,39.77%, 5/19,RH,[3],"k=90, n_components=3"
PCA + KNN,47.32%, 9/19,RH,[4],"k=90, n_components=3"
PCA + KNN,30.78%, 6/19,RH,[5],"k=90, n_components=3"
PCA + KNN,37.68%, 6/19,RH,[6],"k=90, n_components=3"
PCA + KNN,38.04%, 6/19,RH,[7],"k=90, n_components=3"
PCA + KNN,34.30%, 4/19,RH,[8],"k=90, n_components=3"
PCA + KNN,46.83%, 10/19,RH,[9],"k=90, n_components=3"
PCA + KNN,36.58%, 4/19,RH,[10],"k=90, n_components=3"
PCA + KNN,45.18%, 8/19,RH,[11],"k=90, n_components=3"
PCA + KNN,46.50%, 7/19,RH,[12],"k=90, n_components=3"
PCA + KNN,37.47%, 5/19,RH,[13],"k=90, n_components=3"
PCA + KNN,37.71%, 4/19,RH,[14],"k=90, n_components=3"
PCA + KNN,34.59%, 5/19,RH,[15],"k=90, n_components=3"
PCA + KNN,45.99%, 9/19,RH,[16],"k=90, n_components=3"
PCA + KNN,39.92%, 6/19,RH,[17],"k=90, n_components=3"
PCA + KNN,60.09%, 12/19,RH,[18],"k=90, n_components=3"
PCA + KNN,52.48%, 9/19,RH,[19],"k=90, n_components=3"
PCA + KNN,47.02%, 8/19,RH,[20],"k=90, n_components=3"
PCA + KNN,51.08%, 11/19,RH,[21],"k=90, n_components=3"
PCA + KNN,53.96%, 12/19,RH,[22],"k=90, n_components=3"
PCA + KNN,39.54%, 8/19,RH,[23],"k=90, n_components=3"
PCA + KNN,41.54%, 6/19,RH,[24],"k=90, n_components=3"
PCA + KNN,50.75%, 12/19,RH,[25],"k=90, n_components=3"
PCA + KNN,51.10%, 9/19,RH,[26],"k=90, n_components=3"
PCA + KNN,48.75%, 7/19,RH,[27],"k=90, n_components=3"
PCA + KNN,45.01%, 8/19,RH,[28],"k=90, n_components=3"
PCA + KNN,53.09%, 9/19,RH,[29],"k=90, n_components=3"
PCA + KNN,51.97%, 9/19,RH,[30],"k=90, n_components=3"
PCA + KNN,47.27%, 6/19,RH,[31],"k=90, n_components=3"
PCA + KNN,50.02%, 7/19,RH,[32],"k=90, n_components=3"
PCA + KNN,54.76%, 10/19,RH,[33],"k=90, n_components=3"
PCA + KNN,56.69%, 11/19,RH,[34],"k=90, n_components=3"
PCA + KNN,45.63%, 8/19,RH,[35],"k=90, n_components=3"
PCA + KNN,62.33%, 11/19,RH,[36],"k=90, n_components=3"
PCA + KNN,57.77%, 10/19,RH,[37],"k=90, n_components=3"
PCA + KNN,58.05%, 10/19,RH,[38],"k=90, n_components=3"
PCA + KNN,50.20%, 9/19,RH,[39],"k=90, n_components=3"
PCA + KNN,54.07%, 11/19,RH,[40],"k=90, n_components=3"
PCA + KNN,41.77%, 8/19,RH,[41],"k=90, n_components=3"
PCA + KNN,51.42%, 10/19,RH,[42],"k=90, n_components=3"
PCA + KNN,58.77%, 12/19,RH,[43],"k=90, n_components=3"
PCA + KNN,50.41%, 9/19,RH,[44],"k=90, n_components=3"
PCA + KNN,54.40%, 8/19,RH,[45],"k=90, n_components=3"
PCA + KNN,52.94%, 8/19,RH,[46],"k=90, n_components=3"
PCA + KNN,54.15%, 12/19,RH,[47],"k=90, n_components=3"
PCA + KNN,56.01%, 11/19,RH,[48],"k=90, n_components=3"
PCA + KNN,45.84%, 8/19,RH,[49],"k=90, n_components=3"
PCA + KNN,55.36%, 9/19,RH,[50],"k=90, n_components=3"
PCA + KNN,54.11%, 10/19,RH,[51],"k=90, n_components=3"
PCA + KNN,46.99%, 9/19,RH,[52],"k=90, n_components=3"
PCA + KNN,44.77%, 8/19,RH,[53],"k=90, n_components=3"
PCA + KNN,47.40%, 7/19,RH,[54],"k=90, n_components=3"
PCA + KNN,56.29%, 12/19,RH,[55],"k=90, n_components=3"
PCA + KNN,40.94%, 7/19,RH,[56],"k=90, n_components=3"
PCA + KNN,46.98%, 9/19,RH,[57],"k=90, n_components=3"
PCA + KNN,49.57%, 10/19,RH,[58],"k=90, n_components=3"
PCA + KNN,48.53%, 9/19,RH,[59],"k=90, n_components=3"
PCA + KNN,31.23%, 4/19,RH,[60],"k=90, n_components=3"
PCA + KNN,39.81%, 8/19,RH,[0],"k=65, n_components=3"
PCA + KNN,35.95%, 3/19,RH,[1],"k=65, n_components=3"
PCA + KNN,35.92%, 7/19,RH,[2],"k=65, n_components=3"
PCA + KNN,39.77%, 5/19,RH,[3],"k=65, n_components=3"
PCA + KNN,47.32%, 9/19,RH,[4],"k=65, n_components=3"
PCA + KNN,30.78%, 6/19,RH,[5],"k=65, n_components=3"
PCA + KNN,37.68%, 6/19,RH,[6],"k=65, n_components=3"
PCA + KNN,38.04%, 6/19,RH,[7],"k=65, n_components=3"
PCA + KNN,34.30%, 4/19,RH,[8],"k=65, n_components=3"
PCA + KNN,46.83%, 10/19,RH,[9],"k=65, n_components=3"
PCA + KNN,36.58%, 4/19,RH,[10],"k=65, n_components=3"
PCA + KNN,45.18%, 8/19,RH,[11],"k=65, n_components=3"
PCA + KNN,46.50%, 7/19,RH,[12],"k=65, n_components=3"
PCA + KNN,37.47%, 5/19,RH,[13],"k=65, n_components=3"
PCA + KNN,37.71%, 4/19,RH,[14],"k=65, n_components=3"
PCA + KNN,34.59%, 5/19,RH,[15],"k=65, n_components=3"
PCA + KNN,45.99%, 9/19,RH,[16],"k=65, n_components=3"
PCA + KNN,39.92%, 6/19,RH,[17],"k=65, n_components=3"
PCA + KNN,60.09%, 12/19,RH,[18],"k=65, n_components=3"
PCA + KNN,52.48%, 9/19,RH,[19],"k=65, n_components=3"
PCA + KNN,47.02%, 8/19,RH,[20],"k=65, n_components=3"
PCA + KNN,51.08%, 11/19,RH,[21],"k=65, n_components=3"
PCA + KNN,53.96%, 12/19,RH,[22],"k=65, n_components=3"
PCA + KNN,39.54%, 8/19,RH,[23],"k=65, n_components=3"
PCA + KNN,41.54%, 6/19,RH,[24],"k=65, n_components=3"
PCA + KNN,50.75%, 12/19,RH,[25],"k=65, n_components=3"
PCA + KNN,51.10%, 9/19,RH,[26],"k=65, n_components=3"
PCA + KNN,48.75%, 7/19,RH,[27],"k=65, n_components=3"
PCA + KNN,45.01%, 8/19,RH,[28],"k=65, n_components=3"
PCA + KNN,53.09%, 9/19,RH,[29],"k=65, n_components=3"
PCA + KNN,51.97%, 9/19,RH,[30],"k=65, n_components=3"
PCA + KNN,47.27%, 6/19,RH,[31],"k=65, n_components=3"
PCA + KNN,50.02%, 7/19,RH,[32],"k=65, n_components=3"
PCA + KNN,54.76%, 10/19,RH,[33],"k=65, n_components=3"
PCA + KNN,56.69%, 11/19,RH,[34],"k=65, n_components=3"
PCA + KNN,45.63%, 8/19,RH,[35],"k=65, n_components=3"
PCA + KNN,62.33%, 11/19,RH,[36],"k=65, n_components=3"
PCA + KNN,57.77%, 10/19,RH,[37],"k=65, n_components=3"
PCA + KNN,58.05%, 10/19,RH,[38],"k=65, n_components=3"
PCA + KNN,50.20%, 9/19,RH,[39],"k=65, n_components=3"
PCA + KNN,54.07%, 11/19,RH,[40],"k=65, n_components=3"
PCA + KNN,41.77%, 8/19,RH,[41],"k=65, n_components=3"
PCA + KNN,51.42%, 10/19,RH,[42],"k=65, n_components=3"
PCA + KNN,58.77%, 12/19,RH,[43],"k=65, n_components=3"
PCA + KNN,50.41%, 9/19,RH,[44],"k=65, n_components=3"
PCA + KNN,54.40%, 8/19,RH,[45],"k=65, n_components=3"
PCA + KNN,52.94%, 8/19,RH,[46],"k=65, n_components=3"
PCA + KNN,54.15%, 12/19,RH,[47],"k=65, n_components=3"
PCA + KNN,56.01%, 11/19,RH,[48],"k=65, n_components=3"
PCA + KNN,45.84%, 8/19,RH,[49],"k=65, n_components=3"
PCA + KNN,55.36%, 9/19,RH,[50],"k=65, n_components=3"
PCA + KNN,54.11%, 10/19,RH,[51],"k=65, n_components=3"
PCA + KNN,46.99%, 9/19,RH,[52],"k=65, n_components=3"
PCA + KNN,44.77%, 8/19,RH,[53],"k=65, n_components=3"
PCA + KNN,47.40%, 7/19,RH,[54],"k=65, n_components=3"
PCA + KNN,56.29%, 12/19,RH,[55],"k=65, n_components=3"
PCA + KNN,40.94%, 7/19,RH,[56],"k=65, n_components=3"
PCA + KNN,46.98%, 9/19,RH,[57],"k=65, n_components=3"
PCA + KNN,49.57%, 10/19,RH,[58],"k=65, n_components=3"
PCA + KNN,48.53%, 9/19,RH,[59],"k=65, n_components=3"
PCA + KNN,31.23%, 4/19,RH,[60],"k=65, n_components=3"
PCA + KNN,55.32%, 11/19,RH,"[36, 0]","k=65, n_components=3"
PCA + KNN,50.64%, 9/19,RH,"[36, 1]","k=65, n_components=3"
PCA + KNN,52.36%, 9/19,RH,"[36, 2]","k=65, n_components=3"
PCA + KNN,43.04%, 7/19,RH,"[36, 3]","k=65, n_components=3"
PCA + KNN,46.81%, 7/19,RH,"[36, 4]","k=65, n_components=3"
PCA + KNN,44.99%, 7/19,RH,"[36, 5]","k=65, n_components=3"
PCA + KNN,47.06%, 7/19,RH,"[36, 6]","k=65, n_components=3"
PCA + KNN,53.60%, 9/19,RH,"[36, 7]","k=65, n_components=3"
PCA + KNN,48.57%, 10/19,RH,"[36, 8]","k=65, n_components=3"
PCA + KNN,53.43%, 12/19,RH,"[36, 9]","k=65, n_components=3"
PCA + KNN,45.94%, 5/19,RH,"[36, 10]","k=65, n_components=3"
PCA + KNN,53.71%, 13/19,RH,"[36, 11]","k=65, n_components=3"
PCA + KNN,41.02%, 6/19,RH,"[36, 12]","k=65, n_components=3"
PCA + KNN,50.88%, 9/19,RH,"[36, 13]","k=65, n_components=3"
PCA + KNN,48.70%, 9/19,RH,"[36, 14]","k=65, n_components=3"
PCA + KNN,49.81%, 9/19,RH,"[36, 15]","k=65, n_components=3"
PCA + KNN,53.93%, 11/19,RH,"[36, 16]","k=65, n_components=3"
PCA + KNN,49.77%, 9/19,RH,"[36, 17]","k=65, n_components=3"
PCA + KNN,61.39%, 12/19,RH,"[36, 18]","k=65, n_components=3"
PCA + KNN,54.77%, 9/19,RH,"[36, 19]","k=65, n_components=3"
PCA + KNN,55.70%, 9/19,RH,"[36, 20]","k=65, n_components=3"
PCA + KNN,45.38%, 7/19,RH,"[36, 21]","k=65, n_components=3"
PCA + KNN,51.18%, 9/19,RH,"[36, 22]","k=65, n_components=3"
PCA + KNN,46.15%, 8/19,RH,"[36, 23]","k=65, n_components=3"
PCA + KNN,52.77%, 10/19,RH,"[36, 24]","k=65, n_components=3"
PCA + KNN,56.32%, 13/19,RH,"[36, 25]","k=65, n_components=3"
PCA + KNN,52.60%, 10/19,RH,"[36, 26]","k=65, n_components=3"
PCA + KNN,54.77%, 12/19,RH,"[36, 27]","k=65, n_components=3"
PCA + KNN,52.67%, 11/19,RH,"[36, 28]","k=65, n_components=3"
PCA + KNN,51.98%, 9/19,RH,"[36, 29]","k=65, n_components=3"
PCA + KNN,53.21%, 11/19,RH,"[36, 30]","k=65, n_components=3"
PCA + KNN,54.33%, 12/19,RH,"[36, 31]","k=65, n_components=3"
PCA + KNN,55.81%, 12/19,RH,"[36, 32]","k=65, n_components=3"
PCA + KNN,53.55%, 12/19,RH,"[36, 33]","k=65, n_components=3"
PCA + KNN,59.99%, 11/19,RH,"[36, 34]","k=65, n_components=3"
PCA + KNN,53.30%, 10/19,RH,"[36, 35]","k=65, n_components=3"
PCA + KNN,62.33%, 11/19,RH,"[36, 36]","k=65, n_components=3"
PCA + KNN,55.47%, 10/19,RH,"[36, 37]","k=65, n_components=3"
PCA + KNN,62.06%, 11/19,RH,"[36, 38]","k=65, n_components=3"
PCA + KNN,54.58%, 8/19,RH,"[36, 39]","k=65, n_components=3"
PCA + KNN,57.13%, 14/19,RH,"[36, 40]","k=65, n_components=3"
PCA + KNN,54.48%, 9/19,RH,"[36, 41]","k=65, n_components=3"
PCA + KNN,56.76%, 12/19,RH,"[36, 42]","k=65, n_components=3"
PCA + KNN,56.58%, 11/19,RH,"[36, 43]","k=65, n_components=3"
PCA + KNN,55.64%, 8/19,RH,"[36, 44]","k=65, n_components=3"
PCA + KNN,57.04%, 10/19,RH,"[36, 45]","k=65, n_components=3"
PCA + KNN,61.81%, 13/19,RH,"[36, 46]","k=65, n_components=3"
PCA + KNN,57.70%, 12/19,RH,"[36, 47]","k=65, n_components=3"
PCA + KNN,64.15%, 13/19,RH,"[36, 48]","k=65, n_components=3"
PCA + KNN,53.66%, 11/19,RH,"[36, 49]","k=65, n_components=3"
PCA + KNN,62.73%, 13/19,RH,"[36, 50]","k=65, n_components=3"
PCA + KNN,58.08%, 12/19,RH,"[36, 51]","k=65, n_components=3"
PCA + KNN,51.30%, 8/19,RH,"[36, 52]","k=65, n_components=3"
PCA + KNN,53.28%, 11/19,RH,"[36, 53]","k=65, n_components=3"
PCA + KNN,57.14%, 11/19,RH,"[36, 54]","k=65, n_components=3"
PCA + KNN,55.72%, 13/19,RH,"[36, 55]","k=65, n_components=3"
PCA + KNN,49.62%, 8/19,RH,"[36, 56]","k=65, n_components=3"
PCA + KNN,51.48%, 11/19,RH,"[36, 57]","k=65, n_components=3"
PCA + KNN,53.46%, 10/19,RH,"[36, 58]","k=65, n_components=3"
PCA + KNN,49.26%, 8/19,RH,"[36, 59]","k=65, n_components=3"
PCA + KNN,52.22%, 10/19,RH,"[36, 60]","k=65, n_components=3"
PCA + KNN,56.01%, 11/19,RH,"[36, 48, 0]","k=65, n_components=3"
PCA + KNN,52.30%, 10/19,RH,"[36, 48, 1]","k=65, n_components=3"
PCA + KNN,55.26%, 9/19,RH,"[36, 48, 2]","k=65, n_components=3"
PCA + KNN,44.41%, 9/19,RH,"[36, 48, 3]","k=65, n_components=3"
PCA + KNN,48.61%, 7/19,RH,"[36, 48, 4]","k=65, n_components=3"
PCA + KNN,48.34%, 8/19,RH,"[36, 48, 5]","k=65, n_components=3"
PCA + KNN,50.06%, 7/19,RH,"[36, 48, 6]","k=65, n_components=3"
PCA + KNN,57.53%, 12/19,RH,"[36, 48, 7]","k=65, n_components=3"
PCA + KNN,50.18%, 11/19,RH,"[36, 48, 8]","k=65, n_components=3"
PCA + KNN,54.03%, 11/19,RH,"[36, 48, 9]","k=65, n_components=3"
PCA + KNN,49.24%, 7/19,RH,"[36, 48, 10]","k=65, n_components=3"
PCA + KNN,56.07%, 11/19,RH,"[36, 48, 11]","k=65, n_components=3"
PCA + KNN,46.06%, 7/19,RH,"[36, 48, 12]","k=65, n_components=3"
PCA + KNN,55.89%, 11/19,RH,"[36, 48, 13]","k=65, n_components=3"
PCA + KNN,53.85%, 11/19,RH,"[36, 48, 14]","k=65, n_components=3"
PCA + KNN,54.00%, 10/19,RH,"[36, 48, 15]","k=65, n_components=3"
PCA + KNN,58.86%, 11/19,RH,"[36, 48, 16]","k=65, n_components=3"
PCA + KNN,52.65%, 12/19,RH,"[36, 48, 17]","k=65, n_components=3"
PCA + KNN,64.18%, 13/19,RH,"[36, 48, 18]","k=65, n_components=3"
PCA + KNN,58.63%, 11/19,RH,"[36, 48, 19]","k=65, n_components=3"
PCA + KNN,58.01%, 9/19,RH,"[36, 48, 20]","k=65, n_components=3"
PCA + KNN,49.75%, 10/19,RH,"[36, 48, 21]","k=65, n_components=3"
PCA + KNN,51.30%, 7/19,RH,"[36, 48, 22]","k=65, n_components=3"
PCA + KNN,49.45%, 9/19,RH,"[36, 48, 23]","k=65, n_components=3"
PCA + KNN,53.04%, 11/19,RH,"[36, 48, 24]","k=65, n_components=3"
PCA + KNN,59.66%, 12/19,RH,"[36, 48, 25]","k=65, n_components=3"
PCA + KNN,51.31%, 12/19,RH,"[36, 48, 26]","k=65, n_components=3"
PCA + KNN,56.78%, 12/19,RH,"[36, 48, 27]","k=65, n_components=3"
PCA + KNN,55.61%, 12/19,RH,"[36, 48, 28]","k=65, n_components=3"
PCA + KNN,58.30%, 12/19,RH,"[36, 48, 29]","k=65, n_components=3"
PCA + KNN,55.96%, 12/19,RH,"[36, 48, 30]","k=65, n_components=3"
PCA + KNN,59.09%, 11/19,RH,"[36, 48, 31]","k=65, n_components=3"
PCA + KNN,58.75%, 12/19,RH,"[36, 48, 32]","k=65, n_components=3"
PCA + KNN,56.71%, 10/19,RH,"[36, 48, 33]","k=65, n_components=3"
PCA + KNN,60.47%, 13/19,RH,"[36, 48, 34]","k=65, n_components=3"
PCA + KNN,54.77%, 11/19,RH,"[36, 48, 35]","k=65, n_components=3"
PCA + KNN,65.07%, 12/19,RH,"[36, 48, 36]","k=65, n_components=3"
PCA + KNN,58.80%, 11/19,RH,"[36, 48, 37]","k=65, n_components=3"
PCA + KNN,63.59%, 13/19,RH,"[36, 48, 38]","k=65, n_components=3"
PCA + KNN,56.42%, 10/19,RH,"[36, 48, 39]","k=65, n_components=3"
PCA + KNN,56.91%, 10/19,RH,"[36, 48, 40]","k=65, n_components=3"
PCA + KNN,55.34%, 10/19,RH,"[36, 48, 41]","k=65, n_components=3"
PCA + KNN,56.16%, 10/19,RH,"[36, 48, 42]","k=65, n_components=3"
PCA + KNN,58.58%, 12/19,RH,"[36, 48, 43]","k=65, n_components=3"
PCA + KNN,54.57%, 11/19,RH,"[36, 48, 44]","k=65, n_components=3"
PCA + KNN,60.13%, 10/19,RH,"[36, 48, 45]","k=65, n_components=3"
PCA + KNN,60.89%, 12/19,RH,"[36, 48, 46]","k=65, n_components=3"
PCA + KNN,59.55%, 12/19,RH,"[36, 48, 47]","k=65, n_components=3"
PCA + KNN,63.01%, 12/19,RH,"[36, 48, 48]","k=65, n_components=3"
PCA + KNN,57.18%, 11/19,RH,"[36, 48, 49]","k=65, n_components=3"
PCA + KNN,63.21%, 12/19,RH,"[36, 48, 50]","k=65, n_components=3"
PCA + KNN,60.17%, 11/19,RH,"[36, 48, 51]","k=65, n_components=3"
PCA + KNN,55.33%, 11/19,RH,"[36, 48, 52]","k=65, n_components=3"
PCA + KNN,56.19%, 12/19,RH,"[36, 48, 53]","k=65, n_components=3"
PCA + KNN,58.83%, 10/19,RH,"[36, 48, 54]","k=65, n_components=3"
PCA + KNN,55.12%, 10/19,RH,"[36, 48, 55]","k=65, n_components=3"
PCA + KNN,52.45%, 10/19,RH,"[36, 48, 56]","k=65, n_components=3"
PCA + KNN,50.78%, 11/19,RH,"[36, 48, 57]","k=65, n_components=3"
PCA + KNN,51.96%, 8/19,RH,"[36, 48, 58]","k=65, n_components=3"
PCA + KNN,53.79%, 11/19,RH,"[36, 48, 59]","k=65, n_components=3"
PCA + KNN,53.74%, 10/19,RH,"[36, 48, 60]","k=65, n_components=3"
PCA + KNN,54.77%, 10/19,RH,"[36, 48]","k=1, n_components=3"
PCA + KNN,59.51%, 13/19,RH,"[36, 48]","k=6, n_components=3"
PCA + KNN,63.07%, 12/19,RH,"[36, 48]","k=11, n_components=3"
PCA + KNN,64.21%, 13/19,RH,"[36, 48]","k=16, n_components=3"
PCA + KNN,64.24%, 14/19,RH,"[36, 48]","k=21, n_components=3"
PCA + KNN,63.79%, 13/19,RH,"[36, 48]","k=26, n_components=3"
PCA + KNN,63.55%, 12/19,RH,"[36, 48]","k=31, n_components=3"
PCA + KNN,64.68%, 13/19,RH,"[36, 48]","k=36, n_components=3"
PCA + KNN,64.35%, 12/19,RH,"[36, 48]","k=41, n_components=3"
PCA + KNN,63.09%, 12/19,RH,"[36, 48]","k=46, n_components=3"
PCA + KNN,63.24%, 11/19,RH,"[36, 48]","k=51, n_components=3"
PCA + KNN,62.20%, 11/19,RH,"[36, 48]","k=56, n_components=3"
PCA + KNN,61.34%, 11/19,RH,"[36, 48]","k=61, n_components=3"
PCA + KNN,61.25%, 10/19,RH,"[36, 48]","k=66, n_components=3"
PCA + KNN,61.61%, 11/19,RH,"[36, 48]","k=71, n_components=3"
PCA + KNN,61.53%, 10/19,RH,"[36, 48]","k=76, n_components=3"
PCA + KNN,61.73%, 11/19,RH,"[36, 48]","k=81, n_components=3"
PCA + KNN,61.34%, 10/19,RH,"[36, 48]","k=86, n_components=3"
PCA + KNN,61.82%, 10/19,RH,"[36, 48]","k=91, n_components=3"
PCA + KNN,62.09%, 10/19,RH,"[36, 48]","k=96, n_components=3"
PCA + KNN,62.68%, 11/19,RH,"[36, 48]","k=101, n_components=3"
PCA + KNN,61.82%, 10/19,RH,"[36, 48]","k=106, n_components=3"
PCA + KNN,62.51%, 10/19,RH,"[36, 48]","k=111, n_components=3"
PCA + KNN,62.35%, 10/19,RH,"[36, 48]","k=116, n_components=3"
PCA + KNN,62.15%, 12/19,RH,"[36, 48]","k=121, n_components=3"
PCA + KNN,61.68%, 10/19,RH,"[36, 48]","k=126, n_components=3"
PCA + KNN,61.31%, 10/19,RH,"[36, 48]","k=131, n_components=3"
PCA + KNN,60.90%, 10/19,RH,"[36, 48]","k=136, n_components=3"
PCA + KNN,60.25%, 10/19,RH,"[36, 48]","k=141, n_components=3"
PCA + KNN,60.27%, 11/19,RH,"[36, 48]","k=146, n_components=3"
PCA + KNN,63.39%, 12/19,RH,"[36, 48]","k=30, n_components=3"
PCA + KNN,63.55%, 12/19,RH,"[36, 48]","k=31, n_components=3"
PCA + KNN,63.38%, 11/19,RH,"[36, 48]","k=32, n_components=3"
PCA + KNN,64.25%, 12/19,RH,"[36, 48]","k=33, n_components=3"
PCA + KNN,63.97%, 12/19,RH,"[36, 48]","k=34, n_components=3"
PCA + KNN,64.73%, 13/19,RH,"[36, 48]","k=35, n_components=3"
PCA + KNN,64.68%, 13/19,RH,"[36, 48]","k=36, n_components=3"
PCA + KNN,64.57%, 13/19,RH,"[36, 48]","k=37, n_components=3"
PCA + KNN,64.56%, 12/19,RH,"[36, 48]","k=38, n_components=3"
PCA + KNN,64.86%, 13/19,RH,"[36, 48]","k=39, n_components=3"
PCA + KNN,56.01%, 11/19,RH,"[36, 48, 0]","k=39, n_components=3"
PCA + KNN,52.30%, 10/19,RH,"[36, 48, 1]","k=39, n_components=3"
PCA + KNN,55.26%, 9/19,RH,"[36, 48, 2]","k=39, n_components=3"
PCA + KNN,44.41%, 9/19,RH,"[36, 48, 3]","k=39, n_components=3"
PCA + KNN,48.61%, 7/19,RH,"[36, 48, 4]","k=39, n_components=3"
PCA + KNN,48.34%, 8/19,RH,"[36, 48, 5]","k=39, n_components=3"
PCA + KNN,50.06%, 7/19,RH,"[36, 48, 6]","k=39, n_components=3"
PCA + KNN,57.53%, 12/19,RH,"[36, 48, 7]","k=39, n_components=3"
PCA + KNN,50.18%, 11/19,RH,"[36, 48, 8]","k=39, n_components=3"
PCA + KNN,54.03%, 11/19,RH,"[36, 48, 9]","k=39, n_components=3"
PCA + KNN,49.24%, 7/19,RH,"[36, 48, 10]","k=39, n_components=3"
PCA + KNN,56.07%, 11/19,RH,"[36, 48, 11]","k=39, n_components=3"
PCA + KNN,46.06%, 7/19,RH,"[36, 48, 12]","k=39, n_components=3"
PCA + KNN,55.89%, 11/19,RH,"[36, 48, 13]","k=39, n_components=3"
PCA + KNN,53.85%, 11/19,RH,"[36, 48, 14]","k=39, n_components=3"
PCA + KNN,54.00%, 10/19,RH,"[36, 48, 15]","k=39, n_components=3"
PCA + KNN,58.86%, 11/19,RH,"[36, 48, 16]","k=39, n_components=3"
PCA + KNN,52.65%, 12/19,RH,"[36, 48, 17]","k=39, n_components=3"
PCA + KNN,64.18%, 13/19,RH,"[36, 48, 18]","k=39, n_components=3"
PCA + KNN,58.63%, 11/19,RH,"[36, 48, 19]","k=39, n_components=3"
PCA + KNN,58.01%, 9/19,RH,"[36, 48, 20]","k=39, n_components=3"
PCA + KNN,49.75%, 10/19,RH,"[36, 48, 21]","k=39, n_components=3"
PCA + KNN,51.30%, 7/19,RH,"[36, 48, 22]","k=39, n_components=3"
PCA + KNN,49.45%, 9/19,RH,"[36, 48, 23]","k=39, n_components=3"
PCA + KNN,53.04%, 11/19,RH,"[36, 48, 24]","k=39, n_components=3"
PCA + KNN,59.66%, 12/19,RH,"[36, 48, 25]","k=39, n_components=3"
PCA + KNN,51.31%, 12/19,RH,"[36, 48, 26]","k=39, n_components=3"
PCA + KNN,56.78%, 12/19,RH,"[36, 48, 27]","k=39, n_components=3"
PCA + KNN,55.61%, 12/19,RH,"[36, 48, 28]","k=39, n_components=3"
PCA + KNN,58.30%, 12/19,RH,"[36, 48, 29]","k=39, n_components=3"
PCA + KNN,55.96%, 12/19,RH,"[36, 48, 30]","k=39, n_components=3"
PCA + KNN,59.09%, 11/19,RH,"[36, 48, 31]","k=39, n_components=3"
PCA + KNN,58.75%, 12/19,RH,"[36, 48, 32]","k=39, n_components=3"
PCA + KNN,56.71%, 10/19,RH,"[36, 48, 33]","k=39, n_components=3"
PCA + KNN,60.47%, 13/19,RH,"[36, 48, 34]","k=39, n_components=3"
PCA + KNN,54.77%, 11/19,RH,"[36, 48, 35]","k=39, n_components=3"
PCA + KNN,65.07%, 12/19,RH,"[36, 48, 36]","k=39, n_components=3"
PCA + KNN,58.80%, 11/19,RH,"[36, 48, 37]","k=39, n_components=3"
PCA + KNN,63.59%, 13/19,RH,"[36, 48, 38]","k=39, n_components=3"
PCA + KNN,56.42%, 10/19,RH,"[36, 48, 39]","k=39, n_components=3"
PCA + KNN,56.91%, 10/19,RH,"[36, 48, 40]","k=39, n_components=3"
PCA + KNN,55.34%, 10/19,RH,"[36, 48, 41]","k=39, n_components=3"
PCA + KNN,56.16%, 10/19,RH,"[36, 48, 42]","k=39, n_components=3"
PCA + KNN,58.58%, 12/19,RH,"[36, 48, 43]","k=39, n_components=3"
PCA + KNN,54.57%, 11/19,RH,"[36, 48, 44]","k=39, n_components=3"
PCA + KNN,60.13%, 10/19,RH,"[36, 48, 45]","k=39, n_components=3"
PCA + KNN,60.89%, 12/19,RH,"[36, 48, 46]","k=39, n_components=3"
PCA + KNN,59.55%, 12/19,RH,"[36, 48, 47]","k=39, n_components=3"
PCA + KNN,63.01%, 12/19,RH,"[36, 48, 48]","k=39, n_components=3"
PCA + KNN,57.18%, 11/19,RH,"[36, 48, 49]","k=39, n_components=3"
PCA + KNN,63.21%, 12/19,RH,"[36, 48, 50]","k=39, n_components=3"
PCA + KNN,60.17%, 11/19,RH,"[36, 48, 51]","k=39, n_components=3"
PCA + KNN,55.33%, 11/19,RH,"[36, 48, 52]","k=39, n_components=3"
PCA + KNN,56.19%, 12/19,RH,"[36, 48, 53]","k=39, n_components=3"
PCA + KNN,58.83%, 10/19,RH,"[36, 48, 54]","k=39, n_components=3"
PCA + KNN,55.12%, 10/19,RH,"[36, 48, 55]","k=39, n_components=3"
PCA + KNN,52.45%, 10/19,RH,"[36, 48, 56]","k=39, n_components=3"
PCA + KNN,50.78%, 11/19,RH,"[36, 48, 57]","k=39, n_components=3"
PCA + KNN,51.96%, 8/19,RH,"[36, 48, 58]","k=39, n_components=3"
PCA + KNN,53.79%, 11/19,RH,"[36, 48, 59]","k=39, n_components=3"
PCA + KNN,53.74%, 10/19,RH,"[36, 48, 60]","k=39, n_components=3"
PCA + KNN,58.65%, 13/19,RH,"[36, 36, 48, 0]","k=39, n_components=3"
PCA + KNN,57.80%, 10/19,RH,"[36, 36, 48, 1]","k=39, n_components=3"
PCA + KNN,56.35%, 9/19,RH,"[36, 36, 48, 2]","k=39, n_components=3"
PCA + KNN,47.38%, 9/19,RH,"[36, 36, 48, 3]","k=39, n_components=3"
PCA + KNN,52.43%, 9/19,RH,"[36, 36, 48, 4]","k=39, n_components=3"
PCA + KNN,52.53%, 9/19,RH,"[36, 36, 48, 5]","k=39, n_components=3"
PCA + KNN,53.11%, 11/19,RH,"[36, 36, 48, 6]","k=39, n_components=3"
PCA + KNN,57.82%, 10/19,RH,"[36, 36, 48, 7]","k=39, n_components=3"
PCA + KNN,52.06%, 12/19,RH,"[36, 36, 48, 8]","k=39, n_components=3"
PCA + KNN,57.54%, 11/19,RH,"[36, 36, 48, 9]","k=39, n_components=3"
PCA + KNN,54.72%, 10/19,RH,"[36, 36, 48, 10]","k=39, n_components=3"
PCA + KNN,57.60%, 14/19,RH,"[36, 36, 48, 11]","k=39, n_components=3"
PCA + KNN,50.52%, 8/19,RH,"[36, 36, 48, 12]","k=39, n_components=3"
PCA + KNN,57.17%, 12/19,RH,"[36, 36, 48, 13]","k=39, n_components=3"
PCA + KNN,56.25%, 10/19,RH,"[36, 36, 48, 14]","k=39, n_components=3"
PCA + KNN,55.59%, 11/19,RH,"[36, 36, 48, 15]","k=39, n_components=3"
PCA + KNN,58.82%, 10/19,RH,"[36, 36, 48, 16]","k=39, n_components=3"
PCA + KNN,55.25%, 12/19,RH,"[36, 36, 48, 17]","k=39, n_components=3"
PCA + KNN,65.82%, 13/19,RH,"[36, 36, 48, 18]","k=39, n_components=3"
PCA + KNN,59.43%, 12/19,RH,"[36, 36, 48, 19]","k=39, n_components=3"
PCA + KNN,61.60%, 13/19,RH,"[36, 36, 48, 20]","k=39, n_components=3"
PCA + KNN,51.70%, 10/19,RH,"[36, 36, 48, 21]","k=39, n_components=3"
PCA + KNN,55.22%, 11/19,RH,"[36, 36, 48, 22]","k=39, n_components=3"
PCA + KNN,52.26%, 9/19,RH,"[36, 36, 48, 23]","k=39, n_components=3"
PCA + KNN,55.57%, 13/19,RH,"[36, 36, 48, 24]","k=39, n_components=3"
PCA + KNN,57.56%, 10/19,RH,"[36, 36, 48, 25]","k=39, n_components=3"
PCA + KNN,53.81%, 13/19,RH,"[36, 36, 48, 26]","k=39, n_components=3"
PCA + KNN,60.74%, 13/19,RH,"[36, 36, 48, 27]","k=39, n_components=3"
PCA + KNN,60.18%, 13/19,RH,"[36, 36, 48, 28]","k=39, n_components=3"
PCA + KNN,60.32%, 13/19,RH,"[36, 36, 48, 29]","k=39, n_components=3"
PCA + KNN,58.82%, 12/19,RH,"[36, 36, 48, 30]","k=39, n_components=3"
PCA + KNN,60.46%, 12/19,RH,"[36, 36, 48, 31]","k=39, n_components=3"
PCA + KNN,61.53%, 13/19,RH,"[36, 36, 48, 32]","k=39, n_components=3"
PCA + KNN,59.08%, 11/19,RH,"[36, 36, 48, 33]","k=39, n_components=3"
PCA + KNN,62.39%, 11/19,RH,"[36, 36, 48, 34]","k=39, n_components=3"
PCA + KNN,57.95%, 12/19,RH,"[36, 36, 48, 35]","k=39, n_components=3"
PCA + KNN,64.06%, 12/19,RH,"[36, 36, 48, 36]","k=39, n_components=3"
PCA + KNN,59.61%, 12/19,RH,"[36, 36, 48, 37]","k=39, n_components=3"
PCA + KNN,62.28%, 13/19,RH,"[36, 36, 48, 38]","k=39, n_components=3"
PCA + KNN,57.70%, 10/19,RH,"[36, 36, 48, 39]","k=39, n_components=3"
PCA + KNN,58.93%, 10/19,RH,"[36, 36, 48, 40]","k=39, n_components=3"
PCA + KNN,57.03%, 10/19,RH,"[36, 36, 48, 41]","k=39, n_components=3"
PCA + KNN,57.27%, 12/19,RH,"[36, 36, 48, 42]","k=39, n_components=3"
PCA + KNN,59.20%, 10/19,RH,"[36, 36, 48, 43]","k=39, n_components=3"
PCA + KNN,56.76%, 11/19,RH,"[36, 36, 48, 44]","k=39, n_components=3"
PCA + KNN,61.68%, 13/19,RH,"[36, 36, 48, 45]","k=39, n_components=3"
PCA + KNN,61.90%, 12/19,RH,"[36, 36, 48, 46]","k=39, n_components=3"
PCA + KNN,62.51%, 12/19,RH,"[36, 36, 48, 47]","k=39, n_components=3"
PCA + KNN,64.15%, 13/19,RH,"[36, 36, 48, 48]","k=39, n_components=3"
PCA + KNN,59.78%, 11/19,RH,"[36, 36, 48, 49]","k=39, n_components=3"
PCA + KNN,64.40%, 14/19,RH,"[36, 36, 48, 50]","k=39, n_components=3"
PCA + KNN,61.91%, 13/19,RH,"[36, 36, 48, 51]","k=39, n_components=3"
PCA + KNN,57.43%, 12/19,RH,"[36, 36, 48, 52]","k=39, n_components=3"
PCA + KNN,56.37%, 12/19,RH,"[36, 36, 48, 53]","k=39, n_components=3"
PCA + KNN,61.18%, 10/19,RH,"[36, 36, 48, 54]","k=39, n_components=3"
PCA + KNN,55.44%, 11/19,RH,"[36, 36, 48, 55]","k=39, n_components=3"
PCA + KNN,55.52%, 10/19,RH,"[36, 36, 48, 56]","k=39, n_components=3"
PCA + KNN,53.41%, 10/19,RH,"[36, 36, 48, 57]","k=39, n_components=3"
PCA + KNN,53.38%, 9/19,RH,"[36, 36, 48, 58]","k=39, n_components=3"
PCA + KNN,54.99%, 11/19,RH,"[36, 36, 48, 59]","k=39, n_components=3"
PCA + KNN,56.45%, 10/19,RH,"[36, 36, 48, 60]","k=39, n_components=3"
PCA + KNN,60.47%, 14/19,RH,"[18, 36, 36, 48, 0]","k=39, n_components=3"
PCA + KNN,56.93%, 11/19,RH,"[18, 36, 36, 48, 1]","k=39, n_components=3"
PCA + KNN,57.87%, 13/19,RH,"[18, 36, 36, 48, 2]","k=39, n_components=3"
PCA + KNN,49.03%, 9/19,RH,"[18, 36, 36, 48, 3]","k=39, n_components=3"
PCA + KNN,51.37%, 10/19,RH,"[18, 36, 36, 48, 4]","k=39, n_components=3"
PCA + KNN,53.01%, 10/19,RH,"[18, 36, 36, 48, 5]","k=39, n_components=3"
PCA + KNN,53.37%, 11/19,RH,"[18, 36, 36, 48, 6]","k=39, n_components=3"
PCA + KNN,56.29%, 11/19,RH,"[18, 36, 36, 48, 7]","k=39, n_components=3"
PCA + KNN,54.21%, 11/19,RH,"[18, 36, 36, 48, 8]","k=39, n_components=3"
PCA + KNN,58.22%, 12/19,RH,"[18, 36, 36, 48, 9]","k=39, n_components=3"
PCA + KNN,56.31%, 10/19,RH,"[18, 36, 36, 48, 10]","k=39, n_components=3"
PCA + KNN,58.21%, 13/19,RH,"[18, 36, 36, 48, 11]","k=39, n_components=3"
PCA + KNN,52.70%, 9/19,RH,"[18, 36, 36, 48, 12]","k=39, n_components=3"
PCA + KNN,57.74%, 12/19,RH,"[18, 36, 36, 48, 13]","k=39, n_components=3"
PCA + KNN,56.63%, 11/19,RH,"[18, 36, 36, 48, 14]","k=39, n_components=3"
PCA + KNN,55.76%, 12/19,RH,"[18, 36, 36, 48, 15]","k=39, n_components=3"
PCA + KNN,57.93%, 10/19,RH,"[18, 36, 36, 48, 16]","k=39, n_components=3"
PCA + KNN,55.54%, 12/19,RH,"[18, 36, 36, 48, 17]","k=39, n_components=3"
PCA + KNN,62.91%, 12/19,RH,"[18, 36, 36, 48, 18]","k=39, n_components=3"
PCA + KNN,58.81%, 13/19,RH,"[18, 36, 36, 48, 19]","k=39, n_components=3"
PCA + KNN,60.27%, 13/19,RH,"[18, 36, 36, 48, 20]","k=39, n_components=3"
PCA + KNN,52.98%, 10/19,RH,"[18, 36, 36, 48, 21]","k=39, n_components=3"
PCA + KNN,54.46%, 9/19,RH,"[18, 36, 36, 48, 22]","k=39, n_components=3"
PCA + KNN,55.75%, 13/19,RH,"[18, 36, 36, 48, 23]","k=39, n_components=3"
PCA + KNN,55.74%, 11/19,RH,"[18, 36, 36, 48, 24]","k=39, n_components=3"
PCA + KNN,56.63%, 11/19,RH,"[18, 36, 36, 48, 25]","k=39, n_components=3"
PCA + KNN,55.21%, 11/19,RH,"[18, 36, 36, 48, 26]","k=39, n_components=3"
PCA + KNN,61.19%, 14/19,RH,"[18, 36, 36, 48, 27]","k=39, n_components=3"
PCA + KNN,60.30%, 13/19,RH,"[18, 36, 36, 48, 28]","k=39, n_components=3"
PCA + KNN,61.07%, 13/19,RH,"[18, 36, 36, 48, 29]","k=39, n_components=3"
PCA + KNN,60.65%, 13/19,RH,"[18, 36, 36, 48, 30]","k=39, n_components=3"
PCA + KNN,60.15%, 12/19,RH,"[18, 36, 36, 48, 31]","k=39, n_components=3"
PCA + KNN,60.30%, 12/19,RH,"[18, 36, 36, 48, 32]","k=39, n_components=3"
PCA + KNN,58.78%, 13/19,RH,"[18, 36, 36, 48, 33]","k=39, n_components=3"
PCA + KNN,61.25%, 13/19,RH,"[18, 36, 36, 48, 34]","k=39, n_components=3"
PCA + KNN,57.79%, 13/19,RH,"[18, 36, 36, 48, 35]","k=39, n_components=3"
PCA + KNN,65.70%, 14/19,RH,"[18, 36, 36, 48, 36]","k=39, n_components=3"
PCA + KNN,60.03%, 11/19,RH,"[18, 36, 36, 48, 37]","k=39, n_components=3"
PCA + KNN,63.73%, 14/19,RH,"[18, 36, 36, 48, 38]","k=39, n_components=3"
PCA + KNN,59.11%, 12/19,RH,"[18, 36, 36, 48, 39]","k=39, n_components=3"
PCA + KNN,61.29%, 13/19,RH,"[18, 36, 36, 48, 40]","k=39, n_components=3"
PCA + KNN,59.73%, 12/19,RH,"[18, 36, 36, 48, 41]","k=39, n_components=3"
PCA + KNN,58.83%, 12/19,RH,"[18, 36, 36, 48, 42]","k=39, n_components=3"
PCA + KNN,58.94%, 11/19,RH,"[18, 36, 36, 48, 43]","k=39, n_components=3"
PCA + KNN,60.64%, 12/19,RH,"[18, 36, 36, 48, 44]","k=39, n_components=3"
PCA + KNN,63.20%, 12/19,RH,"[18, 36, 36, 48, 45]","k=39, n_components=3"
PCA + KNN,63.28%, 15/19,RH,"[18, 36, 36, 48, 46]","k=39, n_components=3"
PCA + KNN,62.90%, 12/19,RH,"[18, 36, 36, 48, 47]","k=39, n_components=3"
PCA + KNN,64.92%, 13/19,RH,"[18, 36, 36, 48, 48]","k=39, n_components=3"
PCA + KNN,59.58%, 11/19,RH,"[18, 36, 36, 48, 49]","k=39, n_components=3"
PCA + KNN,63.27%, 14/19,RH,"[18, 36, 36, 48, 50]","k=39, n_components=3"
PCA + KNN,62.45%, 13/19,RH,"[18, 36, 36, 48, 51]","k=39, n_components=3"
PCA + KNN,58.65%, 13/19,RH,"[18, 36, 36, 48, 52]","k=39, n_components=3"
PCA + KNN,56.74%, 12/19,RH,"[18, 36, 36, 48, 53]","k=39, n_components=3"
PCA + KNN,61.40%, 12/19,RH,"[18, 36, 36, 48, 54]","k=39, n_components=3"
PCA + KNN,55.93%, 10/19,RH,"[18, 36, 36, 48, 55]","k=39, n_components=3"
PCA + KNN,56.43%, 11/19,RH,"[18, 36, 36, 48, 56]","k=39, n_components=3"
PCA + KNN,53.47%, 10/19,RH,"[18, 36, 36, 48, 57]","k=39, n_components=3"
PCA + KNN,53.74%, 11/19,RH,"[18, 36, 36, 48, 58]","k=39, n_components=3"
PCA + KNN,54.17%, 10/19,RH,"[18, 36, 36, 48, 59]","k=39, n_components=3"
PCA + KNN,57.83%, 11/19,RH,"[18, 36, 36, 48, 60]","k=39, n_components=3"
PCA + KNN,58.56%, 12/19,RH,"[18, 36, 48, 0]","k=39, n_components=3"
PCA + KNN,53.44%, 10/19,RH,"[18, 36, 48, 1]","k=39, n_components=3"
PCA + KNN,54.80%, 9/19,RH,"[18, 36, 48, 2]","k=39, n_components=3"
PCA + KNN,48.44%, 10/19,RH,"[18, 36, 48, 3]","k=39, n_components=3"
PCA + KNN,48.83%, 9/19,RH,"[18, 36, 48, 4]","k=39, n_components=3"
PCA + KNN,51.49%, 9/19,RH,"[18, 36, 48, 5]","k=39, n_components=3"
PCA + KNN,52.34%, 10/19,RH,"[18, 36, 48, 6]","k=39, n_components=3"
PCA + KNN,54.31%, 10/19,RH,"[18, 36, 48, 7]","k=39, n_components=3"
PCA + KNN,52.07%, 11/19,RH,"[18, 36, 48, 8]","k=39, n_components=3"
PCA + KNN,54.59%, 10/19,RH,"[18, 36, 48, 9]","k=39, n_components=3"
PCA + KNN,53.15%, 8/19,RH,"[18, 36, 48, 10]","k=39, n_components=3"
PCA + KNN,54.28%, 11/19,RH,"[18, 36, 48, 11]","k=39, n_components=3"
PCA + KNN,49.38%, 9/19,RH,"[18, 36, 48, 12]","k=39, n_components=3"
PCA + KNN,56.55%, 10/19,RH,"[18, 36, 48, 13]","k=39, n_components=3"
PCA + KNN,53.87%, 11/19,RH,"[18, 36, 48, 14]","k=39, n_components=3"
PCA + KNN,55.05%, 11/19,RH,"[18, 36, 48, 15]","k=39, n_components=3"
PCA + KNN,55.18%, 10/19,RH,"[18, 36, 48, 16]","k=39, n_components=3"
PCA + KNN,54.07%, 12/19,RH,"[18, 36, 48, 17]","k=39, n_components=3"
PCA + KNN,63.03%, 13/19,RH,"[18, 36, 48, 18]","k=39, n_components=3"
PCA + KNN,57.01%, 12/19,RH,"[18, 36, 48, 19]","k=39, n_components=3"
PCA + KNN,59.58%, 12/19,RH,"[18, 36, 48, 20]","k=39, n_components=3"
PCA + KNN,52.75%, 11/19,RH,"[18, 36, 48, 21]","k=39, n_components=3"
PCA + KNN,52.07%, 10/19,RH,"[18, 36, 48, 22]","k=39, n_components=3"
PCA + KNN,54.65%, 11/19,RH,"[18, 36, 48, 23]","k=39, n_components=3"
PCA + KNN,55.31%, 11/19,RH,"[18, 36, 48, 24]","k=39, n_components=3"
PCA + KNN,56.59%, 11/19,RH,"[18, 36, 48, 25]","k=39, n_components=3"
PCA + KNN,54.31%, 11/19,RH,"[18, 36, 48, 26]","k=39, n_components=3"
PCA + KNN,59.26%, 13/19,RH,"[18, 36, 48, 27]","k=39, n_components=3"
PCA + KNN,58.03%, 11/19,RH,"[18, 36, 48, 28]","k=39, n_components=3"
PCA + KNN,58.91%, 13/19,RH,"[18, 36, 48, 29]","k=39, n_components=3"
PCA + KNN,57.42%, 11/19,RH,"[18, 36, 48, 30]","k=39, n_components=3"
PCA + KNN,59.28%, 12/19,RH,"[18, 36, 48, 31]","k=39, n_components=3"
PCA + KNN,58.88%, 12/19,RH,"[18, 36, 48, 32]","k=39, n_components=3"
PCA + KNN,58.38%, 12/19,RH,"[18, 36, 48, 33]","k=39, n_components=3"
PCA + KNN,58.98%, 12/19,RH,"[18, 36, 48, 34]","k=39, n_components=3"
PCA + KNN,57.10%, 12/19,RH,"[18, 36, 48, 35]","k=39, n_components=3"
PCA + KNN,65.82%, 13/19,RH,"[18, 36, 48, 36]","k=39, n_components=3"
PCA + KNN,59.64%, 11/19,RH,"[18, 36, 48, 37]","k=39, n_components=3"
PCA + KNN,63.41%, 12/19,RH,"[18, 36, 48, 38]","k=39, n_components=3"
PCA + KNN,58.86%, 12/19,RH,"[18, 36, 48, 39]","k=39, n_components=3"
PCA + KNN,59.24%, 12/19,RH,"[18, 36, 48, 40]","k=39, n_components=3"
PCA + KNN,59.33%, 12/19,RH,"[18, 36, 48, 41]","k=39, n_components=3"
PCA + KNN,56.85%, 12/19,RH,"[18, 36, 48, 42]","k=39, n_components=3"
PCA + KNN,57.72%, 10/19,RH,"[18, 36, 48, 43]","k=39, n_components=3"
PCA + KNN,59.15%, 12/19,RH,"[18, 36, 48, 44]","k=39, n_components=3"
PCA + KNN,62.08%, 12/19,RH,"[18, 36, 48, 45]","k=39, n_components=3"
PCA + KNN,61.74%, 13/19,RH,"[18, 36, 48, 46]","k=39, n_components=3"
PCA + KNN,61.17%, 13/19,RH,"[18, 36, 48, 47]","k=39, n_components=3"
PCA + KNN,62.02%, 14/19,RH,"[18, 36, 48, 48]","k=39, n_components=3"
PCA + KNN,57.20%, 12/19,RH,"[18, 36, 48, 49]","k=39, n_components=3"
PCA + KNN,61.74%, 14/19,RH,"[18, 36, 48, 50]","k=39, n_components=3"
PCA + KNN,58.21%, 11/19,RH,"[18, 36, 48, 51]","k=39, n_components=3"
PCA + KNN,55.62%, 12/19,RH,"[18, 36, 48, 52]","k=39, n_components=3"
PCA + KNN,56.27%, 12/19,RH,"[18, 36, 48, 53]","k=39, n_components=3"
PCA + KNN,59.19%, 13/19,RH,"[18, 36, 48, 54]","k=39, n_components=3"
PCA + KNN,54.86%, 11/19,RH,"[18, 36, 48, 55]","k=39, n_components=3"
PCA + KNN,54.39%, 11/19,RH,"[18, 36, 48, 56]","k=39, n_components=3"
PCA + KNN,52.28%, 10/19,RH,"[18, 36, 48, 57]","k=39, n_components=3"
PCA + KNN,53.03%, 11/19,RH,"[18, 36, 48, 58]","k=39, n_components=3"
PCA + KNN,51.37%, 9/19,RH,"[18, 36, 48, 59]","k=39, n_components=3"
PCA + KNN,56.25%, 12/19,RH,"[18, 36, 48, 60]","k=39, n_components=3"
PCA + KNN,58.11%, 12/19,RH,"[18, 36, 48, 0]","k=39, n_components=3"
PCA + KNN,55.52%, 11/19,RH,"[18, 36, 48, 1]","k=39, n_components=3"
PCA + KNN,55.74%, 12/19,RH,"[18, 36, 48, 2]","k=39, n_components=3"
PCA + KNN,51.05%, 9/19,RH,"[18, 36, 48, 3]","k=39, n_components=3"
PCA + KNN,50.31%, 9/19,RH,"[18, 36, 48, 4]","k=39, n_components=3"
PCA + KNN,54.62%, 10/19,RH,"[18, 36, 48, 5]","k=39, n_components=3"
PCA + KNN,54.92%, 11/19,RH,"[18, 36, 48, 6]","k=39, n_components=3"
PCA + KNN,57.70%, 9/19,RH,"[18, 36, 48, 7]","k=39, n_components=3"
PCA + KNN,51.60%, 10/19,RH,"[18, 36, 48, 8]","k=39, n_components=3"
PCA + KNN,57.02%, 10/19,RH,"[18, 36, 48, 9]","k=39, n_components=3"
PCA + KNN,56.27%, 8/19,RH,"[18, 36, 48, 10]","k=39, n_components=3"
PCA + KNN,57.87%, 11/19,RH,"[18, 36, 48, 11]","k=39, n_components=3"
PCA + KNN,52.96%, 9/19,RH,"[18, 36, 48, 12]","k=39, n_components=3"
PCA + KNN,55.25%, 12/19,RH,"[18, 36, 48, 13]","k=39, n_components=3"
PCA + KNN,56.98%, 9/19,RH,"[18, 36, 48, 14]","k=39, n_components=3"
PCA + KNN,56.24%, 12/19,RH,"[18, 36, 48, 15]","k=39, n_components=3"
PCA + KNN,59.42%, 11/19,RH,"[18, 36, 48, 16]","k=39, n_components=3"
PCA + KNN,55.72%, 12/19,RH,"[18, 36, 48, 17]","k=39, n_components=3"
PCA + KNN,62.35%, 14/19,RH,"[18, 36, 48, 18]","k=39, n_components=3"
PCA + KNN,57.58%, 10/19,RH,"[18, 36, 48, 19]","k=39, n_components=3"
PCA + KNN,58.79%, 12/19,RH,"[18, 36, 48, 20]","k=39, n_components=3"
PCA + KNN,55.03%, 12/19,RH,"[18, 36, 48, 21]","k=39, n_components=3"
PCA + KNN,56.40%, 12/19,RH,"[18, 36, 48, 22]","k=39, n_components=3"
PCA + KNN,57.37%, 12/19,RH,"[18, 36, 48, 23]","k=39, n_components=3"
PCA + KNN,58.40%, 12/19,RH,"[18, 36, 48, 24]","k=39, n_components=3"
PCA + KNN,56.62%, 11/19,RH,"[18, 36, 48, 25]","k=39, n_components=3"
PCA + KNN,53.59%, 11/19,RH,"[18, 36, 48, 26]","k=39, n_components=3"
PCA + KNN,60.12%, 12/19,RH,"[18, 36, 48, 27]","k=39, n_components=3"
PCA + KNN,60.22%, 12/19,RH,"[18, 36, 48, 28]","k=39, n_components=3"
PCA + KNN,59.11%, 11/19,RH,"[18, 36, 48, 29]","k=39, n_components=3"
PCA + KNN,59.52%, 10/19,RH,"[18, 36, 48, 30]","k=39, n_components=3"
PCA + KNN,58.49%, 11/19,RH,"[18, 36, 48, 31]","k=39, n_components=3"
PCA + KNN,59.71%, 10/19,RH,"[18, 36, 48, 32]","k=39, n_components=3"
PCA + KNN,57.99%, 11/19,RH,"[18, 36, 48, 33]","k=39, n_components=3"
PCA + KNN,61.85%, 12/19,RH,"[18, 36, 48, 34]","k=39, n_components=3"
PCA + KNN,57.41%, 12/19,RH,"[18, 36, 48, 35]","k=39, n_components=3"
PCA + KNN,63.93%, 11/19,RH,"[18, 36, 48, 36]","k=39, n_components=3"
PCA + KNN,58.99%, 10/19,RH,"[18, 36, 48, 37]","k=39, n_components=3"
PCA + KNN,61.48%, 12/19,RH,"[18, 36, 48, 38]","k=39, n_components=3"
PCA + KNN,58.32%, 11/19,RH,"[18, 36, 48, 39]","k=39, n_components=3"
PCA + KNN,60.58%, 12/19,RH,"[18, 36, 48, 40]","k=39, n_components=3"
PCA + KNN,57.97%, 12/19,RH,"[18, 36, 48, 41]","k=39, n_components=3"
PCA + KNN,59.76%, 12/19,RH,"[18, 36, 48, 42]","k=39, n_components=3"
PCA + KNN,56.71%, 11/19,RH,"[18, 36, 48, 43]","k=39, n_components=3"
PCA + KNN,60.11%, 13/19,RH,"[18, 36, 48, 44]","k=39, n_components=3"
PCA + KNN,61.76%, 12/19,RH,"[18, 36, 48, 45]","k=39, n_components=3"
PCA + KNN,61.62%, 11/19,RH,"[18, 36, 48, 46]","k=39, n_components=3"
PCA + KNN,61.10%, 12/19,RH,"[18, 36, 48, 47]","k=39, n_components=3"
PCA + KNN,64.36%, 12/19,RH,"[18, 36, 48, 48]","k=39, n_components=3"
PCA + KNN,58.90%, 12/19,RH,"[18, 36, 48, 49]","k=39, n_components=3"
PCA + KNN,63.76%, 14/19,RH,"[18, 36, 48, 50]","k=39, n_components=3"
PCA + KNN,62.45%, 12/19,RH,"[18, 36, 48, 51]","k=39, n_components=3"
PCA + KNN,58.37%, 11/19,RH,"[18, 36, 48, 52]","k=39, n_components=3"
PCA + KNN,56.26%, 12/19,RH,"[18, 36, 48, 53]","k=39, n_components=3"
PCA + KNN,59.25%, 12/19,RH,"[18, 36, 48, 54]","k=39, n_components=3"
PCA + KNN,55.53%, 11/19,RH,"[18, 36, 48, 55]","k=39, n_components=3"
PCA + KNN,57.37%, 11/19,RH,"[18, 36, 48, 56]","k=39, n_components=3"
PCA + KNN,51.90%, 9/19,RH,"[18, 36, 48, 57]","k=39, n_components=3"
PCA + KNN,54.22%, 11/19,RH,"[18, 36, 48, 58]","k=39, n_components=3"
PCA + KNN,54.76%, 11/19,RH,"[18, 36, 48, 59]","k=39, n_components=3"
PCA + KNN,56.63%, 10/19,RH,"[18, 36, 48, 60]","k=39, n_components=3"
PCA + KNN,38.23%, 7/19,RH,[0],"k=39, n_components=3"
PCA + KNN,34.05%, 5/19,RH,[1],"k=39, n_components=3"
PCA + KNN,36.95%, 8/19,RH,[2],"k=39, n_components=3"
PCA + KNN,36.80%, 3/19,RH,[3],"k=39, n_components=3"
PCA + KNN,46.04%, 10/19,RH,[4],"k=39, n_components=3"
PCA + KNN,33.28%, 6/19,RH,[5],"k=39, n_components=3"
PCA + KNN,34.54%, 4/19,RH,[6],"k=39, n_components=3"
PCA + KNN,35.26%, 6/19,RH,[7],"k=39, n_components=3"
PCA + KNN,33.57%, 4/19,RH,[8],"k=39, n_components=3"
PCA + KNN,46.29%, 9/19,RH,[9],"k=39, n_components=3"
PCA + KNN,37.03%, 4/19,RH,[10],"k=39, n_components=3"
PCA + KNN,43.73%, 7/19,RH,[11],"k=39, n_components=3"
PCA + KNN,45.75%, 10/19,RH,[12],"k=39, n_components=3"
PCA + KNN,38.01%, 5/19,RH,[13],"k=39, n_components=3"
PCA + KNN,39.88%, 6/19,RH,[14],"k=39, n_components=3"
PCA + KNN,34.52%, 5/19,RH,[15],"k=39, n_components=3"
PCA + KNN,46.48%, 9/19,RH,[16],"k=39, n_components=3"
PCA + KNN,40.75%, 6/19,RH,[17],"k=39, n_components=3"
PCA + KNN,62.94%, 15/19,RH,[18],"k=39, n_components=3"
PCA + KNN,54.65%, 10/19,RH,[19],"k=39, n_components=3"
PCA + KNN,47.91%, 7/19,RH,[20],"k=39, n_components=3"
PCA + KNN,46.87%, 8/19,RH,[21],"k=39, n_components=3"
PCA + KNN,50.71%, 9/19,RH,[22],"k=39, n_components=3"
PCA + KNN,38.77%, 6/19,RH,[23],"k=39, n_components=3"
PCA + KNN,42.13%, 7/19,RH,[24],"k=39, n_components=3"
PCA + KNN,46.16%, 9/19,RH,[25],"k=39, n_components=3"
PCA + KNN,48.71%, 8/19,RH,[26],"k=39, n_components=3"
PCA + KNN,50.01%, 8/19,RH,[27],"k=39, n_components=3"
PCA + KNN,44.84%, 8/19,RH,[28],"k=39, n_components=3"
PCA + KNN,50.90%, 9/19,RH,[29],"k=39, n_components=3"
PCA + KNN,51.36%, 9/19,RH,[30],"k=39, n_components=3"
PCA + KNN,48.21%, 8/19,RH,[31],"k=39, n_components=3"
PCA + KNN,50.11%, 8/19,RH,[32],"k=39, n_components=3"
PCA + KNN,55.90%, 12/19,RH,[33],"k=39, n_components=3"
PCA + KNN,55.52%, 12/19,RH,[34],"k=39, n_components=3"
PCA + KNN,43.52%, 7/19,RH,[35],"k=39, n_components=3"
PCA + KNN,61.36%, 11/19,RH,[36],"k=39, n_components=3"
PCA + KNN,55.58%, 9/19,RH,[37],"k=39, n_components=3"
PCA + KNN,56.54%, 10/19,RH,[38],"k=39, n_components=3"
PCA + KNN,51.84%, 10/19,RH,[39],"k=39, n_components=3"
PCA + KNN,52.12%, 11/19,RH,[40],"k=39, n_components=3"
PCA + KNN,47.13%, 10/19,RH,[41],"k=39, n_components=3"
PCA + KNN,54.36%, 11/19,RH,[42],"k=39, n_components=3"
PCA + KNN,57.11%, 11/19,RH,[43],"k=39, n_components=3"
PCA + KNN,49.96%, 9/19,RH,[44],"k=39, n_components=3"
PCA + KNN,53.10%, 6/19,RH,[45],"k=39, n_components=3"
PCA + KNN,52.41%, 8/19,RH,[46],"k=39, n_components=3"
PCA + KNN,56.73%, 10/19,RH,[47],"k=39, n_components=3"
PCA + KNN,55.81%, 11/19,RH,[48],"k=39, n_components=3"
PCA + KNN,41.84%, 8/19,RH,[49],"k=39, n_components=3"
PCA + KNN,55.85%, 10/19,RH,[50],"k=39, n_components=3"
PCA + KNN,56.42%, 11/19,RH,[51],"k=39, n_components=3"
PCA + KNN,48.58%, 10/19,RH,[52],"k=39, n_components=3"
PCA + KNN,40.95%, 7/19,RH,[53],"k=39, n_components=3"
PCA + KNN,47.75%, 7/19,RH,[54],"k=39, n_components=3"
PCA + KNN,53.78%, 10/19,RH,[55],"k=39, n_components=3"
PCA + KNN,40.88%, 7/19,RH,[56],"k=39, n_components=3"
PCA + KNN,46.52%, 8/19,RH,[57],"k=39, n_components=3"
PCA + KNN,47.95%, 9/19,RH,[58],"k=39, n_components=3"
PCA + KNN,50.24%, 12/19,RH,[59],"k=39, n_components=3"
PCA + KNN,30.85%, 5/19,RH,[60],"k=39, n_components=3"
PCA + KNN,49.86%, 11/19,RH,"[18, 0]","k=39, n_components=3"
PCA + KNN,47.05%, 11/19,RH,"[18, 1]","k=39, n_components=3"
PCA + KNN,49.07%, 11/19,RH,"[18, 2]","k=39, n_components=3"
PCA + KNN,39.35%, 7/19,RH,"[18, 3]","k=39, n_components=3"
PCA + KNN,41.12%, 7/19,RH,"[18, 4]","k=39, n_components=3"
PCA + KNN,40.99%, 6/19,RH,"[18, 5]","k=39, n_components=3"
PCA + KNN,43.81%, 6/19,RH,"[18, 6]","k=39, n_components=3"
PCA + KNN,50.39%, 10/19,RH,"[18, 7]","k=39, n_components=3"
PCA + KNN,49.16%, 10/19,RH,"[18, 8]","k=39, n_components=3"
PCA + KNN,51.66%, 11/19,RH,"[18, 9]","k=39, n_components=3"
PCA + KNN,49.91%, 9/19,RH,"[18, 10]","k=39, n_components=3"
PCA + KNN,51.33%, 12/19,RH,"[18, 11]","k=39, n_components=3"
PCA + KNN,43.41%, 7/19,RH,"[18, 12]","k=39, n_components=3"
PCA + KNN,46.31%, 9/19,RH,"[18, 13]","k=39, n_components=3"
PCA + KNN,50.59%, 11/19,RH,"[18, 14]","k=39, n_components=3"
PCA + KNN,49.50%, 10/19,RH,"[18, 15]","k=39, n_components=3"
PCA + KNN,52.38%, 10/19,RH,"[18, 16]","k=39, n_components=3"
PCA + KNN,51.91%, 11/19,RH,"[18, 17]","k=39, n_components=3"
PCA + KNN,62.94%, 15/19,RH,"[18, 18]","k=39, n_components=3"
PCA + KNN,55.94%, 12/19,RH,"[18, 19]","k=39, n_components=3"
PCA + KNN,54.97%, 12/19,RH,"[18, 20]","k=39, n_components=3"
PCA + KNN,46.36%, 9/19,RH,"[18, 21]","k=39, n_components=3"
PCA + KNN,48.87%, 10/19,RH,"[18, 22]","k=39, n_components=3"
PCA + KNN,47.96%, 8/19,RH,"[18, 23]","k=39, n_components=3"
PCA + KNN,53.60%, 11/19,RH,"[18, 24]","k=39, n_components=3"
PCA + KNN,53.79%, 11/19,RH,"[18, 25]","k=39, n_components=3"
PCA + KNN,51.84%, 11/19,RH,"[18, 26]","k=39, n_components=3"
PCA + KNN,59.97%, 13/19,RH,"[18, 27]","k=39, n_components=3"
PCA + KNN,57.79%, 12/19,RH,"[18, 28]","k=39, n_components=3"
PCA + KNN,58.16%, 11/19,RH,"[18, 29]","k=39, n_components=3"
PCA + KNN,54.69%, 9/19,RH,"[18, 30]","k=39, n_components=3"
PCA + KNN,58.39%, 13/19,RH,"[18, 31]","k=39, n_components=3"
PCA + KNN,54.21%, 11/19,RH,"[18, 32]","k=39, n_components=3"
PCA + KNN,54.37%, 11/19,RH,"[18, 33]","k=39, n_components=3"
PCA + KNN,57.56%, 12/19,RH,"[18, 34]","k=39, n_components=3"
PCA + KNN,54.18%, 11/19,RH,"[18, 35]","k=39, n_components=3"
PCA + KNN,61.71%, 14/19,RH,"[18, 36]","k=39, n_components=3"
PCA + KNN,56.68%, 11/19,RH,"[18, 37]","k=39, n_components=3"
PCA + KNN,60.25%, 11/19,RH,"[18, 38]","k=39, n_components=3"
PCA + KNN,55.64%, 11/19,RH,"[18, 39]","k=39, n_components=3"
PCA + KNN,58.48%, 12/19,RH,"[18, 40]","k=39, n_components=3"
PCA + KNN,55.66%, 12/19,RH,"[18, 41]","k=39, n_components=3"
PCA + KNN,56.15%, 13/19,RH,"[18, 42]","k=39, n_components=3"
PCA + KNN,57.37%, 11/19,RH,"[18, 43]","k=39, n_components=3"
PCA + KNN,54.90%, 11/19,RH,"[18, 44]","k=39, n_components=3"
PCA + KNN,63.75%, 15/19,RH,"[18, 45]","k=39, n_components=3"
PCA + KNN,62.00%, 13/19,RH,"[18, 46]","k=39, n_components=3"
PCA + KNN,59.79%, 13/19,RH,"[18, 47]","k=39, n_components=3"
PCA + KNN,60.43%, 14/19,RH,"[18, 48]","k=39, n_components=3"
PCA + KNN,55.12%, 12/19,RH,"[18, 49]","k=39, n_components=3"
PCA + KNN,61.98%, 13/19,RH,"[18, 50]","k=39, n_components=3"
PCA + KNN,60.72%, 12/19,RH,"[18, 51]","k=39, n_components=3"
PCA + KNN,47.50%, 8/19,RH,"[18, 52]","k=39, n_components=3"
PCA + KNN,56.74%, 11/19,RH,"[18, 53]","k=39, n_components=3"
PCA + KNN,53.31%, 10/19,RH,"[18, 54]","k=39, n_components=3"
PCA + KNN,54.81%, 11/19,RH,"[18, 55]","k=39, n_components=3"
PCA + KNN,47.45%, 9/19,RH,"[18, 56]","k=39, n_components=3"
PCA + KNN,49.05%, 10/19,RH,"[18, 57]","k=39, n_components=3"
PCA + KNN,54.90%, 10/19,RH,"[18, 58]","k=39, n_components=3"
PCA + KNN,45.43%, 8/19,RH,"[18, 59]","k=39, n_components=3"
PCA + KNN,49.56%, 10/19,RH,"[18, 60]","k=39, n_components=3"
PCA + KNN,52.13%, 10/19,RH,"[18, 45]","k=1, n_components=3"
PCA + KNN,57.06%, 11/19,RH,"[18, 45]","k=6, n_components=3"
PCA + KNN,60.18%, 15/19,RH,"[18, 45]","k=11, n_components=3"
PCA + KNN,58.66%, 13/19,RH,"[18, 45]","k=16, n_components=3"
PCA + KNN,60.05%, 12/19,RH,"[18, 45]","k=21, n_components=3"
PCA + KNN,61.11%, 13/19,RH,"[18, 45]","k=26, n_components=3"
PCA + KNN,62.67%, 15/19,RH,"[18, 45]","k=31, n_components=3"
PCA + KNN,62.63%, 16/19,RH,"[18, 45]","k=36, n_components=3"
PCA + KNN,63.44%, 15/19,RH,"[18, 45]","k=41, n_components=3"
PCA + KNN,62.54%, 14/19,RH,"[18, 45]","k=46, n_components=3"
PCA + KNN,63.61%, 15/19,RH,"[18, 45]","k=51, n_components=3"
PCA + KNN,62.01%, 14/19,RH,"[18, 45]","k=56, n_components=3"
PCA + KNN,62.93%, 14/19,RH,"[18, 45]","k=61, n_components=3"
PCA + KNN,62.11%, 14/19,RH,"[18, 45]","k=66, n_components=3"
PCA + KNN,62.61%, 12/19,RH,"[18, 45]","k=71, n_components=3"
PCA + KNN,62.20%, 12/19,RH,"[18, 45]","k=76, n_components=3"
PCA + KNN,62.44%, 12/19,RH,"[18, 45]","k=81, n_components=3"
PCA + KNN,61.83%, 12/19,RH,"[18, 45]","k=86, n_components=3"
PCA + KNN,61.53%, 12/19,RH,"[18, 45]","k=91, n_components=3"
PCA + KNN,60.52%, 12/19,RH,"[18, 45]","k=96, n_components=3"
PCA + KNN,59.61%, 12/19,RH,"[18, 45]","k=101, n_components=3"
PCA + KNN,59.42%, 12/19,RH,"[18, 45]","k=106, n_components=3"
PCA + KNN,58.61%, 12/19,RH,"[18, 45]","k=111, n_components=3"
PCA + KNN,58.40%, 12/19,RH,"[18, 45]","k=116, n_components=3"
PCA + KNN,57.95%, 12/19,RH,"[18, 45]","k=121, n_components=3"
PCA + KNN,57.13%, 12/19,RH,"[18, 45]","k=126, n_components=3"
PCA + KNN,57.43%, 12/19,RH,"[18, 45]","k=131, n_components=3"
PCA + KNN,56.81%, 12/19,RH,"[18, 45]","k=136, n_components=3"
PCA + KNN,56.30%, 12/19,RH,"[18, 45]","k=141, n_components=3"
PCA + KNN,56.53%, 11/19,RH,"[18, 45]","k=146, n_components=3"
PCA + KNN,58.55%, 13/19,RH,"[18, 45, 0]","k=51, n_components=3"
PCA + KNN,56.61%, 13/19,RH,"[18, 45, 1]","k=51, n_components=3"
PCA + KNN,53.54%, 10/19,RH,"[18, 45, 2]","k=51, n_components=3"
PCA + KNN,48.65%, 10/19,RH,"[18, 45, 3]","k=51, n_components=3"
PCA + KNN,48.91%, 10/19,RH,"[18, 45, 4]","k=51, n_components=3"
PCA + KNN,52.52%, 11/19,RH,"[18, 45, 5]","k=51, n_components=3"
PCA + KNN,53.67%, 11/19,RH,"[18, 45, 6]","k=51, n_components=3"
PCA + KNN,53.45%, 10/19,RH,"[18, 45, 7]","k=51, n_components=3"
PCA + KNN,53.87%, 11/19,RH,"[18, 45, 8]","k=51, n_components=3"
PCA + KNN,51.63%, 10/19,RH,"[18, 45, 9]","k=51, n_components=3"
PCA + KNN,55.19%, 11/19,RH,"[18, 45, 10]","k=51, n_components=3"
PCA + KNN,54.22%, 9/19,RH,"[18, 45, 11]","k=51, n_components=3"
PCA + KNN,51.86%, 9/19,RH,"[18, 45, 12]","k=51, n_components=3"
PCA + KNN,53.82%, 12/19,RH,"[18, 45, 13]","k=51, n_components=3"
PCA + KNN,56.33%, 11/19,RH,"[18, 45, 14]","k=51, n_components=3"
PCA + KNN,55.77%, 11/19,RH,"[18, 45, 15]","k=51, n_components=3"
PCA + KNN,56.33%, 11/19,RH,"[18, 45, 16]","k=51, n_components=3"
PCA + KNN,54.26%, 10/19,RH,"[18, 45, 17]","k=51, n_components=3"
PCA + KNN,64.25%, 16/19,RH,"[18, 45, 18]","k=51, n_components=3"
PCA + KNN,58.84%, 12/19,RH,"[18, 45, 19]","k=51, n_components=3"
PCA + KNN,56.35%, 11/19,RH,"[18, 45, 20]","k=51, n_components=3"
PCA + KNN,52.85%, 10/19,RH,"[18, 45, 21]","k=51, n_components=3"
PCA + KNN,57.05%, 12/19,RH,"[18, 45, 22]","k=51, n_components=3"
PCA + KNN,55.41%, 13/19,RH,"[18, 45, 23]","k=51, n_components=3"
PCA + KNN,57.09%, 12/19,RH,"[18, 45, 24]","k=51, n_components=3"
PCA + KNN,55.45%, 12/19,RH,"[18, 45, 25]","k=51, n_components=3"
PCA + KNN,54.14%, 12/19,RH,"[18, 45, 26]","k=51, n_components=3"
PCA + KNN,58.69%, 13/19,RH,"[18, 45, 27]","k=51, n_components=3"
PCA + KNN,56.80%, 10/19,RH,"[18, 45, 28]","k=51, n_components=3"
PCA + KNN,58.70%, 11/19,RH,"[18, 45, 29]","k=51, n_components=3"
PCA + KNN,57.02%, 11/19,RH,"[18, 45, 30]","k=51, n_components=3"
PCA + KNN,58.97%, 10/19,RH,"[18, 45, 31]","k=51, n_components=3"
PCA + KNN,57.70%, 12/19,RH,"[18, 45, 32]","k=51, n_components=3"
PCA + KNN,56.78%, 10/19,RH,"[18, 45, 33]","k=51, n_components=3"
PCA + KNN,59.28%, 11/19,RH,"[18, 45, 34]","k=51, n_components=3"
PCA + KNN,55.72%, 11/19,RH,"[18, 45, 35]","k=51, n_components=3"
PCA + KNN,63.30%, 15/19,RH,"[18, 45, 36]","k=51, n_components=3"
PCA + KNN,58.26%, 12/19,RH,"[18, 45, 37]","k=51, n_components=3"
PCA + KNN,60.93%, 12/19,RH,"[18, 45, 38]","k=51, n_components=3"
PCA + KNN,57.53%, 12/19,RH,"[18, 45, 39]","k=51, n_components=3"
PCA + KNN,61.29%, 14/19,RH,"[18, 45, 40]","k=51, n_components=3"
PCA + KNN,59.39%, 14/19,RH,"[18, 45, 41]","k=51, n_components=3"
PCA + KNN,56.87%, 13/19,RH,"[18, 45, 42]","k=51, n_components=3"
PCA + KNN,59.10%, 12/19,RH,"[18, 45, 43]","k=51, n_components=3"
PCA + KNN,51.69%, 10/19,RH,"[18, 45, 44]","k=51, n_components=3"
PCA + KNN,60.99%, 14/19,RH,"[18, 45, 45]","k=51, n_components=3"
PCA + KNN,60.93%, 12/19,RH,"[18, 45, 46]","k=51, n_components=3"
PCA + KNN,59.83%, 10/19,RH,"[18, 45, 47]","k=51, n_components=3"
PCA + KNN,60.75%, 13/19,RH,"[18, 45, 48]","k=51, n_components=3"
PCA + KNN,58.00%, 11/19,RH,"[18, 45, 49]","k=51, n_components=3"
PCA + KNN,60.90%, 12/19,RH,"[18, 45, 50]","k=51, n_components=3"
PCA + KNN,61.17%, 11/19,RH,"[18, 45, 51]","k=51, n_components=3"
PCA + KNN,53.28%, 10/19,RH,"[18, 45, 52]","k=51, n_components=3"
PCA + KNN,58.59%, 12/19,RH,"[18, 45, 53]","k=51, n_components=3"
PCA + KNN,54.30%, 9/19,RH,"[18, 45, 54]","k=51, n_components=3"
PCA + KNN,55.41%, 13/19,RH,"[18, 45, 55]","k=51, n_components=3"
PCA + KNN,48.92%, 9/19,RH,"[18, 45, 56]","k=51, n_components=3"
PCA + KNN,49.21%, 10/19,RH,"[18, 45, 57]","k=51, n_components=3"
PCA + KNN,56.16%, 13/19,RH,"[18, 45, 58]","k=51, n_components=3"
PCA + KNN,49.42%, 9/19,RH,"[18, 45, 59]","k=51, n_components=3"
PCA + KNN,55.35%, 10/19,RH,"[18, 45, 60]","k=51, n_components=3"
PCA + KNN,60.61%, 13/19,RH,"[18, 18, 45, 0]","k=51, n_components=3"
PCA + KNN,59.74%, 14/19,RH,"[18, 18, 45, 1]","k=51, n_components=3"
PCA + KNN,56.05%, 11/19,RH,"[18, 18, 45, 2]","k=51, n_components=3"
PCA + KNN,50.77%, 10/19,RH,"[18, 18, 45, 3]","k=51, n_components=3"
PCA + KNN,49.15%, 11/19,RH,"[18, 18, 45, 4]","k=51, n_components=3"
PCA + KNN,53.60%, 10/19,RH,"[18, 18, 45, 5]","k=51, n_components=3"
PCA + KNN,53.87%, 12/19,RH,"[18, 18, 45, 6]","k=51, n_components=3"
PCA + KNN,56.45%, 13/19,RH,"[18, 18, 45, 7]","k=51, n_components=3"
PCA + KNN,55.54%, 12/19,RH,"[18, 18, 45, 8]","k=51, n_components=3"
PCA + KNN,58.17%, 11/19,RH,"[18, 18, 45, 9]","k=51, n_components=3"
PCA + KNN,59.10%, 14/19,RH,"[18, 18, 45, 10]","k=51, n_components=3"
PCA + KNN,57.42%, 11/19,RH,"[18, 18, 45, 11]","k=51, n_components=3"
PCA + KNN,53.24%, 10/19,RH,"[18, 18, 45, 12]","k=51, n_components=3"
PCA + KNN,55.50%, 12/19,RH,"[18, 18, 45, 13]","k=51, n_components=3"
PCA + KNN,55.67%, 13/19,RH,"[18, 18, 45, 14]","k=51, n_components=3"
PCA + KNN,55.54%, 11/19,RH,"[18, 18, 45, 15]","k=51, n_components=3"
PCA + KNN,57.27%, 12/19,RH,"[18, 18, 45, 16]","k=51, n_components=3"
PCA + KNN,57.06%, 12/19,RH,"[18, 18, 45, 17]","k=51, n_components=3"
PCA + KNN,65.04%, 16/19,RH,"[18, 18, 45, 18]","k=51, n_components=3"
PCA + KNN,60.83%, 14/19,RH,"[18, 18, 45, 19]","k=51, n_components=3"
PCA + KNN,58.18%, 11/19,RH,"[18, 18, 45, 20]","k=51, n_components=3"
PCA + KNN,54.68%, 11/19,RH,"[18, 18, 45, 21]","k=51, n_components=3"
PCA + KNN,56.11%, 12/19,RH,"[18, 18, 45, 22]","k=51, n_components=3"
PCA + KNN,55.62%, 12/19,RH,"[18, 18, 45, 23]","k=51, n_components=3"
PCA + KNN,57.00%, 12/19,RH,"[18, 18, 45, 24]","k=51, n_components=3"
PCA + KNN,55.89%, 12/19,RH,"[18, 18, 45, 25]","k=51, n_components=3"
PCA + KNN,56.22%, 12/19,RH,"[18, 18, 45, 26]","k=51, n_components=3"
PCA + KNN,61.77%, 14/19,RH,"[18, 18, 45, 27]","k=51, n_components=3"
PCA + KNN,62.06%, 13/19,RH,"[18, 18, 45, 28]","k=51, n_components=3"
PCA + KNN,60.72%, 12/19,RH,"[18, 18, 45, 29]","k=51, n_components=3"
PCA + KNN,59.38%, 13/19,RH,"[18, 18, 45, 30]","k=51, n_components=3"
PCA + KNN,59.91%, 11/19,RH,"[18, 18, 45, 31]","k=51, n_components=3"
PCA + KNN,57.34%, 11/19,RH,"[18, 18, 45, 32]","k=51, n_components=3"
PCA + KNN,58.14%, 12/19,RH,"[18, 18, 45, 33]","k=51, n_components=3"
PCA + KNN,59.65%, 12/19,RH,"[18, 18, 45, 34]","k=51, n_components=3"
PCA + KNN,58.19%, 12/19,RH,"[18, 18, 45, 35]","k=51, n_components=3"
PCA + KNN,63.45%, 15/19,RH,"[18, 18, 45, 36]","k=51, n_components=3"
PCA + KNN,60.03%, 14/19,RH,"[18, 18, 45, 37]","k=51, n_components=3"
PCA + KNN,60.80%, 12/19,RH,"[18, 18, 45, 38]","k=51, n_components=3"
PCA + KNN,59.14%, 12/19,RH,"[18, 18, 45, 39]","k=51, n_components=3"
PCA + KNN,61.84%, 15/19,RH,"[18, 18, 45, 40]","k=51, n_components=3"
PCA + KNN,60.30%, 13/19,RH,"[18, 18, 45, 41]","k=51, n_components=3"
PCA + KNN,60.41%, 13/19,RH,"[18, 18, 45, 42]","k=51, n_components=3"
PCA + KNN,58.07%, 11/19,RH,"[18, 18, 45, 43]","k=51, n_components=3"
PCA + KNN,57.70%, 12/19,RH,"[18, 18, 45, 44]","k=51, n_components=3"
PCA + KNN,63.61%, 15/19,RH,"[18, 18, 45, 45]","k=51, n_components=3"
PCA + KNN,62.05%, 13/19,RH,"[18, 18, 45, 46]","k=51, n_components=3"
PCA + KNN,62.36%, 14/19,RH,"[18, 18, 45, 47]","k=51, n_components=3"
PCA + KNN,61.17%, 14/19,RH,"[18, 18, 45, 48]","k=51, n_components=3"
PCA + KNN,61.13%, 14/19,RH,"[18, 18, 45, 49]","k=51, n_components=3"
PCA + KNN,62.66%, 13/19,RH,"[18, 18, 45, 50]","k=51, n_components=3"
PCA + KNN,62.20%, 14/19,RH,"[18, 18, 45, 51]","k=51, n_components=3"
PCA + KNN,56.33%, 12/19,RH,"[18, 18, 45, 52]","k=51, n_components=3"
PCA + KNN,59.09%, 12/19,RH,"[18, 18, 45, 53]","k=51, n_components=3"
PCA + KNN,56.11%, 11/19,RH,"[18, 18, 45, 54]","k=51, n_components=3"
PCA + KNN,57.30%, 12/19,RH,"[18, 18, 45, 55]","k=51, n_components=3"
PCA + KNN,55.45%, 11/19,RH,"[18, 18, 45, 56]","k=51, n_components=3"
PCA + KNN,51.29%, 11/19,RH,"[18, 18, 45, 57]","k=51, n_components=3"
PCA + KNN,56.82%, 13/19,RH,"[18, 18, 45, 58]","k=51, n_components=3"
PCA + KNN,54.76%, 12/19,RH,"[18, 18, 45, 59]","k=51, n_components=3"
PCA + KNN,57.38%, 13/19,RH,"[18, 18, 45, 60]","k=51, n_components=3"
PCA + KNN,61.66%, 14/19,RH,"[18, 18, 18, 45, 0]","k=51, n_components=3"
PCA + KNN,60.46%, 14/19,RH,"[18, 18, 18, 45, 1]","k=51, n_components=3"
PCA + KNN,59.06%, 12/19,RH,"[18, 18, 18, 45, 2]","k=51, n_components=3"
PCA + KNN,51.96%, 10/19,RH,"[18, 18, 18, 45, 3]","k=51, n_components=3"
PCA + KNN,50.64%, 10/19,RH,"[18, 18, 18, 45, 4]","k=51, n_components=3"
PCA + KNN,53.99%, 10/19,RH,"[18, 18, 18, 45, 5]","k=51, n_components=3"
PCA + KNN,54.74%, 12/19,RH,"[18, 18, 18, 45, 6]","k=51, n_components=3"
PCA + KNN,56.76%, 13/19,RH,"[18, 18, 18, 45, 7]","k=51, n_components=3"
PCA + KNN,56.95%, 13/19,RH,"[18, 18, 18, 45, 8]","k=51, n_components=3"
PCA + KNN,60.40%, 14/19,RH,"[18, 18, 18, 45, 9]","k=51, n_components=3"
PCA + KNN,60.02%, 14/19,RH,"[18, 18, 18, 45, 10]","k=51, n_components=3"
PCA + KNN,58.20%, 12/19,RH,"[18, 18, 18, 45, 11]","k=51, n_components=3"
PCA + KNN,54.94%, 12/19,RH,"[18, 18, 18, 45, 12]","k=51, n_components=3"
PCA + KNN,56.75%, 12/19,RH,"[18, 18, 18, 45, 13]","k=51, n_components=3"
PCA + KNN,56.42%, 12/19,RH,"[18, 18, 18, 45, 14]","k=51, n_components=3"
PCA + KNN,56.39%, 12/19,RH,"[18, 18, 18, 45, 15]","k=51, n_components=3"
PCA + KNN,58.50%, 14/19,RH,"[18, 18, 18, 45, 16]","k=51, n_components=3"
PCA + KNN,58.17%, 11/19,RH,"[18, 18, 18, 45, 17]","k=51, n_components=3"
PCA + KNN,64.70%, 16/19,RH,"[18, 18, 18, 45, 18]","k=51, n_components=3"
PCA + KNN,61.24%, 14/19,RH,"[18, 18, 18, 45, 19]","k=51, n_components=3"
PCA + KNN,59.47%, 12/19,RH,"[18, 18, 18, 45, 20]","k=51, n_components=3"
PCA + KNN,56.23%, 12/19,RH,"[18, 18, 18, 45, 21]","k=51, n_components=3"
PCA + KNN,55.70%, 11/19,RH,"[18, 18, 18, 45, 22]","k=51, n_components=3"
PCA + KNN,56.06%, 12/19,RH,"[18, 18, 18, 45, 23]","k=51, n_components=3"
PCA + KNN,55.76%, 12/19,RH,"[18, 18, 18, 45, 24]","k=51, n_components=3"
PCA + KNN,57.20%, 12/19,RH,"[18, 18, 18, 45, 25]","k=51, n_components=3"
PCA + KNN,57.42%, 12/19,RH,"[18, 18, 18, 45, 26]","k=51, n_components=3"
PCA + KNN,62.82%, 14/19,RH,"[18, 18, 18, 45, 27]","k=51, n_components=3"
PCA + KNN,61.84%, 15/19,RH,"[18, 18, 18, 45, 28]","k=51, n_components=3"
PCA + KNN,61.61%, 13/19,RH,"[18, 18, 18, 45, 29]","k=51, n_components=3"
PCA + KNN,59.59%, 14/19,RH,"[18, 18, 18, 45, 30]","k=51, n_components=3"
PCA + KNN,60.61%, 13/19,RH,"[18, 18, 18, 45, 31]","k=51, n_components=3"
PCA + KNN,59.52%, 14/19,RH,"[18, 18, 18, 45, 32]","k=51, n_components=3"
PCA + KNN,59.73%, 13/19,RH,"[18, 18, 18, 45, 33]","k=51, n_components=3"
PCA + KNN,60.43%, 14/19,RH,"[18, 18, 18, 45, 34]","k=51, n_components=3"
PCA + KNN,60.45%, 14/19,RH,"[18, 18, 18, 45, 35]","k=51, n_components=3"
PCA + KNN,63.17%, 14/19,RH,"[18, 18, 18, 45, 36]","k=51, n_components=3"
PCA + KNN,61.13%, 13/19,RH,"[18, 18, 18, 45, 37]","k=51, n_components=3"
PCA + KNN,61.33%, 13/19,RH,"[18, 18, 18, 45, 38]","k=51, n_components=3"
PCA + KNN,59.33%, 12/19,RH,"[18, 18, 18, 45, 39]","k=51, n_components=3"
PCA + KNN,61.91%, 14/19,RH,"[18, 18, 18, 45, 40]","k=51, n_components=3"
PCA + KNN,60.74%, 14/19,RH,"[18, 18, 18, 45, 41]","k=51, n_components=3"
PCA + KNN,61.19%, 14/19,RH,"[18, 18, 18, 45, 42]","k=51, n_components=3"
PCA + KNN,59.53%, 13/19,RH,"[18, 18, 18, 45, 43]","k=51, n_components=3"
PCA + KNN,60.33%, 13/19,RH,"[18, 18, 18, 45, 44]","k=51, n_components=3"
PCA + KNN,63.55%, 15/19,RH,"[18, 18, 18, 45, 45]","k=51, n_components=3"
PCA + KNN,62.53%, 15/19,RH,"[18, 18, 18, 45, 46]","k=51, n_components=3"
PCA + KNN,62.67%, 15/19,RH,"[18, 18, 18, 45, 47]","k=51, n_components=3"
PCA + KNN,62.34%, 13/19,RH,"[18, 18, 18, 45, 48]","k=51, n_components=3"
PCA + KNN,62.19%, 15/19,RH,"[18, 18, 18, 45, 49]","k=51, n_components=3"
PCA + KNN,62.53%, 13/19,RH,"[18, 18, 18, 45, 50]","k=51, n_components=3"
PCA + KNN,63.13%, 16/19,RH,"[18, 18, 18, 45, 51]","k=51, n_components=3"
PCA + KNN,56.42%, 13/19,RH,"[18, 18, 18, 45, 52]","k=51, n_components=3"
PCA + KNN,59.05%, 13/19,RH,"[18, 18, 18, 45, 53]","k=51, n_components=3"
PCA + KNN,55.61%, 13/19,RH,"[18, 18, 18, 45, 54]","k=51, n_components=3"
PCA + KNN,57.96%, 13/19,RH,"[18, 18, 18, 45, 55]","k=51, n_components=3"
PCA + KNN,60.11%, 13/19,RH,"[18, 18, 18, 45, 56]","k=51, n_components=3"
PCA + KNN,53.34%, 12/19,RH,"[18, 18, 18, 45, 57]","k=51, n_components=3"
PCA + KNN,56.58%, 12/19,RH,"[18, 18, 18, 45, 58]","k=51, n_components=3"
PCA + KNN,57.43%, 13/19,RH,"[18, 18, 18, 45, 59]","k=51, n_components=3"
PCA + KNN,59.94%, 13/19,RH,"[18, 18, 18, 45, 60]","k=51, n_components=3"
PCA + KNN,53.93%, 11/19,RH,"[18, 18, 18, 45]","k=1, n_components=3"
PCA + KNN,59.19%, 13/19,RH,"[18, 18, 18, 45]","k=6, n_components=3"
PCA + KNN,62.41%, 15/19,RH,"[18, 18, 18, 45]","k=11, n_components=3"
PCA + KNN,61.42%, 14/19,RH,"[18, 18, 18, 45]","k=16, n_components=3"
PCA + KNN,62.06%, 15/19,RH,"[18, 18, 18, 45]","k=21, n_components=3"
PCA + KNN,61.80%, 13/19,RH,"[18, 18, 18, 45]","k=26, n_components=3"
PCA + KNN,63.55%, 16/19,RH,"[18, 18, 18, 45]","k=31, n_components=3"
PCA + KNN,63.85%, 15/19,RH,"[18, 18, 18, 45]","k=36, n_components=3"
PCA + KNN,64.45%, 15/19,RH,"[18, 18, 18, 45]","k=41, n_components=3"
PCA + KNN,64.52%, 16/19,RH,"[18, 18, 18, 45]","k=46, n_components=3"
PCA + KNN,65.04%, 16/19,RH,"[18, 18, 18, 45]","k=51, n_components=3"
PCA + KNN,64.77%, 15/19,RH,"[18, 18, 18, 45]","k=56, n_components=3"
PCA + KNN,64.27%, 16/19,RH,"[18, 18, 18, 45]","k=61, n_components=3"
PCA + KNN,64.44%, 15/19,RH,"[18, 18, 18, 45]","k=66, n_components=3"
PCA + KNN,63.56%, 15/19,RH,"[18, 18, 18, 45]","k=71, n_components=3"
PCA + KNN,63.87%, 15/19,RH,"[18, 18, 18, 45]","k=76, n_components=3"
PCA + KNN,62.52%, 14/19,RH,"[18, 18, 18, 45]","k=81, n_components=3"
PCA + KNN,62.45%, 14/19,RH,"[18, 18, 18, 45]","k=86, n_components=3"
PCA + KNN,61.42%, 13/19,RH,"[18, 18, 18, 45]","k=91, n_components=3"
PCA + KNN,60.37%, 12/19,RH,"[18, 18, 18, 45]","k=96, n_components=3"
PCA + KNN,59.35%, 11/19,RH,"[18, 18, 18, 45]","k=101, n_components=3"
PCA + KNN,58.96%, 12/19,RH,"[18, 18, 18, 45]","k=106, n_components=3"
PCA + KNN,58.77%, 11/19,RH,"[18, 18, 18, 45]","k=111, n_components=3"
PCA + KNN,58.19%, 11/19,RH,"[18, 18, 18, 45]","k=116, n_components=3"
PCA + KNN,57.01%, 11/19,RH,"[18, 18, 18, 45]","k=121, n_components=3"
PCA + KNN,56.10%, 11/19,RH,"[18, 18, 18, 45]","k=126, n_components=3"
PCA + KNN,55.99%, 11/19,RH,"[18, 18, 18, 45]","k=131, n_components=3"
PCA + KNN,55.35%, 11/19,RH,"[18, 18, 18, 45]","k=136, n_components=3"
PCA + KNN,55.46%, 11/19,RH,"[18, 18, 18, 45]","k=141, n_components=3"
PCA + KNN,55.00%, 12/19,RH,"[18, 18, 18, 45]","k=146, n_components=3"
PCA + KNN,64.47%, 15/19,RH,"[18, 18, 18, 45]","k=40, n_components=3"
PCA + KNN,64.45%, 15/19,RH,"[18, 18, 18, 45]","k=41, n_components=3"
PCA + KNN,64.28%, 16/19,RH,"[18, 18, 18, 45]","k=42, n_components=3"
PCA + KNN,64.40%, 16/19,RH,"[18, 18, 18, 45]","k=43, n_components=3"
PCA + KNN,64.28%, 16/19,RH,"[18, 18, 18, 45]","k=44, n_components=3"
PCA + KNN,64.14%, 16/19,RH,"[18, 18, 18, 45]","k=45, n_components=3"
PCA + KNN,64.52%, 16/19,RH,"[18, 18, 18, 45]","k=46, n_components=3"
PCA + KNN,64.77%, 16/19,RH,"[18, 18, 18, 45]","k=47, n_components=3"
PCA + KNN,65.11%, 16/19,RH,"[18, 18, 18, 45]","k=48, n_components=3"
PCA + KNN,64.48%, 16/19,RH,"[18, 18, 18, 45]","k=49, n_components=3"
PCA + KNN,64.43%, 16/19,RH,"[18, 18, 18, 45]","k=50, n_components=3"
PCA + KNN,65.04%, 16/19,RH,"[18, 18, 18, 45]","k=51, n_components=3"
PCA + KNN,65.00%, 16/19,RH,"[18, 18, 18, 45]","k=52, n_components=3"
PCA + KNN,64.56%, 16/19,RH,"[18, 18, 18, 45]","k=53, n_components=3"
PCA + KNN,64.88%, 16/19,RH,"[18, 18, 18, 45]","k=54, n_components=3"
PCA + KNN,64.89%, 16/19,RH,"[18, 18, 18, 45]","k=55, n_components=3"
PCA + KNN,64.77%, 15/19,RH,"[18, 18, 18, 45]","k=56, n_components=3"
PCA + KNN,64.63%, 16/19,RH,"[18, 18, 18, 45]","k=57, n_components=3"
PCA + KNN,64.54%, 16/19,RH,"[18, 18, 18, 45]","k=58, n_components=3"
PCA + KNN,64.68%, 16/19,RH,"[18, 18, 18, 45]","k=59, n_components=3"
,,,,,
,,,,,
,,,,,
,,,,,
,,,,,
,,,,,
,,,,,
,,,,,
,,,,,
,,,,,
,,,,,
,,,,,
,,,,,
,,,,,
,,,,,
,,,,,
,,,,,
,,,,,
,,,,,
,,,,,
,,,,,
,,,,,
,,,,,
,,,,,
,,,,,
,,,,,
,,,,,
,,,,,
,,,,,
,,,,,
,,,,,
,,,,,
,,,,,
,,,,,
,,,,,
,,,,,
,,,,,
,,,,,
,,,,,
,,,,,
,,,,,
,,,,,
,,,,,
,,,,,
,,,,,
,,,,,
,,,,,
,,,,,
,,,,,
,,,,,
,,,,,
,,,,,
,,,,,
,,,,,
,,,,,
,,,,,
,,,,,
,,,,,
,,,,,
,,,,,
,,,,,
,,,,,
,,,,,
,,,,,
,,,,,
,,,,,
,,,,,
,,,,,
,,,,,
,,,,,
,,,,,
,,,,,
,,,,,
,,,,,
,,,,,
,,,,,
,,,,,
,,,,,
,,,,,
,,,,,
,,,,,
,,,,,
,,,,,
,,,,,
,,,,,
,,,,,
,,,,,
,,,,,
,,,,,
,,,,,
,,,,,
,,,,,
,,,,,
,,,,,
,,,,,
,,,,,
,,,,,
,,,,,
,,,,,
,,,,,
,,,,,
,,,,,
,,,,,
,,,,,
,,,,,
,,,,,
,,,,,
,,,,,
,,,,,
,,,,,
,,,,,
,,,,,
,,,,,
,,,,,
,,,,,
,,,,,
,,,,,
,,,,,
,,,,,
,,,,,
,,,,,
,,,,,
,,,,,
,,,,,
,,,,,
,,,,,
,,,,,
,,,,,
,,,,,
,,,,,
,,,,,
,,,,,
,,,,,
,,,,,
,,,,,
,,,,,
,,,,,
,,,,,
,,,,,
,,,,,
,,,,,
,,,,,
,,,,,
,,,,,
,,,,,
,,,,,
,,,,,
,,,,,
,,,,,
,,,,,
,,,,,
,,,,,
,,,,,
,,,,,
,,,,,
,,,,,
,,,,,
,,,,,
,,,,,
,,,,,
,,,,,
,,,,,
,,,,,
,,,,,
,,,,,
,,,,,
,,,,,
,,,,,
,,,,,
,,,,,
,,,,,
,,,,,
,,,,,
,,,,,
,,,,,
,,,,,
,,,,,
,,,,,
,,,,,
,,,,,
,,,,,
,,,,,
,,,,,
,,,,,
,,,,,
,,,,,
,,,,,
,,,,,
,,,,,
,,,,,
,,,,,
,,,,,
,,,,,
,,,,,
,,,,,
,,,,,
,,,,,
,,,,,
,,,,,
,,,,,
,,,,,
,,,,,
,,,,,
,,,,,
,,,,,
,,,,,
,,,,,
,,,,,
,,,,,
,,,,,
,,,,,
,,,,,
,,,,,
,,,,,
,,,,,
,,,,,
,,,,,
,,,,,
,,,,,
,,,,,
,,,,,
,,,,,
,,,,,
,,,,,
,,,,,
,,,,,
,,,,,
,,,,,
,,,,,
,,,,,
,,,,,
,,,,,
,,,,,
,,,,,
,,,,,
,,,,,
,,,,,
,,,,,
,,,,,
,,,,,
,,,,,
,,,,,
,,,,,
,,,,,
,,,,,
,,,,,
,,,,,
,,,,,
,,,,,
,,,,,
,,,,,
,,,,,
,,,,,
,,,,,
,,,,,
,,,,,
,,,,,
,,,,,
,,,,,
,,,,,
,,,,,
,,,,,
,,,,,
,,,,,
,,,,,
,,,,,
,,,,,
,,,,,
,,,,,
,,,,,
,,,,,
,,,,,
,,,,,
,,,,,
,,,,,
,,,,,
,,,,,
,,,,,
,,,,,
,,,,,
,,,,,
,,,,,
,,,,,
,,,,,
